Event_1,Event_2,Event_3,Event_4,Event_5,Event_6,Event_7,Event_8,Event_9,Event_10,Event_11,Event_12,Event_13,Event_14,Event_15,Event_16,Event_17,Event_18,Event_19,Event_20,Event_21,Event_22,Event_23,Event_24,Event_25,Event_26,Event_27,Event_28,Event_29,Event_30,Event_31,Event_32,Event_33,Event_34,Event_35,Event_36,Event_37,Event_38,Event_39,Event_40,Event_41,Event_42,Event_43,Event_44,Event_45,Event_46,Event_47,Event_48,Event_49,Event_50,Event_51,Event_52,Event_53,Event_54,Event_55,Event_56,Event_57,Event_58,Event_59,Event_60,Event_61,Event_62,Event_63,Event_64,Event_65,Event_66,Event_67,Event_68,Event_69,Event_70,Event_71,Event_72,Event_73,Event_74,Event_75,Event_76,Event_77,Event_78,Event_79,Event_80,Event_81,Event_82,Event_83,Event_84,Event_85,Event_86,Event_87,Event_88,Event_89,Event_90,Event_91,Event_92,Event_93,Event_94,Event_95,Event_96,Event_97,Event_98,Event_99,Event_100
9,2,3,0,0,0,3,2,0,0,1,1,1,1,2,2,1,0,4,2,1,2,1,1,6,0,0,1,2,1,0,1,2,0,4,1,2,0,1,3,0,4,2,0,0,1,2,2,0,1,5,4,0,1,2,1,0,0,2,2,3,1,0,2,2,0,2,2,2,2,2,0,2,1,1,3,1,2,3,1,3,3,2,0,2,0,1,0,3,1,2,3,1,2,4,1,1,0,1,4
9,1,5,2,0,3,0,2,4,1,5,5,1,1,2,1,0,2,2,1,0,2,3,1,1,0,4,0,1,2,4,1,1,0,0,0,3,2,1,2,2,2,0,1,3,2,4,0,0,0,0,1,2,2,5,0,4,3,3,3,2,1,3,2,1,3,1,2,1,0,2,0,1,2,0,2,4,0,2,1,1,1,0,0,4,2,1,1,3,3,2,2,3,1,0,1,1,4,2,5
1,0,2,0,3,2,3,1,8,1,2,2,0,3,4,0,0,3,0,0,1,1,2,2,2,2,2,1,1,0,0,0,0,1,2,1,0,0,0,1,0,0,1,1,1,2,2,2,0,0,1,2,1,1,3,2,1,0,1,1,4,0,3,0,1,2,2,0,0,1,0,1,1,1,1,4,0,3,1,0,1,1,0,1,1,2,1,0,3,3,1,3,2,0,3,1,0,0,3,3
2,0,1,2,1,1,2,2,0,4,0,1,1,3,1,1,2,1,3,1,0,2,2,2,0,5,0,2,4,2,4,0,2,1,2,2,1,0,0,1,2,1,1,1,1,3,1,1,0,0,2,2,1,1,0,3,2,0,2,0,1,0,0,1,1,0,1,3,0,2,0,0,0,0,2,2,2,2,1,2,4,0,1,1,0,3,1,1,1,3,0,0,4,0,2,1,0,1,1,1
2,1,2,2,2,0,1,0,2,1,0,3,1,2,1,0,1,2,4,2,1,2,2,2,1,6,1,1,0,0,2,0,1,2,2,0,1,5,2,4,2,0,1,1,0,0,2,1,2,3,1,2,2,1,0,0,2,4,2,0,1,1,2,2,5,0,1,1,1,0,1,2,2,2,6,3,0,2,1,2,3,1,2,3,3,2,2,1,0,1,1,4,1,0,1,3,2,0,2,0
6,0,2,1,2,2,3,0,0,2,2,5,0,0,3,0,0,2,1,1,2,0,0,1,1,3,1,2,2,1,1,0,1,0,1,3,0,0,2,1,4,2,3,3,0,1,1,2,3,1,3,1,0,1,3,1,1,2,4,1,1,3,2,2,2,2,1,0,2,1,1,2,0,0,1,2,2,0,0,3,3,0,1,2,0,2,1,0,2,4,2,0,1,0,2,3,4,3,3,2
0,0,0,2,4,3,4,1,1,1,2,1,1,0,3,2,1,1,2,5,0,0,2,1,2,1,1,2,2,1,0,1,2,1,3,0,5,0,2,2,1,3,2,0,2,0,0,2,1,3,2,3,0,2,0,0,1,1,1,1,1,3,1,4,1,2,1,1,2,3,1,4,1,1,3,1,1,2,1,3,2,1,4,2,1,3,1,4,0,1,0,1,0,0,3,1,1,1,2,0
0,4,2,1,2,0,0,1,1,4,2,0,2,1,3,1,0,1,0,1,0,2,2,2,0,1,2,1,5,2,1,3,3,1,3,0,1,0,0,3,2,0,0,0,2,0,0,2,2,0,3,0,3,3,1,2,1,3,0,0,2,4,3,2,3,0,0,2,3,2,3,1,1,1,1,2,3,2,0,1,1,2,0,3,3,1,1,1,1,2,0,2,3,2,0,2,2,0,1,0
3,0,0,5,2,2,2,1,0,0,2,2,3,2,0,0,2,2,1,3,0,1,2,1,2,1,0,1,1,2,4,1,2,1,3,1,0,1,3,2,2,1,0,4,2,2,0,1,1,2,0,3,3,0,3,0,2,2,1,4,2,2,2,1,0,0,2,2,4,3,2,0,2,1,1,4,2,1,2,2,1,1,3,4,1,1,0,1,2,2,0,0,1,5,3,1,2,1,1,2
0,0,3,1,2,2,0,2,1,1,1,1,0,5,0,1,0,4,2,0,5,1,2,3,2,1,1,4,1,1,1,0,2,1,1,0,1,0,0,0,0,2,1,2,1,1,4,1,1,3,3,1,1,2,1,1,2,0,3,1,0,5,1,1,0,1,2,0,1,4,1,2,4,1,1,2,0,1,2,0,2,0,1,2,0,3,1,2,0,0,1,0,2,1,3,4,1,1,3,1
0,1,1,0,1,2,1,2,3,2,1,2,5,1,1,2,2,2,1,2,4,4,0,4,2,2,3,0,1,2,1,3,0,3,5,0,1,1,0,1,2,2,0,3,0,1,1,4,1,3,1,2,2,1,4,0,1,1,0,1,2,1,1,0,1,1,1,1,2,3,1,2,2,0,6,0,2,2,1,0,1,0,4,3,2,0,2,2,0,2,0,0,1,1,1,0,0,1,1,1
0,1,3,2,2,0,2,1,2,1,0,1,2,4,1,1,2,0,6,1,0,0,3,2,1,2,3,0,0,2,2,2,1,2,0,0,1,0,4,1,5,2,2,7,2,2,2,0,0,2,1,2,0,1,2,1,2,2,4,1,1,1,0,1,1,0,0,0,3,2,1,4,2,0,1,2,0,0,2,3,2,2,1,0,1,1,0,1,1,1,2,3,1,2,4,2,0,2,3,1
4,0,1,1,2,4,4,1,1,6,1,2,0,1,3,4,3,2,0,1,1,3,4,1,1,1,1,2,2,2,3,1,2,1,2,1,1,2,1,1,0,1,1,2,0,2,3,0,2,2,1,2,0,3,3,0,1,2,1,2,0,1,3,2,3,1,0,2,1,1,0,2,1,6,3,0,2,1,2,3,2,2,2,0,1,0,2,2,1,0,0,0,4,1,1,1,3,3,3,1
1,8,1,5,1,1,1,0,0,0,3,0,0,0,1,1,0,2,0,1,0,3,2,1,1,3,1,1,1,2,1,0,1,2,1,0,5,2,0,3,3,0,2,1,1,2,2,0,1,0,1,3,0,2,3,4,1,3,0,5,3,2,0,1,0,2,0,0,2,2,1,2,1,1,1,4,0,2,0,1,1,1,1,5,1,1,0,3,2,0,1,0,2,1,1,3,3,4,2,1
3,9,3,0,5,0,2,2,3,1,2,2,1,0,5,2,0,1,3,0,0,1,4,2,1,2,4,0,1,4,1,0,1,1,0,0,4,2,1,1,1,0,1,2,0,1,2,2,1,1,1,1,1,3,2,4,2,2,2,2,0,1,2,1,1,1,1,1,0,2,2,2,0,3,1,0,1,1,4,1,0,2,1,1,1,1,1,3,1,0,0,1,3,0,0,2,0,0,1,0
36,0,1,1,0,2,1,1,3,0,0,3,1,3,2,4,2,4,1,1,3,2,0,0,1,2,1,3,3,0,0,2,4,1,0,1,1,2,1,2,0,2,4,3,0,2,2,1,0,2,2,0,1,3,2,0,0,2,1,1,3,2,0,0,2,0,3,1,1,3,1,0,4,1,3,1,3,1,0,1,2,1,0,1,1,2,3,5,3,2,3,2,2,1,1,1,4,3,1,1
3,0,3,1,1,1,1,0,3,1,0,2,1,2,1,2,0,2,1,2,3,1,2,1,3,1,1,1,1,0,1,1,1,1,3,0,1,2,0,2,1,3,1,4,0,2,1,1,6,2,1,2,5,1,3,1,1,0,3,3,2,1,1,2,0,0,2,2,2,0,0,1,2,0,1,1,3,0,0,1,2,1,4,2,0,1,3,2,1,0,0,3,3,0,2,0,4,0,1,2
3,0,0,1,0,3,3,1,2,0,1,3,3,0,0,1,2,0,1,2,0,0,0,2,2,2,1,4,2,2,1,1,2,2,1,2,2,0,1,0,3,1,2,2,0,4,2,1,0,1,1,0,3,2,0,2,1,0,2,4,3,2,2,1,1,3,2,1,2,2,0,2,0,1,3,4,3,1,2,0,3,1,1,0,0,1,1,1,1,1,0,3,1,0,0,0,2,3,0,0
0,7,0,1,4,1,0,0,2,1,0,1,0,3,1,0,0,3,1,1,2,2,1,1,2,2,2,1,2,2,2,0,4,2,1,2,2,0,1,2,1,3,1,1,2,0,1,1,2,1,2,2,0,4,3,0,1,1,2,1,0,0,1,1,1,4,0,3,4,1,1,1,0,3,2,1,3,4,0,3,1,2,1,1,3,2,2,0,1,1,2,3,3,2,0,2,0,2,3,1
5,0,3,1,0,3,0,2,2,4,3,2,2,3,2,2,0,2,1,2,2,2,2,2,2,1,2,4,0,0,1,0,3,0,0,3,1,2,0,0,2,0,0,2,2,2,3,2,3,2,1,3,1,1,0,1,1,3,0,1,1,1,1,1,0,1,2,2,0,1,6,1,1,1,1,1,3,1,1,0,3,0,0,2,1,3,1,0,5,1,2,2,0,0,1,3,1,2,0,2
0,9,0,1,0,1,1,0,1,1,1,2,1,3,1,0,2,3,2,1,1,2,2,2,2,2,6,0,2,2,0,2,1,1,4,3,1,0,0,0,2,2,5,1,0,1,2,1,3,2,1,3,0,0,1,4,2,0,1,1,2,3,3,3,1,1,1,0,2,1,3,2,1,1,2,0,3,1,0,0,1,0,2,1,0,0,1,0,2,1,2,1,0,1,6,2,1,2,3,1
3,5,3,0,2,0,3,2,4,1,3,0,2,1,1,0,1,0,0,2,0,0,3,2,1,4,2,3,2,1,2,3,2,1,2,2,1,1,0,1,0,2,2,2,0,2,2,3,3,3,2,2,0,2,2,2,0,0,2,1,2,2,4,0,1,0,0,0,1,2,0,1,3,1,3,3,2,1,1,1,1,0,2,1,3,2,2,0,2,1,3,2,0,4,2,3,0,1,2,2
11,0,1,1,1,2,3,3,1,1,1,3,3,2,1,0,1,1,1,2,3,3,1,2,1,2,0,1,0,1,1,1,0,2,1,3,0,1,4,1,0,1,1,2,2,3,3,2,1,3,1,1,1,1,1,0,3,3,3,2,1,1,1,2,0,0,2,0,4,0,0,1,1,4,1,1,2,1,5,3,4,2,1,1,2,1,2,2,1,1,1,3,1,2,3,1,0,3,2,1
0,0,2,0,0,0,2,0,2,1,1,3,1,1,0,4,0,4,1,2,1,1,1,1,1,1,0,3,1,0,3,1,2,1,2,1,2,4,0,1,0,0,2,0,1,0,0,3,3,1,3,1,5,1,3,1,2,1,2,0,2,1,1,2,1,2,0,0,2,1,1,4,2,1,1,1,2,1,3,0,0,4,2,2,1,3,3,2,0,0,0,1,0,2,0,4,0,0,0,2
2,0,0,2,1,2,1,2,3,0,3,3,2,1,1,3,2,1,2,0,0,3,1,2,1,1,1,4,0,1,3,0,1,1,0,3,0,2,0,2,1,3,3,2,3,2,1,0,2,0,1,0,0,4,2,0,3,0,1,2,2,1,4,1,2,3,0,2,1,1,1,1,2,2,1,2,3,2,2,3,1,1,2,0,2,0,1,0,1,1,2,1,2,1,2,1,1,1,2,2
1,4,0,1,0,4,1,2,1,0,0,4,0,1,2,0,0,3,1,0,2,2,3,0,0,0,2,1,1,1,1,1,0,0,1,3,0,0,1,0,0,1,2,0,0,5,1,0,0,3,0,2,1,1,1,2,1,0,2,1,1,3,2,2,4,3,0,2,1,1,1,3,0,1,4,1,2,2,1,1,4,2,2,2,3,2,1,2,1,2,2,2,2,2,1,0,2,0,0,2
4,6,1,0,0,1,1,3,2,1,1,4,2,1,1,1,0,3,2,0,5,0,1,3,1,2,2,1,3,1,2,2,2,0,1,4,0,1,0,2,4,3,0,1,0,1,3,0,3,2,2,1,2,1,1,6,2,1,2,0,0,2,2,1,0,1,1,0,1,0,1,0,5,4,3,1,1,0,1,3,2,0,1,3,2,1,2,1,2,2,0,2,1,1,2,1,1,0,1,2
2,8,1,3,2,0,0,2,3,0,2,2,2,0,2,2,0,0,1,1,1,1,2,3,1,3,2,3,2,4,2,1,1,0,1,1,3,1,0,2,0,0,2,2,1,1,0,1,1,1,4,2,2,1,5,1,3,1,2,2,0,1,3,2,2,2,0,4,0,2,1,0,0,2,2,0,0,2,2,1,2,1,3,1,1,6,1,1,2,0,1,0,0,1,3,2,0,2,1,3
5,2,2,1,0,3,3,2,2,0,0,1,1,1,1,2,1,2,0,2,1,1,3,1,2,0,1,1,1,2,1,2,2,2,1,1,0,1,0,1,2,1,0,1,2,2,0,2,2,1,0,1,2,2,3,2,1,0,2,0,2,4,2,0,2,1,1,2,3,0,4,1,0,0,2,0,4,1,0,3,1,1,1,1,2,0,2,4,0,2,1,2,1,2,2,0,3,0,3,2
7,4,1,5,0,1,1,0,1,1,1,2,2,1,1,2,0,0,2,1,1,1,0,0,2,0,0,1,3,0,3,3,2,1,1,2,1,3,1,1,1,3,2,0,3,2,2,3,2,1,3,3,1,3,2,2,2,2,4,1,1,1,2,0,1,0,4,2,4,2,1,1,3,3,1,0,2,3,2,0,0,2,0,1,1,0,1,1,2,2,0,3,0,1,2,3,0,1,1,1
1,15,1,1,1,3,0,2,1,1,3,2,0,0,0,1,1,3,1,1,2,2,1,3,0,2,3,3,2,2,3,1,0,1,1,1,3,0,2,1,2,0,0,2,0,2,1,2,2,1,2,0,0,1,2,1,0,1,1,1,0,0,1,1,0,1,0,1,2,1,2,4,1,1,2,2,1,1,2,2,2,0,1,2,3,1,2,0,1,3,0,2,1,3,0,2,1,0,1,2
10,0,2,1,0,0,1,3,1,0,0,2,0,1,4,2,0,2,2,4,1,1,0,1,0,4,1,0,2,2,0,3,1,0,2,0,2,1,1,0,1,2,1,4,0,3,3,1,2,1,0,0,1,1,0,2,1,0,0,0,4,2,3,1,2,3,3,0,0,3,0,2,2,2,3,1,3,0,0,3,0,1,1,1,3,1,2,0,2,1,0,1,2,1,1,1,2,2,0,1
2,0,1,1,2,1,2,1,1,3,1,0,3,1,1,2,1,2,2,0,1,1,0,0,2,0,2,0,0,0,0,1,1,3,1,4,1,0,1,1,2,2,1,3,1,0,1,2,1,1,0,0,0,0,1,1,1,0,1,4,2,0,2,0,1,1,1,2,3,2,0,1,0,1,2,2,0,0,1,0,0,2,0,0,2,2,3,1,2,1,2,1,3,1,1,4,0,2,2,1
3,2,4,2,4,0,1,3,3,1,0,1,2,2,2,1,1,3,3,2,3,2,2,1,0,1,2,3,2,1,1,0,0,3,1,2,2,1,1,2,2,1,2,1,0,0,0,4,3,3,0,2,2,2,3,2,1,1,0,1,1,1,0,0,2,3,1,2,1,2,1,2,1,1,2,2,2,1,1,0,2,3,1,1,0,0,0,0,0,2,2,2,1,1,1,1,0,2,1,0
15,0,0,1,0,1,1,2,1,1,0,2,1,2,2,0,3,0,2,1,1,5,2,2,1,0,1,1,2,2,0,3,1,0,3,2,0,0,3,0,4,2,1,0,0,0,1,2,0,2,4,1,1,1,4,3,2,3,4,3,2,1,1,0,1,1,2,2,0,1,2,0,1,1,0,2,2,1,1,5,4,2,0,1,1,2,0,0,3,1,1,0,1,2,0,1,2,1,2,0
3,0,2,3,2,3,3,3,2,1,0,0,1,0,2,3,2,2,1,0,1,2,3,1,1,1,1,2,0,3,2,2,1,2,3,1,3,0,3,3,2,1,1,2,1,3,4,3,1,1,1,1,1,1,1,1,4,0,3,1,2,2,1,1,3,1,1,1,0,0,1,2,1,2,1,0,1,3,2,1,2,0,1,0,1,1,2,0,2,0,2,1,1,1,1,0,1,2,0,1
4,0,1,1,0,0,0,2,0,3,3,1,1,2,2,3,3,2,3,0,1,0,1,1,2,0,2,1,2,0,0,0,1,1,2,1,1,3,2,1,1,2,0,2,1,2,2,1,2,0,2,0,1,2,4,1,0,0,2,3,1,0,1,0,2,1,1,2,1,3,2,1,3,0,2,2,0,0,2,3,2,2,0,1,1,0,1,0,2,2,2,0,2,1,0,1,0,4,3,5
0,2,0,2,2,0,2,2,0,2,0,3,2,1,3,2,1,1,1,1,3,2,2,2,0,1,0,2,2,3,0,3,1,0,1,1,0,1,4,1,1,2,1,0,1,0,1,1,2,1,1,2,2,2,2,0,2,1,2,3,1,2,0,0,4,1,1,0,3,2,2,1,2,0,2,2,2,2,2,2,0,1,1,3,1,5,3,3,2,1,3,2,0,3,1,1,2,1,0,3
1,0,3,3,1,2,0,1,1,1,1,0,4,3,3,5,3,3,2,1,1,2,0,2,4,2,3,0,0,2,3,2,0,1,1,2,1,1,2,2,1,0,1,2,2,1,0,3,4,0,2,6,1,3,1,0,1,2,1,2,1,3,2,2,3,0,2,2,2,5,2,0,2,4,0,1,3,1,0,1,1,2,0,1,1,2,4,2,0,2,1,1,0,1,1,1,2,1,1,3
1,1,2,1,4,1,1,1,0,1,0,1,1,3,2,0,1,2,2,6,1,2,4,0,0,1,3,0,0,1,0,1,2,2,2,2,0,1,0,2,2,2,1,3,2,2,3,2,0,1,1,1,0,0,0,2,5,2,1,2,1,3,0,0,0,1,2,0,1,0,0,2,1,2,2,1,1,1,1,0,3,0,2,1,5,1,2,1,1,1,1,1,0,1,1,2,0,2,2,1
4,0,1,3,3,1,2,0,3,1,2,0,1,1,2,1,1,3,2,1,3,2,0,0,1,1,1,1,1,1,3,1,2,0,0,0,3,2,1,0,0,2,2,0,2,2,1,1,2,3,3,2,2,2,2,4,0,1,1,0,1,3,2,0,3,3,1,4,1,3,2,3,1,1,0,1,4,1,2,2,1,3,1,0,5,1,1,1,1,1,0,2,2,1,3,1,0,3,3,0
0,0,1,2,1,0,0,2,3,0,0,1,3,0,5,1,1,3,1,0,1,1,1,2,1,0,2,1,2,2,1,1,0,2,1,4,1,3,1,2,2,4,1,0,3,6,1,0,1,1,0,1,1,4,4,2,0,1,1,2,0,5,2,2,1,1,0,3,4,2,1,3,1,2,1,0,0,3,2,0,3,1,1,1,1,2,0,0,1,1,1,1,3,2,2,0,0,2,0,2
2,0,3,3,1,2,1,3,2,1,2,0,1,0,0,2,3,2,2,0,1,0,1,3,1,0,1,0,0,1,0,2,0,4,1,3,0,3,1,2,3,2,0,1,2,2,1,0,2,3,5,1,1,1,1,4,1,3,0,1,1,1,1,3,0,3,2,1,3,1,2,1,0,1,1,0,1,1,3,1,1,1,1,1,3,3,1,2,2,5,2,2,2,2,4,1,1,0,6,0
0,0,3,1,1,0,1,1,1,2,3,0,2,2,2,1,1,0,3,1,1,4,2,6,1,1,2,2,1,2,3,2,0,1,1,1,0,1,2,1,1,1,2,0,0,0,2,1,2,0,1,2,3,3,2,0,1,3,2,0,2,4,3,1,3,0,3,1,1,4,2,5,3,2,0,2,2,1,3,1,0,3,4,1,1,3,0,1,5,0,2,0,1,4,4,0,7,2,2,1
5,0,3,0,1,0,1,0,0,0,3,1,2,1,1,1,1,1,5,0,1,1,2,1,1,3,1,0,1,1,3,1,2,2,0,2,0,0,1,2,3,2,1,1,2,0,2,3,2,2,0,0,2,0,5,0,0,2,2,0,1,2,2,2,1,4,4,0,1,0,1,2,3,0,1,4,2,2,4,1,2,2,3,0,1,1,2,0,2,2,1,2,2,1,2,1,2,0,0,0
1,0,0,1,3,1,2,0,1,2,0,2,2,0,1,2,3,2,1,0,0,2,1,1,1,1,1,0,3,2,2,1,0,2,2,2,3,3,1,0,0,4,2,2,2,1,0,4,3,4,2,2,1,2,1,4,2,4,1,1,0,0,0,3,2,2,2,0,0,1,1,2,1,1,0,3,2,3,2,1,1,3,3,0,2,2,0,2,3,1,2,3,2,1,1,2,3,1,2,2
2,2,2,3,2,2,1,0,0,1,5,3,4,1,1,2,0,1,1,1,1,2,3,0,1,2,1,2,1,3,3,2,0,1,3,1,1,1,2,2,3,1,2,1,2,2,2,0,1,0,1,3,2,1,2,2,2,0,1,1,1,1,0,0,1,1,0,3,2,2,1,0,2,0,1,1,2,1,0,2,0,2,2,0,2,1,1,0,4,2,3,2,3,2,0,2,1,1,3,0
0,2,3,2,1,2,2,2,0,1,0,1,3,1,3,0,1,1,4,4,1,1,3,1,1,2,1,2,0,1,1,0,1,1,0,3,2,2,2,1,2,2,3,1,3,1,2,1,0,2,2,0,3,0,0,2,4,1,3,3,2,1,3,4,2,2,3,0,1,1,1,2,4,2,2,0,4,2,1,0,2,4,0,0,2,0,1,2,1,1,0,0,0,0,2,5,2,1,4,0
4,0,1,0,2,0,0,4,3,2,3,1,1,0,0,1,1,0,1,2,0,2,1,2,1,2,0,1,1,4,1,2,1,1,1,3,1,1,0,1,1,2,2,1,3,0,0,1,3,1,4,0,1,2,0,0,0,0,0,1,2,3,3,3,2,1,2,1,1,1,2,1,0,0,2,0,1,1,2,3,1,1,0,4,0,2,0,0,4,4,4,1,3,3,0,0,3,1,4,2
2,0,0,0,1,1,1,1,0,1,1,2,0,3,3,0,2,5,2,0,3,0,1,2,0,1,2,1,0,1,3,3,0,5,4,2,0,1,0,1,1,3,1,0,1,2,0,2,0,1,1,3,1,1,2,4,2,1,1,0,2,2,2,1,2,2,2,1,3,3,1,3,2,4,2,3,1,3,1,3,0,0,1,2,1,0,2,0,3,2,2,1,0,0,1,2,4,3,3,2
5,0,1,0,2,0,4,2,0,0,1,1,2,0,0,1,2,1,3,1,1,3,2,2,1,3,2,2,2,1,2,1,0,2,1,4,2,1,0,0,2,1,1,2,0,4,1,0,2,0,0,0,0,4,2,4,1,2,1,0,1,2,2,2,1,1,2,0,0,1,2,3,2,1,2,1,3,1,0,1,0,3,1,2,1,4,0,0,2,1,2,1,1,0,2,1,0,2,2,1
1,3,1,2,1,1,2,0,3,2,1,3,5,1,1,2,2,0,0,4,1,0,0,2,2,3,1,2,2,2,0,1,2,0,0,3,2,2,1,1,0,3,1,0,3,1,2,1,0,2,0,1,1,1,1,1,0,5,0,0,3,1,3,2,2,1,2,0,1,0,1,0,1,1,3,0,0,2,1,4,0,1,2,4,3,1,1,2,0,1,0,1,0,4,1,5,1,0,2,1
2,0,2,3,2,0,1,2,0,0,4,1,2,2,0,2,3,2,2,0,0,3,1,1,1,2,3,2,1,0,0,1,2,2,2,0,3,2,3,1,2,1,2,1,2,0,0,2,0,0,2,1,6,1,1,0,1,1,4,0,1,0,1,1,0,0,0,2,1,1,2,4,2,0,1,1,4,0,1,1,2,1,5,2,0,1,2,1,1,1,0,0,0,3,0,1,2,1,1,1
0,1,1,1,2,2,1,1,2,1,2,1,3,2,1,2,4,0,3,1,3,0,0,1,4,2,3,2,4,5,2,1,2,2,1,3,2,3,0,1,1,1,1,0,1,3,4,1,0,1,0,1,2,3,2,0,0,1,1,4,1,2,0,3,1,1,2,3,0,3,4,5,0,0,0,0,1,1,0,0,2,3,3,0,4,2,1,0,2,1,2,3,2,4,2,0,2,0,3,0
2,0,1,0,2,0,1,0,1,3,2,0,1,2,1,1,1,0,1,0,0,2,1,2,2,1,2,0,0,5,0,0,1,0,0,0,1,2,0,1,1,2,1,1,3,1,0,0,0,2,5,4,1,0,3,3,2,0,1,1,2,4,1,1,1,2,2,3,0,0,3,0,2,1,1,1,1,0,2,3,3,1,2,2,2,1,3,1,1,1,1,3,1,3,4,1,2,0,3,1
0,0,2,1,2,1,4,1,1,1,2,0,1,2,1,1,3,1,1,1,4,0,2,4,0,2,1,0,1,0,1,1,0,2,0,3,1,2,1,0,0,0,2,4,4,1,1,2,2,3,3,2,1,3,2,0,3,2,3,1,1,1,0,0,3,0,1,4,2,1,3,2,1,0,0,3,3,1,3,1,1,4,1,2,1,1,2,2,1,2,1,1,1,2,1,1,1,2,1,2
5,0,0,3,1,2,0,0,2,1,0,1,3,2,0,1,0,2,0,2,2,1,2,1,0,1,3,1,2,0,0,4,2,2,3,2,1,3,1,0,1,2,2,2,0,0,2,2,3,2,2,2,1,1,2,0,4,0,1,3,1,0,0,2,0,2,0,4,0,1,3,2,2,2,2,1,0,1,1,1,1,1,1,3,2,6,4,1,1,1,2,1,7,0,3,1,1,1,1,1
2,0,1,1,0,2,1,1,0,1,0,3,4,1,0,1,2,0,0,2,2,2,1,2,2,2,1,2,1,3,1,2,0,0,3,3,0,1,1,3,1,1,1,3,4,0,1,1,0,0,2,1,2,2,1,1,0,1,0,2,6,2,1,1,5,0,4,1,0,0,0,1,2,0,1,0,0,1,2,2,1,0,4,4,1,1,1,1,2,0,1,1,0,0,3,2,1,0,0,0
3,0,1,0,1,0,1,2,1,3,4,3,1,1,2,2,1,0,2,0,2,0,2,3,5,1,2,1,0,2,1,1,0,1,2,2,1,1,0,1,2,1,2,2,2,1,0,3,5,0,0,1,2,1,2,4,1,1,2,2,2,1,2,0,0,3,5,2,0,3,0,0,0,1,3,2,0,0,0,0,1,4,1,4,0,0,3,5,1,0,2,2,1,2,1,1,0,0,2,4
6,0,1,2,1,0,0,3,2,1,0,2,0,0,1,2,2,0,1,0,0,4,1,0,0,0,0,1,3,1,0,0,2,0,1,1,1,1,2,6,6,5,1,2,0,4,1,1,2,1,1,0,1,2,0,2,3,3,1,3,2,0,1,2,3,2,1,0,2,4,0,2,1,0,4,0,2,2,2,2,3,0,1,1,1,1,2,0,0,2,1,3,1,2,4,1,0,2,4,1
0,1,1,2,1,2,1,2,1,1,1,2,1,2,1,2,1,2,0,4,3,2,0,0,1,1,3,1,4,5,1,1,3,3,3,2,2,2,1,1,2,2,1,3,3,4,1,3,1,3,1,1,2,2,1,0,0,3,0,1,1,3,1,2,1,1,2,3,2,0,1,1,1,2,1,0,1,4,2,0,2,0,4,2,1,1,2,2,3,0,2,2,2,0,3,2,0,5,3,0
1,3,2,2,2,4,0,0,1,3,2,2,1,1,0,1,1,2,2,3,2,1,1,3,3,2,2,3,1,2,2,1,1,3,2,1,2,2,4,1,0,1,0,1,0,0,0,3,0,0,1,2,0,2,4,1,2,1,2,0,4,1,0,1,1,1,1,0,2,4,3,2,1,3,0,0,2,2,2,3,4,2,0,0,1,2,0,0,0,1,1,0,0,4,1,1,1,1,2,1
1,0,2,3,2,1,0,3,1,3,3,1,1,0,0,1,1,1,2,1,2,1,2,1,1,1,1,1,1,2,2,1,0,3,2,3,0,3,2,2,1,2,3,1,0,1,4,5,3,2,1,1,2,1,0,0,2,0,2,2,1,0,0,2,2,0,2,1,1,2,2,1,1,2,0,3,3,1,4,0,0,3,3,1,2,4,0,1,1,0,1,4,4,2,0,1,0,0,1,2
2,0,2,5,5,3,2,3,1,1,3,2,0,0,1,1,3,1,2,2,3,1,1,0,2,0,3,1,0,3,3,2,0,0,1,2,1,2,0,4,2,3,1,1,2,2,3,0,1,2,1,2,2,1,1,1,1,4,2,3,0,1,1,1,2,1,1,1,2,0,2,2,2,4,1,2,1,3,1,4,0,2,0,2,2,0,3,4,1,2,2,0,1,1,3,0,3,0,2,2
0,0,2,1,0,4,0,2,0,0,4,2,1,1,1,0,3,0,0,2,4,1,1,1,0,3,0,1,2,2,1,0,3,2,2,3,3,1,3,1,3,1,3,2,3,0,0,1,1,1,2,1,1,3,1,2,3,2,1,0,4,1,0,2,1,3,1,1,0,1,0,2,1,1,1,2,1,1,1,2,0,3,1,1,1,3,3,0,0,2,3,1,0,0,1,0,0,0,2,1
0,1,0,1,4,1,1,2,1,3,0,1,0,2,0,1,2,0,0,2,0,0,2,3,0,0,3,1,1,0,1,1,3,4,1,3,1,1,1,2,0,1,2,1,3,1,2,1,0,0,1,1,0,1,2,1,3,3,0,1,1,0,0,1,0,2,1,2,5,1,1,2,0,2,1,1,1,1,1,1,1,3,1,0,3,0,3,2,1,2,4,1,0,4,2,3,3,4,0,1
3,1,1,1,1,0,1,1,5,1,2,2,2,3,2,1,1,2,1,3,4,2,1,0,1,1,0,0,0,1,3,1,1,1,2,5,2,3,3,1,2,1,0,1,5,1,2,1,2,5,0,1,2,1,3,2,4,2,0,1,2,1,3,1,4,2,0,3,0,1,3,0,4,0,4,2,2,2,1,1,0,4,1,0,1,1,1,0,1,2,3,1,0,2,2,1,0,1,2,0
1,0,4,0,4,3,1,0,1,1,3,3,0,1,2,1,3,2,2,0,1,2,1,1,1,6,0,0,2,5,1,1,3,1,0,1,0,1,3,1,2,2,2,1,2,1,0,0,3,2,1,0,2,1,1,1,2,3,3,0,2,3,3,2,1,2,2,1,1,1,3,1,0,1,5,0,0,1,3,1,1,1,0,1,1,1,1,1,0,1,1,1,1,4,0,0,1,0,1,0
6,0,2,2,1,1,0,0,3,3,1,0,3,2,0,3,0,2,2,0,2,3,1,0,1,3,3,5,2,1,2,3,2,2,1,1,1,3,0,0,3,3,3,1,1,0,1,0,1,3,3,2,0,2,1,1,2,2,3,0,1,0,3,1,0,0,1,2,0,3,1,3,1,0,3,2,1,2,2,3,1,1,0,2,4,1,3,1,1,2,2,0,3,1,3,3,2,2,1,2
5,0,2,2,1,1,2,1,4,2,3,1,0,2,1,3,3,0,0,0,5,4,3,1,1,2,1,0,1,1,0,2,3,2,6,2,2,5,2,1,1,2,0,3,3,1,1,3,3,1,1,3,3,0,1,3,1,3,0,1,3,0,3,0,1,2,0,0,0,1,2,1,1,0,0,2,2,4,0,5,3,2,3,1,1,2,3,1,2,2,1,3,3,3,5,2,0,2,1,0
4,0,2,2,2,3,0,3,0,1,3,0,1,0,0,1,3,1,1,4,2,1,1,0,3,1,4,2,2,3,1,3,0,6,3,0,1,1,1,2,0,1,2,1,5,4,2,1,3,2,2,2,6,1,0,0,0,2,4,1,0,2,0,0,2,0,1,1,3,1,2,3,1,2,2,0,4,3,3,2,3,1,1,1,3,2,2,4,3,1,1,2,1,1,1,0,1,2,2,2
3,0,1,4,2,1,0,1,0,1,1,3,2,2,0,1,2,1,1,1,1,1,1,0,3,2,2,3,1,1,3,1,5,0,1,1,2,2,1,1,3,1,5,1,3,3,1,1,1,1,2,3,2,0,0,0,4,0,0,1,3,2,1,0,1,2,1,1,2,1,1,0,2,0,3,1,1,2,0,3,2,4,1,1,2,2,1,2,1,1,1,4,3,2,4,2,3,3,3,4
0,0,1,3,1,4,0,4,4,2,0,0,2,0,2,2,1,1,0,2,0,2,1,1,1,1,1,2,2,2,0,4,3,2,2,0,0,2,1,0,2,3,1,1,1,1,2,3,2,1,2,2,0,1,3,2,3,2,0,1,4,2,2,1,0,3,1,1,2,0,3,0,2,1,2,2,1,0,2,0,2,2,2,2,0,0,2,1,1,3,2,3,2,2,1,0,1,2,3,2
2,1,3,1,1,1,2,0,1,0,3,1,2,1,0,2,0,0,1,1,3,0,3,1,3,2,3,2,1,1,0,1,1,3,1,1,1,3,1,3,3,1,2,0,2,2,2,0,0,2,0,2,1,3,1,0,3,1,3,3,2,1,2,2,3,1,2,1,3,1,0,1,2,1,2,0,1,2,2,2,3,4,3,2,0,4,3,0,1,4,4,1,4,3,0,3,0,1,3,3
6,0,1,5,7,2,0,1,4,1,1,2,1,1,2,0,1,0,2,1,0,1,0,1,0,4,3,0,4,1,1,3,2,1,0,2,4,0,1,1,2,4,2,1,1,0,2,2,1,0,0,1,0,1,3,1,3,4,0,1,3,0,0,2,1,0,2,2,3,1,2,0,1,0,0,1,1,0,1,0,1,0,0,0,3,0,2,1,0,4,0,1,2,2,1,2,0,3,2,2
3,0,3,1,2,0,3,2,2,0,2,2,1,1,1,1,0,3,1,2,1,3,5,2,1,1,1,0,0,2,1,2,5,4,0,0,2,2,2,1,1,2,1,4,0,3,6,4,2,2,1,2,2,2,2,2,0,1,0,1,2,1,1,2,2,2,0,1,2,3,1,3,2,0,2,1,2,2,0,0,2,2,2,2,4,1,1,1,3,0,2,0,1,2,2,4,2,1,3,2
5,0,4,0,1,4,0,1,1,3,1,1,2,3,0,1,3,0,1,1,0,1,2,3,2,3,0,2,3,0,3,2,2,5,2,1,2,6,1,2,0,5,3,5,2,0,0,1,1,3,1,2,3,1,1,4,2,2,2,3,1,0,0,4,2,2,1,2,1,1,1,1,0,1,1,2,1,3,2,3,2,4,0,3,4,2,5,2,1,2,3,0,1,1,1,2,4,4,3,2
9,0,6,4,0,1,1,2,1,0,0,1,1,0,1,2,2,2,0,2,2,2,1,2,3,1,2,0,3,1,4,2,2,1,1,2,3,1,3,2,2,1,2,1,2,3,2,1,1,0,0,2,1,2,2,0,2,2,1,1,1,3,1,2,0,0,0,3,0,0,2,0,0,1,1,0,0,3,1,1,0,3,1,3,2,2,0,1,1,0,5,0,4,0,0,0,0,1,0,1
2,0,1,2,0,3,3,3,1,0,1,2,2,1,1,1,3,1,1,1,2,0,2,4,1,2,1,0,5,0,0,2,3,2,1,0,1,2,2,1,3,1,1,0,3,6,4,2,1,0,0,2,4,1,2,1,2,0,0,3,0,2,2,1,2,0,3,5,3,1,0,2,0,0,2,0,2,3,1,1,3,1,4,1,7,2,4,2,0,4,1,1,5,0,1,0,1,1,5,2
0,0,4,1,3,0,0,3,2,0,3,2,2,2,3,1,1,4,1,3,4,1,2,2,0,1,1,0,1,2,1,4,2,1,2,1,2,0,3,0,0,1,2,1,2,1,0,0,1,2,2,2,1,1,1,0,0,0,2,0,2,2,1,4,1,3,2,1,5,5,0,3,2,1,3,2,2,1,2,0,1,3,1,3,1,2,0,0,0,2,1,4,1,1,1,3,0,5,0,0
12,0,0,1,3,0,0,3,3,0,0,0,2,1,4,1,1,3,0,2,1,0,1,1,2,1,2,1,1,2,4,0,2,1,0,4,0,2,0,2,2,2,2,0,0,2,2,2,1,2,1,1,0,1,1,0,2,1,1,1,0,0,3,1,1,3,1,2,6,0,3,2,3,1,1,4,3,1,1,1,0,2,0,2,2,3,3,2,2,2,3,3,2,3,1,3,2,0,1,0
1,2,6,0,0,0,1,1,1,1,5,3,2,1,1,1,0,1,0,3,4,1,0,1,0,1,2,0,0,0,0,0,1,4,2,2,3,2,2,3,1,1,2,0,0,3,1,0,2,3,4,1,2,0,1,2,5,1,2,2,3,3,3,1,0,1,2,2,1,1,0,1,4,1,1,1,0,0,0,0,1,2,2,1,0,2,0,2,2,2,2,0,3,4,2,1,3,0,2,2
13,0,1,1,0,2,2,2,2,1,1,1,3,4,1,1,4,1,1,1,1,2,0,1,2,0,2,2,2,0,1,1,2,1,3,1,4,0,0,1,1,1,5,0,0,1,0,3,2,2,1,0,2,2,0,0,1,3,2,4,1,3,2,0,0,2,2,2,1,3,2,1,4,2,0,1,1,2,2,1,1,1,1,0,2,3,2,0,3,2,0,2,0,2,1,2,2,3,1,1
0,0,3,2,2,0,3,1,2,0,2,1,3,2,2,1,3,1,2,2,2,1,1,1,3,1,2,1,2,3,1,3,1,2,0,3,2,3,0,0,0,2,3,1,0,0,1,1,1,0,5,2,1,2,1,1,2,0,1,0,0,2,1,2,3,2,2,0,3,0,1,1,0,1,2,0,1,4,3,2,2,4,2,2,1,2,1,3,4,2,2,0,0,0,3,2,2,0,4,3
3,0,1,2,2,3,0,0,1,5,2,0,2,3,0,2,2,2,0,8,2,1,1,0,0,0,1,1,3,0,2,1,0,2,4,2,2,1,1,1,1,2,2,2,4,1,3,4,2,1,2,1,2,3,0,2,4,1,2,1,6,0,1,2,2,4,0,2,1,2,0,0,1,3,3,0,2,2,1,2,3,2,1,1,0,4,1,1,2,1,1,3,2,5,1,2,0,5,0,1
2,1,1,0,3,3,1,1,0,5,0,1,2,2,3,0,1,3,0,2,1,0,2,5,1,3,2,2,2,3,0,0,1,3,0,1,0,4,1,1,0,3,3,2,1,3,2,3,2,0,2,2,2,3,1,1,1,2,2,1,0,2,0,0,2,0,0,1,1,3,0,3,1,2,0,1,1,1,6,2,1,2,4,1,1,2,1,1,1,0,1,1,0,3,2,4,0,0,2,1
2,0,2,0,2,0,2,2,1,0,0,2,2,4,1,2,2,0,2,0,1,0,3,2,4,2,1,0,0,1,1,1,4,0,2,2,0,1,1,0,1,2,1,2,3,0,3,0,2,0,2,2,4,3,2,0,2,3,1,1,2,1,2,0,0,1,0,1,0,1,2,3,1,3,0,3,2,0,1,2,3,2,1,1,1,1,4,1,0,6,1,0,2,1,5,2,1,3,0,1
8,0,2,1,4,2,1,2,2,1,1,3,2,0,2,3,1,2,1,1,1,3,1,4,1,4,2,1,1,1,2,2,2,2,2,1,2,0,1,2,2,3,0,2,0,4,2,1,2,0,0,3,1,0,1,0,0,4,1,5,2,2,1,1,3,0,1,2,0,0,0,1,1,0,1,2,2,0,1,2,3,1,5,1,1,1,0,2,1,1,0,2,2,0,1,3,1,2,1,0
2,0,3,1,2,8,0,3,3,2,1,0,1,0,3,5,1,1,0,0,1,2,1,2,2,2,1,1,2,1,1,3,1,3,1,2,3,0,1,2,2,1,3,1,4,2,4,1,1,2,1,2,3,4,1,1,0,0,1,1,2,0,1,2,1,2,2,1,4,1,3,3,0,5,3,1,1,2,3,1,1,0,0,1,0,0,1,0,2,3,2,1,3,1,4,1,1,2,3,0
4,7,1,0,1,2,2,2,4,1,2,0,1,3,3,0,2,1,1,4,0,0,0,1,3,1,2,1,0,3,2,2,1,0,2,2,2,1,2,2,1,3,4,0,4,1,4,2,5,2,0,2,3,2,1,1,3,2,3,5,1,1,3,2,2,2,1,5,0,2,2,1,0,0,1,1,3,2,2,1,1,3,2,0,2,2,3,1,2,1,2,3,2,1,1,1,2,2,4,3
18,0,3,2,2,1,1,0,0,3,0,3,2,3,3,2,0,2,1,1,1,1,0,2,0,1,2,3,3,0,1,1,0,2,0,0,0,2,1,2,1,3,3,1,1,3,0,1,0,1,4,2,2,3,1,2,0,2,3,0,3,1,5,2,2,5,2,2,0,0,2,2,2,2,3,0,2,2,0,2,2,2,2,5,3,2,0,0,1,1,4,1,2,4,1,2,5,1,2,0
6,0,1,0,1,1,0,2,1,1,2,0,1,1,2,2,3,3,0,2,0,0,2,1,1,1,3,3,2,0,3,1,3,6,1,3,4,1,2,2,0,5,1,3,4,0,1,2,1,1,3,3,2,1,1,4,3,2,1,1,5,2,2,2,2,4,1,0,0,1,3,1,2,2,3,1,4,1,4,2,5,3,1,1,1,2,0,0,2,1,5,1,1,2,0,1,1,2,2,1
7,2,0,1,3,2,2,3,2,1,3,1,2,0,0,5,1,3,4,1,0,1,3,0,1,0,2,1,2,0,1,1,1,1,1,0,2,2,2,1,8,6,0,0,2,2,3,2,0,1,1,5,1,3,2,4,1,2,0,0,1,2,2,3,3,3,1,1,0,1,5,1,2,0,1,2,1,2,1,0,3,0,2,3,5,4,3,1,1,1,0,1,3,3,0,1,2,4,2,1
9,0,1,2,1,4,1,1,1,2,1,2,2,1,0,1,1,3,0,2,1,1,4,5,0,1,0,2,1,0,1,3,1,1,1,2,3,1,1,1,2,1,2,1,0,1,0,1,3,2,3,2,2,2,2,0,0,2,1,0,1,1,2,3,3,3,0,1,3,2,0,2,2,1,2,2,0,0,3,3,2,0,0,1,1,2,0,0,2,3,1,3,3,2,3,1,3,4,2,3
1,2,1,2,1,0,0,2,0,2,1,1,2,0,3,2,3,1,1,2,0,2,0,0,1,1,0,0,1,1,2,3,1,3,2,1,2,1,0,0,2,1,1,1,3,2,0,0,3,2,2,2,1,3,1,1,0,1,4,2,1,0,0,4,2,1,0,3,2,3,3,4,1,1,1,1,0,1,0,3,1,2,0,0,1,1,1,1,2,5,0,2,1,3,1,1,2,2,2,1
3,2,3,4,1,4,1,0,3,2,1,6,1,1,0,1,3,1,2,0,0,0,0,3,3,2,0,2,3,1,2,5,3,4,0,3,0,1,0,0,2,3,1,0,2,1,0,2,0,1,1,3,3,4,1,0,2,1,4,3,1,4,1,2,3,0,3,2,0,2,0,0,1,1,1,3,1,2,2,1,3,0,2,3,0,3,2,0,0,1,4,1,1,2,1,2,1,4,1,3
1,0,2,1,1,3,0,1,1,2,3,3,3,2,1,0,2,4,1,1,2,2,1,2,5,2,1,0,0,0,4,2,0,1,1,1,2,3,1,1,2,2,2,2,3,1,1,1,2,2,1,1,2,1,1,2,2,2,3,5,0,1,1,1,3,3,2,1,0,2,3,0,0,2,2,1,1,3,1,3,3,2,2,2,0,2,4,0,1,2,3,1,0,2,2,2,1,1,1,1
6,0,1,1,1,1,2,0,4,3,2,0,2,1,0,2,0,1,2,1,3,1,2,0,1,1,1,1,1,2,1,2,4,1,2,2,0,1,0,1,2,2,0,2,0,1,1,0,2,2,1,0,2,0,1,0,0,2,1,4,1,2,1,1,1,0,1,0,1,0,2,0,2,0,1,3,2,2,2,2,2,2,1,3,3,2,2,1,1,1,3,2,0,2,0,0,1,0,2,1
5,0,5,1,4,1,3,3,2,2,3,2,3,0,2,3,0,1,3,1,2,4,2,2,0,0,1,0,3,3,1,1,2,3,4,1,1,3,2,0,1,1,2,0,1,0,2,1,1,1,1,2,2,5,1,0,2,2,1,2,0,2,0,3,0,1,1,3,1,3,3,1,2,0,1,0,2,3,1,1,0,1,2,0,4,0,1,2,7,1,1,0,1,2,1,5,2,2,3,5
3,0,0,2,2,1,0,2,1,0,0,0,0,2,0,2,0,2,2,3,1,2,2,2,4,2,1,2,1,2,0,0,0,1,3,4,0,3,1,1,0,5,4,0,0,3,1,1,1,3,1,2,1,0,2,1,0,2,2,2,3,0,1,3,1,0,1,2,1,0,2,3,3,0,2,3,3,1,3,0,1,0,3,0,1,1,2,0,1,0,3,0,1,2,0,1,1,0,2,2
2,0,0,4,1,2,0,2,1,3,3,0,1,3,1,0,1,3,5,4,0,1,1,2,0,1,1,1,3,1,1,1,3,1,0,3,4,1,2,0,0,1,1,3,3,0,1,0,3,2,1,1,2,0,1,3,6,4,2,1,3,1,1,0,1,1,1,2,4,4,1,1,2,0,3,1,1,0,2,2,1,2,3,1,2,1,1,0,2,1,4,1,2,0,0,2,0,3,1,1
4,0,0,0,2,4,0,1,1,2,2,1,3,0,0,0,2,1,1,1,1,1,3,1,3,1,1,1,0,1,1,0,2,1,2,3,2,1,0,2,2,0,3,0,1,0,3,0,4,0,0,2,1,1,1,4,0,4,1,0,0,0,1,2,1,1,2,0,0,2,1,3,1,1,3,2,4,3,2,0,1,4,2,2,2,2,1,1,1,1,6,1,3,0,0,2,1,3,0,0
0,0,1,0,4,2,3,1,3,1,1,0,2,5,2,3,3,0,2,3,2,1,1,2,0,1,0,0,2,3,4,3,0,2,2,3,1,1,1,1,2,2,1,2,1,1,1,0,1,1,3,1,2,1,0,0,2,1,1,1,1,0,1,3,1,3,1,3,0,1,1,1,2,0,0,0,1,1,2,4,3,1,0,1,4,0,0,1,0,2,4,4,1,4,0,2,2,3,1,2
1,1,4,1,2,0,3,2,1,2,4,1,0,0,1,1,1,1,0,1,2,1,2,1,3,1,0,2,2,1,2,3,2,2,2,1,0,1,2,2,0,2,2,3,2,2,0,2,2,0,2,2,0,2,0,1,1,2,3,2,3,0,2,1,0,2,2,3,1,1,1,2,1,1,0,1,2,1,3,1,3,2,0,2,0,2,5,1,1,1,0,0,3,1,0,0,3,0,2,4
2,0,0,0,1,4,2,1,5,0,1,3,0,1,2,3,1,3,0,1,2,0,2,2,0,3,1,2,2,1,1,0,0,2,1,1,0,0,2,1,0,3,1,1,0,2,1,1,1,2,3,1,2,0,2,2,0,2,0,1,2,3,1,0,1,1,2,2,2,2,3,2,1,4,2,1,2,2,2,2,3,1,3,3,3,2,2,1,1,3,1,1,0,3,4,2,3,0,2,1
0,0,2,2,3,0,1,1,1,3,1,0,4,3,1,1,1,2,1,2,1,1,1,6,2,0,1,1,5,1,1,3,2,5,1,0,3,2,2,1,3,1,0,1,2,1,0,2,2,3,2,0,0,0,1,2,2,2,0,1,1,1,2,1,1,2,1,0,2,2,4,4,2,1,3,0,2,0,2,2,3,2,2,1,0,0,1,4,0,0,0,1,1,1,1,0,1,2,2,0
5,0,2,1,1,2,0,1,1,2,0,0,0,1,3,2,2,1,0,0,0,2,1,3,1,1,1,3,2,4,1,2,3,3,0,2,1,2,2,0,3,6,1,2,0,1,3,1,3,2,2,2,1,1,0,1,0,1,1,3,2,1,2,1,2,3,0,2,1,1,0,2,1,2,3,2,1,2,1,0,1,1,0,3,2,2,1,0,2,2,2,0,0,1,1,2,2,2,1,0
0,0,0,4,0,2,0,1,0,1,4,0,1,2,1,2,3,1,1,1,0,3,1,3,1,1,0,1,4,2,3,1,0,2,1,2,1,2,2,0,0,2,2,2,3,2,1,2,2,1,3,0,3,1,1,1,1,0,1,1,4,0,2,0,3,1,3,0,2,2,2,4,2,0,2,1,1,3,3,1,2,1,3,1,1,2,2,1,2,0,1,3,3,1,1,1,2,2,3,1
0,14,1,2,0,1,5,1,4,1,2,2,2,3,1,2,3,0,0,0,3,1,2,1,4,2,0,1,0,0,0,0,0,1,0,1,0,1,1,3,1,1,1,3,1,2,3,3,3,1,2,3,0,2,1,2,2,3,0,0,1,1,3,3,2,1,1,1,0,1,1,1,1,0,1,6,1,2,1,1,1,1,1,1,1,0,0,1,3,2,3,0,1,1,3,1,2,2,1,2
3,0,0,3,2,0,2,3,1,1,0,2,2,2,1,0,0,2,1,1,1,1,5,3,3,1,1,1,1,1,1,0,3,1,1,1,0,1,0,0,0,2,1,2,2,0,1,0,2,2,3,3,0,1,1,2,3,3,2,0,1,2,0,4,1,2,2,3,1,2,3,2,1,0,2,0,3,0,3,0,1,1,0,1,1,2,1,2,2,2,2,3,1,0,1,0,2,3,2,2
0,0,1,3,6,5,1,2,2,5,0,3,1,0,1,3,3,0,2,3,2,1,3,2,0,4,0,3,1,1,3,2,2,0,2,0,2,2,2,0,2,2,2,2,0,0,1,2,1,0,1,2,1,1,1,2,2,1,1,1,0,1,1,2,0,2,0,0,2,1,1,1,3,0,1,2,4,4,0,6,3,0,0,0,0,2,2,2,1,1,1,3,0,1,2,0,3,1,1,1
0,0,2,2,0,2,0,0,4,1,1,1,0,0,2,3,1,2,1,3,1,2,3,3,0,1,0,3,2,1,1,2,3,1,0,1,2,3,3,2,0,0,2,0,2,2,0,1,1,0,2,2,1,2,2,0,1,3,2,1,1,2,3,2,1,0,2,1,1,1,1,1,1,1,3,1,2,1,2,3,1,1,2,1,1,1,2,1,1,2,2,2,0,2,2,0,2,2,5,1
0,3,2,3,0,1,1,2,3,2,0,1,1,1,1,1,1,1,0,2,1,1,2,2,1,0,2,0,2,0,1,2,2,1,0,1,0,5,0,1,1,0,2,0,1,1,3,1,2,4,2,2,2,1,0,1,0,0,2,2,1,0,1,1,0,2,2,4,0,0,3,0,2,0,1,3,1,2,1,0,2,2,0,2,3,2,2,2,0,5,0,1,1,1,0,1,4,1,0,3
0,0,0,4,0,0,0,1,3,2,3,0,1,0,3,6,0,0,3,0,1,2,1,4,0,1,3,1,1,3,1,0,1,3,0,1,0,0,1,3,3,2,0,4,1,2,0,2,2,1,0,2,0,2,1,1,1,2,1,0,2,0,1,2,5,3,3,1,3,2,0,2,2,0,1,2,1,2,2,3,3,2,2,1,4,2,3,2,1,1,0,1,1,2,2,2,1,1,0,3
1,0,4,0,1,2,1,0,1,3,0,1,0,1,0,1,0,1,1,2,1,2,2,2,3,1,1,1,1,1,2,1,0,0,0,1,0,1,2,2,1,1,0,1,0,2,2,3,1,2,2,0,0,3,0,2,2,2,1,2,2,0,1,1,0,0,2,0,1,1,1,2,1,1,2,1,2,1,1,3,1,2,2,0,2,0,1,1,0,1,1,2,1,2,1,1,2,2,1,0
5,2,2,2,1,2,1,0,2,1,3,2,2,2,1,3,0,3,1,3,0,2,1,0,3,1,1,2,1,1,1,0,4,0,2,0,1,1,1,3,3,2,1,1,1,2,0,2,0,2,1,2,1,1,2,1,0,1,2,3,2,0,1,3,1,4,4,2,1,2,0,1,1,0,0,1,3,3,1,2,0,0,1,2,0,2,2,0,2,1,0,2,1,0,0,0,0,2,2,1
2,6,1,3,0,0,1,0,1,3,0,2,2,2,0,0,5,0,0,1,2,0,0,1,4,1,2,1,1,2,0,1,2,2,2,2,0,0,4,0,3,2,2,1,0,0,3,2,1,3,2,0,0,3,0,3,3,1,2,3,1,2,3,2,1,0,3,1,1,1,2,0,2,0,1,0,1,0,4,0,1,0,1,4,2,0,2,0,0,1,2,2,2,0,0,1,2,1,3,0
4,1,2,0,1,2,1,2,1,3,1,1,1,1,1,1,5,1,4,3,0,0,1,1,2,2,4,0,3,1,1,1,1,3,0,2,2,2,0,1,0,4,1,1,1,1,2,1,0,1,2,6,2,2,3,1,2,0,2,2,1,0,1,1,1,4,1,2,1,1,2,4,2,0,2,2,1,0,0,1,2,1,0,3,2,2,0,4,3,1,3,0,0,3,0,0,0,4,1,1
6,0,0,2,1,1,0,1,2,2,2,2,2,0,2,2,2,2,2,2,1,2,1,0,1,1,0,1,2,1,2,0,1,1,2,3,0,1,0,3,2,0,2,1,4,0,2,4,3,1,1,0,0,1,1,0,2,1,2,0,0,0,7,2,3,1,4,1,0,1,1,4,1,0,2,1,2,1,0,1,0,2,0,0,2,0,2,2,1,1,2,1,1,1,0,4,0,1,0,1
3,15,1,0,1,2,1,3,0,1,1,1,2,2,0,2,0,0,2,1,2,1,0,0,2,2,0,1,1,3,2,0,2,2,3,2,1,1,1,1,1,1,2,2,1,0,3,2,1,3,1,2,3,1,0,0,0,0,3,1,3,0,2,1,1,0,0,1,2,1,1,1,0,5,1,3,1,1,1,0,1,0,4,2,1,1,3,1,1,1,3,1,0,0,1,1,2,1,1,2
4,0,3,0,2,1,1,2,1,1,0,1,2,0,1,1,3,1,0,2,0,3,3,0,1,1,0,1,2,1,4,4,2,4,4,2,2,2,1,2,1,0,1,1,1,4,1,1,3,1,0,0,2,2,2,2,1,0,2,2,4,0,0,1,1,1,3,3,2,1,1,1,1,2,2,5,2,1,0,3,1,1,3,0,1,3,0,3,1,5,1,1,3,1,2,5,2,2,3,2
6,2,4,1,4,0,2,0,1,3,0,2,1,2,2,4,2,1,1,3,2,0,3,4,0,0,0,1,2,2,2,1,1,4,5,3,0,1,2,1,1,3,0,1,1,1,1,1,1,1,2,1,0,2,2,1,1,0,0,1,1,1,0,1,2,0,1,2,1,0,1,2,3,0,4,1,2,3,0,1,1,4,2,1,1,0,3,1,1,1,3,2,4,0,3,2,3,0,0,2
10,0,1,3,1,1,0,0,2,2,0,2,2,0,1,1,3,2,1,2,0,2,0,1,3,3,1,4,1,0,1,2,3,2,1,3,1,0,0,1,1,1,0,3,3,2,3,1,1,0,1,1,0,2,1,1,3,1,0,3,2,4,2,0,0,0,1,0,1,0,0,0,1,1,0,1,0,1,1,3,1,0,0,3,6,2,1,1,1,1,3,1,0,2,5,3,1,0,2,0
0,0,1,0,2,2,1,4,4,3,2,2,2,0,0,0,1,3,1,3,3,1,1,0,0,6,1,2,3,2,1,2,1,1,2,1,3,1,0,0,1,2,2,2,0,5,2,0,2,2,1,1,1,1,1,4,2,1,1,1,2,0,2,3,1,1,2,3,2,1,1,0,0,1,0,4,2,1,2,0,0,3,0,1,4,4,3,0,1,0,1,1,0,2,0,5,0,5,0,0
8,0,1,0,2,1,1,1,1,3,3,2,1,3,0,3,0,2,1,0,3,0,2,3,2,0,0,2,2,1,3,2,0,1,1,1,0,1,2,0,0,2,1,1,1,2,2,0,2,3,2,1,4,0,3,1,0,2,2,4,0,2,0,4,4,2,1,3,2,3,0,3,0,2,4,0,0,1,1,2,2,2,4,0,2,3,1,0,0,0,2,1,1,1,1,4,0,1,1,0
3,0,1,3,2,2,3,2,0,2,1,0,4,2,2,1,1,2,3,0,3,1,0,1,0,3,2,1,2,2,0,1,0,1,3,2,1,1,3,1,0,2,2,2,0,1,0,1,0,3,2,2,3,0,0,2,1,4,2,3,0,1,2,2,4,3,1,1,1,2,0,1,1,1,2,0,2,1,0,0,0,1,1,1,3,1,4,1,4,2,4,0,3,3,1,1,3,0,2,3
1,4,4,2,2,1,0,2,2,3,0,1,1,1,1,0,5,0,0,1,1,0,1,1,2,1,3,0,1,0,1,1,6,2,0,3,1,1,1,0,1,1,1,1,2,2,3,3,2,3,2,1,0,2,2,0,2,1,2,3,2,1,0,2,3,2,1,3,1,2,1,3,2,4,2,3,2,1,4,2,2,1,3,3,2,1,3,1,1,1,0,0,2,2,2,1,1,3,0,2
8,0,1,1,2,3,1,4,2,1,4,1,2,1,0,1,1,1,2,1,1,3,0,2,1,0,1,1,1,2,0,0,1,2,0,1,1,0,3,2,1,1,1,4,3,3,2,4,0,0,0,1,0,3,1,2,3,4,0,0,0,1,2,0,1,3,2,2,1,0,1,1,1,5,2,1,2,4,0,1,1,0,0,2,0,4,4,2,4,0,0,2,3,0,2,1,1,2,1,0
2,8,0,3,0,2,1,1,0,1,0,1,1,3,0,2,0,0,2,2,2,0,1,4,1,2,1,2,4,2,1,2,2,0,2,1,1,1,2,2,2,2,1,2,2,4,0,1,0,2,2,1,0,3,3,1,0,2,1,1,1,0,2,1,3,1,3,3,3,5,4,1,1,0,2,2,1,2,1,0,1,1,3,2,1,1,1,4,1,2,1,0,2,2,3,0,0,0,1,1
0,2,3,3,2,4,1,1,1,1,1,2,1,0,1,1,1,0,0,0,2,1,1,1,1,1,1,0,2,1,2,1,2,5,2,2,2,3,2,1,1,3,2,1,3,1,2,0,3,1,3,1,2,0,0,3,2,1,2,2,2,0,1,3,2,3,1,1,1,3,2,3,1,1,0,3,2,2,2,1,1,2,4,0,2,1,0,1,3,1,1,4,1,1,1,2,0,2,2,1
2,0,1,0,1,1,1,1,4,0,1,5,3,1,0,1,2,0,2,1,2,4,4,1,0,2,1,3,6,2,1,2,1,1,0,1,2,3,1,2,3,0,1,1,1,1,4,2,2,0,2,4,2,1,1,0,2,0,2,0,2,2,1,2,2,4,1,3,5,0,0,1,2,0,0,0,0,2,0,2,2,1,2,1,2,0,1,0,1,1,0,1,3,1,1,1,0,1,5,0
11,0,2,2,2,2,0,1,0,2,1,4,2,2,1,2,2,2,2,0,2,0,0,1,2,1,2,2,1,2,1,1,1,0,0,0,0,3,0,1,3,1,3,2,1,1,0,1,0,3,3,0,0,2,1,2,0,1,4,2,2,0,1,0,4,3,3,1,2,1,1,2,0,4,6,2,2,0,0,2,2,0,2,3,0,1,1,1,4,2,2,1,2,2,1,3,1,1,0,0
1,5,2,0,4,3,2,3,1,2,4,3,1,3,1,3,1,2,2,1,3,1,0,1,2,1,0,1,1,1,2,0,1,1,2,0,1,2,0,1,0,2,0,1,2,2,1,2,3,1,0,2,3,2,3,1,3,0,0,1,2,1,2,0,3,1,4,1,0,1,3,0,0,2,2,2,3,1,1,0,3,3,0,3,2,1,0,3,1,2,2,1,0,2,1,0,2,3,2,1
11,0,0,1,2,1,3,0,1,1,3,0,1,2,2,2,2,0,2,1,5,1,1,2,2,3,2,1,2,1,2,0,2,2,0,1,4,2,1,2,1,3,4,4,1,2,6,5,3,3,1,1,0,0,4,1,1,1,0,0,2,1,4,0,0,2,0,1,3,1,2,1,1,1,1,0,3,2,0,1,5,1,2,0,1,2,1,3,2,0,1,0,1,3,2,2,0,1,3,2
0,3,1,2,3,0,0,1,2,3,0,2,3,4,4,2,4,3,3,0,4,6,1,1,1,3,0,2,2,0,1,2,0,2,1,1,1,2,1,0,3,2,1,2,1,1,2,1,5,1,0,1,4,2,1,1,2,0,1,2,2,2,1,0,1,0,1,0,0,3,0,0,2,3,0,1,2,1,0,1,3,1,2,2,1,1,3,1,3,1,1,1,3,2,3,2,1,0,0,2
7,0,1,2,2,1,0,2,3,1,1,1,1,0,1,3,1,2,2,0,3,2,0,4,3,2,2,1,0,2,2,0,3,1,0,3,1,1,3,0,1,1,3,1,1,2,2,0,1,6,0,4,2,0,2,3,0,0,2,0,2,4,1,2,1,0,3,0,0,3,2,2,1,2,0,1,0,1,1,2,0,2,2,2,2,2,0,2,3,2,2,0,0,0,2,2,4,3,0,2
2,0,1,1,0,5,0,0,1,3,0,2,3,1,5,3,1,3,5,1,0,0,1,0,1,2,0,1,2,2,0,1,1,2,0,0,1,2,1,1,1,2,1,3,2,2,1,2,2,0,2,2,3,3,1,1,0,1,1,0,1,2,1,0,0,1,1,1,2,3,2,3,1,2,1,1,2,2,2,0,1,0,0,2,5,0,3,2,1,3,1,0,1,1,1,0,1,0,0,3
0,8,2,1,1,3,2,1,2,1,3,3,1,1,1,2,3,0,0,1,0,3,0,5,1,1,1,1,2,1,5,1,2,0,1,3,1,1,0,0,0,3,1,0,1,1,3,1,0,1,2,2,2,1,1,1,1,1,1,1,0,2,2,2,2,2,1,1,2,0,1,1,1,2,3,3,0,1,3,1,0,2,0,0,2,1,0,0,2,0,2,1,0,4,1,0,2,2,2,1
3,0,2,0,1,1,2,2,0,0,0,2,1,1,4,3,0,5,4,0,1,2,2,0,2,4,1,1,1,2,3,1,1,1,1,3,1,2,0,2,2,0,1,1,0,0,2,0,0,2,1,2,1,2,5,3,2,2,1,0,2,5,1,1,1,0,3,1,0,1,0,1,0,3,3,0,4,3,2,2,3,0,3,2,1,3,2,2,0,1,2,1,4,3,3,4,3,0,1,1
4,0,2,1,1,2,2,1,0,0,0,0,2,0,4,0,1,1,2,3,1,0,1,2,1,1,2,0,1,2,2,1,3,1,3,0,1,3,2,0,1,4,0,4,0,3,0,0,2,2,1,1,0,1,2,1,4,0,1,1,2,0,1,0,0,1,1,0,3,0,1,2,0,3,1,1,2,2,2,2,0,3,1,1,1,2,0,0,1,1,3,4,0,1,2,3,2,1,0,2
2,0,1,1,4,1,1,3,0,2,1,1,1,0,0,1,0,2,0,1,2,1,1,3,1,0,0,1,1,1,0,2,2,1,1,2,2,1,1,0,3,1,3,3,3,2,1,0,4,0,2,4,2,1,1,1,1,0,0,3,1,0,1,1,0,4,0,1,4,3,2,3,1,0,4,2,2,0,1,1,1,2,1,4,0,0,3,0,1,5,1,1,3,5,0,2,2,0,1,0
6,0,0,0,3,5,1,1,1,4,3,1,3,3,1,1,0,5,1,6,1,1,0,1,0,2,4,1,0,1,3,0,1,2,1,1,0,1,1,0,1,0,0,1,2,0,3,3,1,0,1,3,0,1,2,1,2,1,2,1,3,0,0,2,2,2,2,2,3,3,1,0,0,1,1,1,0,1,0,2,0,3,0,2,1,0,2,0,1,1,1,0,2,3,1,1,2,2,2,1
6,0,1,6,2,1,4,1,2,1,1,2,0,2,4,1,0,1,1,1,4,0,1,6,1,0,1,3,1,3,3,1,1,2,2,4,2,2,2,3,1,3,3,1,1,2,1,3,1,1,5,4,1,3,2,0,1,1,0,1,1,2,1,3,1,1,3,1,1,2,1,0,2,1,1,1,4,2,0,0,1,3,1,1,0,0,3,0,0,1,0,2,3,2,2,2,1,0,1,1
1,3,0,2,2,3,3,1,0,0,1,1,5,1,2,0,1,1,3,2,2,4,2,0,1,1,2,3,4,3,4,2,3,0,1,1,2,2,2,1,2,1,0,0,1,2,3,1,0,3,0,1,0,2,3,3,3,2,1,0,2,0,2,2,1,3,0,0,0,0,2,0,0,3,1,4,1,1,0,3,0,5,0,0,1,2,4,1,3,3,1,0,1,2,0,0,0,0,3,0
0,0,0,3,0,0,1,2,0,1,1,0,2,1,0,1,3,3,2,2,0,0,0,4,0,4,2,0,2,4,1,1,0,3,1,0,1,3,0,1,1,1,2,3,3,0,0,3,2,6,3,2,3,0,2,1,4,1,3,0,0,1,2,0,0,1,1,1,0,1,2,3,1,1,0,2,2,0,0,0,3,3,2,1,3,1,3,1,1,0,0,1,0,2,3,1,2,2,2,0
1,3,2,3,2,0,1,2,1,1,2,3,1,1,1,1,3,3,1,1,2,1,3,1,3,0,1,3,1,1,1,0,1,4,1,1,1,2,2,1,2,1,0,1,2,2,1,1,0,0,0,2,2,1,1,1,2,0,4,0,1,0,1,2,0,0,2,0,1,2,2,2,1,2,3,2,4,0,2,0,1,2,1,3,1,2,3,3,0,2,0,1,3,1,3,1,2,4,1,0
5,0,2,0,1,1,0,4,3,1,1,2,1,3,3,2,0,1,2,2,4,5,0,0,2,1,3,2,3,2,1,4,0,3,1,0,1,2,1,1,0,3,0,2,1,0,1,0,1,0,2,2,0,0,2,2,1,1,1,1,1,0,0,0,4,0,3,0,0,2,4,3,1,0,3,2,3,4,1,0,1,3,2,3,2,2,3,1,1,3,0,3,1,2,3,1,0,1,0,3
5,6,2,3,4,2,1,0,1,2,1,1,1,1,0,0,1,0,3,0,0,0,2,2,3,2,0,3,1,3,2,4,0,1,3,0,3,0,0,2,2,0,2,0,1,2,2,4,2,1,0,3,1,4,3,4,2,1,0,1,1,3,2,1,1,0,4,3,1,4,0,2,0,2,0,1,2,3,1,3,3,3,3,0,0,2,2,3,0,1,1,0,0,3,2,1,0,2,2,2
17,4,2,1,0,0,4,1,1,3,3,4,2,0,1,1,1,0,1,0,2,1,1,3,1,0,2,1,3,0,0,4,1,0,1,2,0,1,1,1,2,3,2,0,0,1,1,3,0,1,1,0,1,3,0,1,2,3,3,0,0,0,0,0,1,3,1,2,3,2,1,0,0,1,1,2,2,1,1,3,2,0,3,1,2,1,1,2,1,1,2,1,1,2,2,0,1,2,1,0
3,0,2,0,0,1,3,0,0,2,0,3,2,1,1,2,1,0,1,0,1,4,2,1,1,2,3,1,1,1,1,2,0,3,0,2,1,2,0,2,4,2,2,1,2,3,2,5,0,0,0,0,1,4,1,2,1,2,1,2,0,1,2,0,2,1,2,0,2,1,2,1,0,1,0,1,1,1,1,0,2,1,1,3,2,1,0,2,2,2,1,3,1,2,0,3,1,2,0,1
2,0,0,1,0,0,1,0,2,3,4,1,2,0,0,2,1,0,1,2,1,0,0,2,2,2,1,3,1,0,1,0,2,2,2,1,6,1,1,0,1,0,5,0,2,1,1,1,1,2,3,1,0,1,2,1,4,1,1,1,2,2,2,3,1,3,0,1,1,0,3,2,3,2,3,2,2,0,0,1,0,4,0,0,2,1,2,4,2,5,0,2,1,2,2,2,1,1,0,2
3,1,0,1,2,2,2,1,1,3,2,2,1,1,0,2,4,5,1,0,1,0,6,1,3,2,0,0,0,1,2,1,2,1,3,0,0,0,0,0,1,2,1,3,2,0,3,1,2,0,1,0,1,3,2,3,1,0,3,1,3,4,1,2,2,0,0,1,2,2,1,0,4,3,0,2,1,2,1,0,1,1,2,1,0,2,4,2,3,1,1,3,3,3,3,2,1,3,4,5
6,5,2,2,1,1,0,0,1,0,3,1,4,4,1,1,0,4,2,1,2,1,4,2,1,0,3,4,0,2,3,0,0,1,0,1,6,1,4,1,1,2,1,2,3,2,1,1,0,1,3,2,2,2,2,1,0,0,1,3,0,1,3,3,2,1,2,0,1,1,0,2,2,0,0,0,2,2,0,6,3,2,0,1,2,5,2,3,3,1,5,1,1,2,1,1,2,1,4,0
3,0,2,1,2,1,1,0,0,1,1,0,2,2,1,0,2,4,1,1,0,2,1,5,4,3,1,2,1,1,3,1,3,1,1,3,2,2,2,2,1,3,3,1,1,2,0,2,0,1,3,1,2,1,0,1,1,2,5,0,0,3,3,5,2,1,2,5,2,1,4,3,2,0,1,1,0,1,1,1,2,3,1,2,1,3,1,3,2,2,0,1,1,0,0,1,3,2,1,1
5,0,2,2,2,1,1,1,5,0,1,1,2,1,2,4,1,1,0,1,2,0,0,2,2,1,1,2,1,3,0,1,3,2,1,3,0,2,4,3,1,0,1,2,1,0,0,1,0,1,0,2,0,2,1,2,0,2,1,1,2,1,1,1,2,3,2,4,1,0,1,2,1,1,1,1,0,0,2,0,3,3,4,2,4,1,2,0,1,0,1,1,0,2,3,1,1,2,2,1
17,0,1,2,0,0,1,1,0,2,1,3,1,3,2,2,4,2,0,1,0,0,2,2,1,0,2,1,1,1,1,0,2,3,4,3,0,4,1,1,2,0,1,1,2,2,2,0,2,0,0,3,3,2,2,1,5,1,0,1,2,3,3,0,1,0,0,0,1,3,1,1,2,1,2,1,2,1,2,1,3,3,3,1,2,1,3,0,3,0,1,1,0,0,0,2,0,1,5,3
4,0,3,2,2,1,3,2,1,2,1,0,1,0,2,0,2,1,2,3,2,2,3,1,1,0,0,2,1,3,0,2,6,2,1,2,2,1,0,0,2,1,2,0,0,0,2,2,1,0,1,1,2,3,1,1,0,2,0,1,1,0,3,0,1,5,2,2,2,3,1,0,3,1,2,3,1,1,1,0,3,0,1,2,2,2,1,1,3,3,3,1,1,1,3,3,1,3,4,3
0,0,2,1,1,2,1,1,2,1,1,2,2,0,2,1,1,0,2,4,0,0,1,1,1,2,3,2,0,2,1,1,0,2,1,1,2,1,0,1,0,1,4,1,2,2,1,0,0,3,1,3,1,0,2,2,2,1,1,2,0,2,3,1,5,2,4,2,1,3,1,1,5,1,0,2,2,0,1,0,2,2,1,2,1,1,2,2,2,1,2,0,0,2,3,1,1,2,0,1
7,0,1,3,2,4,2,1,3,2,2,1,2,1,2,0,3,0,1,3,1,4,3,1,2,2,3,2,1,2,1,2,1,3,2,2,0,0,1,1,1,3,1,0,0,0,1,0,3,5,0,0,1,0,1,2,0,3,1,2,2,3,3,2,0,2,2,2,1,1,2,2,1,2,3,1,3,2,0,1,1,2,2,3,1,1,2,0,2,3,4,1,1,1,2,1,3,3,0,0
0,5,1,0,1,3,1,1,3,1,3,2,2,1,2,1,4,3,0,3,2,3,1,1,1,3,0,1,0,2,2,1,1,0,2,3,0,2,2,1,2,0,2,0,3,1,1,0,0,1,1,0,2,0,3,3,0,1,0,2,2,3,1,1,1,1,2,0,2,0,1,2,4,2,1,1,2,0,3,3,1,0,0,4,1,1,1,2,1,1,1,1,1,3,0,1,1,2,2,1
4,2,1,3,1,1,3,2,1,1,5,1,0,0,1,2,2,2,0,3,1,3,1,0,2,2,1,4,0,1,1,1,1,1,1,2,3,4,4,2,2,0,1,2,2,3,1,1,2,1,5,1,2,2,2,3,3,1,2,0,3,1,2,1,1,0,2,1,1,0,1,0,2,0,0,1,0,1,1,1,3,3,3,2,3,1,1,2,0,3,1,1,2,0,1,0,4,0,0,4
9,19,1,2,1,1,1,2,3,0,0,0,0,3,5,3,2,0,3,1,2,0,0,0,2,2,0,3,3,3,1,1,2,1,5,2,1,0,1,4,2,3,4,2,1,3,2,0,2,2,1,2,2,0,0,1,2,1,2,1,1,2,2,3,1,1,1,1,2,4,1,1,0,3,1,0,4,0,2,3,1,0,3,1,2,1,2,3,1,2,1,0,3,0,1,4,0,3,0,3
3,0,2,1,2,0,1,2,0,1,2,2,1,1,1,0,0,1,1,1,1,1,1,2,0,0,1,4,2,1,1,1,5,2,0,1,1,0,2,3,1,1,1,2,2,0,2,1,3,0,2,2,1,0,1,2,1,0,1,0,1,3,1,2,1,0,0,1,3,2,3,1,3,0,1,1,0,0,2,3,0,1,1,1,0,2,3,0,4,0,1,4,1,2,1,1,1,2,2,2
2,1,1,1,3,1,1,0,1,3,2,3,1,1,0,0,0,1,2,4,1,1,1,3,1,1,1,1,2,3,3,0,2,2,0,1,2,0,1,2,4,3,6,2,3,1,2,1,1,2,3,3,1,3,0,1,3,2,3,0,3,2,2,1,4,0,4,1,0,2,2,2,1,3,1,0,1,3,1,1,1,1,3,2,4,1,0,4,0,0,4,2,1,1,1,3,0,1,1,1
3,0,0,3,4,0,3,4,1,1,0,2,3,1,2,0,0,1,4,1,0,2,1,4,1,1,0,2,0,0,3,2,5,1,3,1,6,1,4,1,1,4,0,2,0,1,0,4,1,1,3,3,2,0,1,0,2,2,3,0,1,0,0,1,2,1,2,7,1,5,2,2,0,0,0,0,2,2,2,0,3,3,1,2,1,0,2,0,1,1,4,6,5,0,4,0,2,1,0,0
0,1,5,2,3,2,2,1,4,1,1,3,1,1,0,1,0,0,0,1,2,2,3,0,2,1,0,2,2,3,0,2,1,0,1,2,2,2,0,1,2,0,1,1,1,0,2,1,1,2,0,0,0,1,1,2,0,0,0,1,2,4,0,0,0,2,1,0,1,3,2,3,2,3,0,0,1,2,0,2,6,0,1,1,1,2,1,0,2,1,2,4,1,2,1,0,1,0,1,1
5,1,0,4,2,1,1,0,2,0,0,0,0,0,0,1,2,0,1,1,2,1,5,1,3,1,1,2,2,2,2,1,0,2,3,0,2,1,1,3,2,2,0,1,2,0,2,1,1,1,1,2,2,2,0,1,1,3,0,1,1,3,1,1,0,2,1,0,3,2,2,2,0,1,3,0,2,5,0,1,0,0,0,1,2,2,0,2,2,2,2,2,1,5,2,2,0,2,2,4
3,8,0,1,0,1,1,1,3,1,3,2,1,0,1,0,2,1,5,0,1,0,2,5,3,2,1,1,3,2,2,2,3,3,4,0,4,2,2,2,2,1,2,3,2,0,0,0,2,1,0,2,1,2,4,3,1,1,2,1,1,1,1,2,1,1,0,1,1,3,2,2,0,1,0,1,1,4,2,2,1,1,2,0,1,2,0,0,0,2,3,1,1,1,2,0,0,2,1,0
6,7,1,2,0,1,3,3,1,0,1,2,1,2,3,1,2,0,1,6,0,2,0,3,4,2,1,1,1,0,0,1,4,3,0,0,3,4,3,0,0,0,3,1,3,0,0,1,4,2,5,3,3,1,3,1,1,6,3,1,1,2,0,1,1,0,2,1,1,2,0,0,1,2,2,0,1,1,2,0,0,2,3,3,0,2,2,0,0,1,0,1,2,0,2,2,1,1,2,1
2,0,0,4,1,4,3,2,2,2,0,2,3,1,0,1,1,3,1,2,2,2,1,1,2,1,2,2,2,4,0,2,0,2,1,1,2,2,2,0,2,2,2,0,3,1,2,6,1,1,2,0,1,3,0,2,0,0,1,3,4,0,4,2,0,1,1,3,1,1,1,1,1,2,2,0,3,3,1,0,1,2,2,3,3,2,2,2,1,0,2,1,1,0,0,3,1,0,4,1
1,4,1,2,0,3,3,1,1,1,1,2,0,2,1,1,0,1,0,2,4,1,2,1,1,1,0,2,1,0,2,2,1,1,2,2,1,0,2,1,3,0,0,0,5,0,2,1,2,1,2,1,3,2,0,4,1,7,0,3,2,5,0,3,1,1,0,1,2,0,1,2,1,1,1,2,0,4,0,2,3,2,2,2,1,1,2,0,1,2,0,0,0,2,0,1,1,0,2,1
0,13,2,1,4,3,3,4,0,1,2,4,1,0,0,1,1,2,2,2,0,1,1,3,3,3,2,2,1,2,1,2,0,1,2,1,0,1,1,2,1,0,1,3,0,6,2,1,0,0,3,1,2,2,2,0,1,1,0,0,2,4,6,1,4,1,0,2,1,2,1,1,1,2,0,2,2,0,2,1,1,3,2,1,1,2,0,3,1,2,1,0,2,2,1,0,1,0,2,3
0,4,0,1,0,1,4,2,5,0,0,0,2,1,3,2,1,1,2,1,2,1,2,1,3,2,2,4,1,4,0,3,0,3,4,0,3,2,0,3,2,0,3,1,2,2,1,2,2,3,0,1,1,2,1,1,4,2,1,2,4,2,0,0,1,1,1,4,2,0,1,3,1,1,1,1,2,1,2,0,0,3,2,0,1,2,0,2,2,2,3,1,2,0,1,3,2,1,0,1
0,6,0,0,0,0,1,1,1,1,1,1,1,4,2,2,3,1,2,1,1,3,4,1,1,2,2,1,0,0,2,1,2,1,5,1,3,1,2,1,5,2,2,4,1,3,4,1,0,0,1,3,3,1,7,2,1,2,2,3,3,2,0,2,1,5,1,3,3,3,0,2,2,2,2,4,3,1,2,0,0,2,0,2,2,1,1,1,0,2,0,4,1,0,1,0,1,0,1,1
8,2,0,2,2,2,3,0,1,2,0,3,1,0,0,2,1,0,2,2,1,1,1,0,2,4,3,0,1,2,2,2,2,2,2,1,2,3,2,1,0,4,1,1,1,3,2,2,2,3,1,0,1,3,1,3,2,3,4,0,1,1,2,1,1,4,0,4,1,1,0,1,3,0,2,0,1,4,2,1,1,2,0,1,3,1,2,1,1,1,0,2,1,2,0,0,1,1,2,4
0,15,2,1,1,2,1,4,1,1,2,0,0,2,1,2,1,0,1,2,2,2,1,1,0,0,0,2,2,2,3,3,0,0,0,1,1,1,4,2,0,0,2,1,0,2,2,1,1,4,0,1,0,0,1,1,2,3,2,1,2,0,4,0,1,1,1,0,4,2,1,0,5,1,4,0,1,2,0,3,1,3,0,2,1,1,1,3,4,2,2,0,3,0,3,2,1,2,3,0
6,0,4,0,1,2,4,0,1,1,1,3,3,0,3,1,1,0,2,2,4,1,1,1,0,2,0,3,3,2,1,1,0,2,0,2,4,1,1,4,3,2,0,3,0,0,2,2,0,0,1,1,0,1,2,3,1,1,4,2,2,1,1,0,2,2,1,2,3,0,3,1,1,4,0,2,0,1,0,0,0,1,0,1,1,1,1,1,2,2,1,4,2,0,3,1,2,2,1,4
12,0,3,5,1,2,1,1,1,1,3,2,0,2,3,0,0,0,1,1,2,1,3,2,1,2,1,1,0,2,1,1,2,0,2,0,2,2,1,0,2,1,3,2,0,2,1,2,1,1,0,1,1,1,1,3,0,1,2,2,4,2,2,2,1,1,0,0,1,0,2,1,1,0,2,0,0,0,2,1,1,1,1,1,0,2,2,3,3,2,3,1,0,1,1,2,1,0,2,1
3,2,0,1,0,3,0,0,2,0,0,5,1,4,1,0,3,1,1,3,1,1,0,0,3,1,2,0,1,0,1,2,2,2,1,2,0,0,0,0,1,0,3,5,0,1,4,0,1,2,0,0,1,0,2,2,1,3,2,3,2,1,0,0,1,1,1,0,0,1,1,0,1,4,2,1,0,2,1,0,1,1,3,0,3,1,2,2,0,1,2,1,0,1,2,1,1,0,1,2
2,12,0,0,0,2,1,1,3,3,2,1,2,0,1,0,2,1,2,1,3,1,1,4,0,2,0,0,2,1,0,2,1,4,2,1,5,2,3,2,1,2,1,3,1,2,1,1,2,2,0,2,3,1,3,0,1,0,0,0,2,2,3,1,3,1,1,2,1,1,2,0,1,0,1,3,1,1,0,3,0,0,4,2,1,1,2,2,4,2,0,1,1,4,3,1,3,0,1,2
2,4,3,5,2,1,1,2,2,0,1,4,1,3,2,1,2,1,0,2,2,3,0,2,1,0,0,2,1,1,3,2,2,2,0,1,3,2,2,0,3,2,3,0,4,0,1,0,4,1,0,1,1,5,2,2,3,1,3,1,1,1,1,2,3,1,3,1,2,0,0,1,2,2,2,0,0,0,1,4,2,1,1,2,1,0,1,1,0,2,2,0,1,0,3,2,3,0,3,1
14,2,1,1,1,0,0,1,2,1,0,1,1,1,0,1,2,2,1,3,1,1,0,3,4,2,0,0,1,0,1,0,0,1,3,2,1,1,2,1,2,3,2,1,1,4,3,2,1,1,1,1,0,3,1,0,0,0,1,2,5,1,1,2,0,1,0,2,2,1,2,2,0,1,3,1,1,2,2,0,1,3,2,0,3,1,1,2,1,2,0,1,4,1,0,2,1,1,2,0
9,0,0,4,0,2,4,0,0,0,0,1,3,1,1,0,1,4,1,4,0,2,2,1,3,0,2,0,1,2,1,1,3,2,1,3,2,1,0,2,3,6,3,2,2,1,0,3,2,2,1,1,2,1,1,2,0,2,2,1,0,2,1,1,1,1,2,1,1,0,1,1,2,1,1,1,1,0,4,1,4,1,2,3,3,3,0,2,0,0,1,2,1,4,1,2,0,0,1,2
3,6,0,0,3,1,3,2,1,3,3,1,1,0,2,2,0,0,3,2,2,4,1,3,1,1,0,1,1,1,2,0,0,2,0,1,2,2,0,2,1,2,4,1,1,2,2,2,1,2,0,0,0,1,1,1,3,1,1,1,1,1,0,3,1,2,1,1,2,4,2,4,1,1,0,2,0,1,1,1,3,1,1,4,1,4,1,1,1,0,0,1,1,1,0,4,0,3,1,1
21,0,3,0,3,3,1,1,0,0,5,2,0,0,1,1,0,7,0,1,2,1,2,3,1,2,3,0,4,2,2,1,1,1,0,3,2,1,3,3,2,1,2,3,3,1,1,2,3,2,2,2,2,0,4,1,1,2,1,1,1,2,3,1,1,3,2,1,0,1,1,9,3,3,0,2,2,3,0,3,2,2,1,3,1,0,6,2,3,3,5,0,1,1,2,0,2,1,1,2
2,0,0,0,1,2,2,3,0,2,1,3,0,2,1,1,1,3,0,0,4,1,1,2,0,0,5,1,1,0,1,0,1,0,0,0,1,1,2,0,2,2,3,0,1,0,1,3,1,1,1,0,2,2,2,1,3,3,1,2,3,5,4,1,0,1,1,3,1,2,2,0,1,1,1,0,0,1,2,0,1,2,2,0,2,1,1,1,3,0,2,0,1,1,1,4,2,2,2,1
0,0,6,1,3,2,1,1,1,1,0,4,0,1,1,3,2,1,2,1,0,1,0,3,1,2,2,5,2,0,2,1,4,0,1,3,1,1,1,2,0,2,3,2,0,1,0,1,2,2,3,0,4,0,2,1,1,0,0,2,0,1,0,1,3,1,2,2,0,0,1,2,3,1,1,4,1,0,3,1,0,2,0,1,1,1,2,2,3,0,0,3,0,1,1,4,5,0,2,1
9,0,0,1,4,3,3,1,5,3,1,2,2,1,0,0,0,2,0,0,2,0,0,0,0,2,2,0,2,1,2,2,1,0,3,3,0,1,0,1,2,3,0,1,0,2,2,1,3,0,2,2,0,3,1,0,0,2,2,4,1,0,2,1,2,0,1,0,4,3,3,1,0,3,0,0,1,2,0,2,0,2,3,1,0,0,0,2,6,1,1,1,1,1,1,1,2,0,4,2
4,0,0,1,1,1,0,0,0,0,0,2,2,2,1,0,2,1,1,3,2,1,2,1,1,0,0,1,2,3,1,3,0,3,3,1,2,0,0,2,2,1,5,2,2,0,1,1,1,2,1,3,3,1,5,1,1,0,5,0,3,2,0,1,1,0,1,1,1,1,0,1,2,4,3,0,1,1,1,1,3,3,1,0,2,2,1,2,3,1,2,3,3,2,0,0,0,2,3,1
1,2,1,1,1,1,3,2,1,0,1,1,2,0,0,1,1,1,4,0,2,1,1,3,0,3,0,4,3,3,2,4,2,0,0,3,2,2,0,2,2,2,1,1,1,1,2,3,0,1,3,2,0,0,0,0,3,2,1,1,0,2,3,0,2,1,0,1,2,4,1,2,3,3,1,1,1,2,3,2,1,2,1,1,3,1,0,0,2,2,2,3,2,1,0,1,3,1,0,4
0,0,2,2,1,0,1,3,0,0,1,1,0,0,1,1,3,0,2,3,4,2,1,0,4,2,1,3,1,2,1,0,0,0,4,3,1,1,2,2,1,1,1,1,2,0,5,2,2,1,0,0,2,0,0,1,1,1,2,1,0,0,3,0,4,2,1,0,1,2,0,0,0,5,2,1,2,3,4,0,1,0,1,1,2,1,2,2,2,3,2,0,0,0,0,2,2,1,2,0
3,0,4,1,2,1,2,2,1,3,1,1,2,0,1,0,2,2,4,4,1,3,1,1,2,2,4,1,2,0,1,2,0,3,2,0,1,3,2,2,2,2,2,1,0,3,1,0,2,2,2,1,4,2,2,2,2,1,2,2,1,1,2,0,2,1,0,1,2,2,1,2,2,1,2,0,1,1,2,2,2,2,1,2,3,2,2,3,1,1,0,1,3,1,0,0,0,2,3,0
1,0,0,1,1,1,1,4,1,4,1,1,2,2,3,1,1,2,2,5,2,0,2,3,0,0,3,1,0,1,1,0,1,0,1,3,2,2,1,1,1,2,1,2,1,1,2,0,1,2,3,1,2,0,2,1,3,2,0,2,1,5,0,1,3,3,2,1,0,0,0,1,1,4,2,1,3,2,1,0,0,2,0,1,3,2,1,1,5,1,2,2,2,3,0,2,4,1,3,1
1,0,0,0,2,2,2,0,3,5,0,4,2,1,4,3,3,3,2,3,2,0,0,1,0,2,1,0,0,4,2,2,1,1,1,0,0,1,1,0,3,1,0,4,1,1,1,1,4,0,2,2,2,1,3,3,2,1,3,2,2,3,0,1,0,3,2,0,2,0,2,2,1,1,1,1,0,1,1,1,1,1,0,0,1,0,0,0,0,1,1,2,0,0,3,0,3,2,4,1
0,0,3,1,1,1,3,0,2,3,1,0,3,1,3,4,2,3,1,0,1,2,0,0,3,0,2,1,0,0,2,5,2,2,2,2,3,1,5,1,1,0,0,0,5,1,0,1,1,1,0,1,0,2,2,1,1,1,1,3,0,0,1,0,0,2,2,0,3,1,3,2,1,1,2,3,2,1,3,1,0,2,2,3,2,1,2,0,1,4,1,2,2,4,1,2,0,2,2,2
2,2,2,1,4,5,3,0,2,2,0,3,0,3,0,1,2,0,2,1,2,6,3,0,3,0,0,5,1,1,2,0,2,2,0,1,2,3,1,0,1,2,3,1,3,3,3,1,2,3,2,1,1,1,0,1,3,0,1,1,3,1,0,1,1,0,2,1,1,3,5,1,3,1,0,3,0,0,0,1,1,1,3,1,0,1,1,1,3,1,1,1,2,1,1,1,1,3,1,1
0,2,1,3,3,1,0,1,3,3,0,3,4,1,2,1,1,1,1,1,2,1,0,1,3,1,2,2,1,2,2,0,2,2,4,2,0,1,3,0,0,1,2,0,1,0,2,1,1,0,0,0,0,1,1,1,1,0,1,2,1,0,1,2,1,2,1,0,1,1,0,0,2,1,0,4,0,1,4,1,0,3,1,1,3,2,1,0,1,2,2,1,1,1,1,0,1,3,1,2
0,0,0,1,2,3,0,0,0,2,2,2,2,1,2,1,1,1,2,3,0,0,2,1,1,0,1,1,1,1,1,2,0,2,0,1,2,2,0,1,2,1,3,2,0,1,2,1,2,2,1,0,2,1,0,0,0,1,2,1,1,0,0,0,0,2,1,0,2,0,2,1,1,2,3,1,1,1,2,4,1,1,0,1,1,0,0,1,1,3,0,5,3,3,2,0,2,1,3,0
1,8,1,2,1,1,2,1,0,3,2,1,1,1,1,1,0,1,2,1,0,1,3,0,2,0,1,2,4,2,1,1,1,1,2,2,0,0,6,1,0,1,2,1,3,1,1,2,2,2,0,2,0,0,0,0,1,4,1,0,0,1,0,0,3,1,2,1,4,1,4,3,0,2,1,4,4,2,0,2,1,1,3,2,2,1,0,0,1,5,1,0,2,1,4,0,1,3,2,3
2,4,2,0,1,2,2,1,2,1,0,2,3,3,0,1,4,1,1,0,0,1,4,2,3,0,2,2,3,1,5,1,1,1,0,1,0,4,2,1,1,1,1,2,5,0,1,2,3,1,1,2,3,1,1,2,0,1,0,0,1,2,2,1,3,0,0,1,1,2,2,0,3,0,1,2,1,1,0,0,3,0,2,1,0,1,1,0,2,2,3,1,1,3,1,1,1,1,0,1
1,0,1,2,2,4,1,2,1,1,1,2,2,0,2,1,3,1,1,2,0,4,1,0,0,0,4,0,3,2,1,3,1,0,0,5,2,0,3,3,2,0,1,2,2,2,0,2,1,3,2,3,3,0,1,1,0,0,2,2,1,3,1,1,3,1,0,4,1,4,5,1,2,1,0,0,1,0,1,1,2,2,1,5,3,2,4,0,2,3,1,1,2,2,1,1,0,2,1,1
4,0,1,1,2,0,2,0,3,1,0,0,1,3,3,1,1,3,3,2,0,2,1,1,2,2,1,1,1,3,2,0,0,3,3,1,2,0,2,0,0,1,2,1,2,0,2,0,1,2,2,2,0,2,0,4,1,3,3,0,3,1,1,3,1,4,1,1,0,1,0,1,0,2,0,2,1,1,1,5,2,1,3,4,3,1,2,2,0,1,1,0,2,2,2,2,1,1,2,2
4,0,1,1,4,1,2,2,3,3,1,1,1,0,1,3,2,0,1,2,1,1,1,2,5,3,3,2,0,3,0,3,3,1,1,3,2,1,1,1,1,1,2,1,0,1,2,1,1,1,0,1,3,1,2,3,2,0,1,0,0,0,3,2,1,4,2,1,1,0,2,2,2,4,0,3,1,1,2,1,2,2,2,0,2,2,2,3,2,0,3,1,0,1,3,2,1,1,1,1
1,0,0,2,0,2,0,0,4,1,1,1,2,0,0,1,0,2,1,3,3,0,3,2,1,0,2,1,1,1,2,1,3,4,4,2,0,2,2,2,3,1,4,4,1,3,1,0,3,1,3,1,1,1,0,1,1,2,1,2,4,1,2,1,1,0,3,1,3,1,1,1,2,2,1,1,2,1,3,0,0,0,0,1,0,1,1,3,1,5,1,1,1,2,3,1,1,0,1,0
0,4,1,1,0,1,3,4,2,0,1,2,1,1,1,2,0,0,3,1,1,2,0,0,3,1,0,3,2,2,1,2,4,0,2,0,2,3,0,2,1,2,1,2,0,1,2,2,1,2,0,2,1,2,1,3,1,1,0,1,1,5,1,0,1,0,5,3,6,1,1,2,1,2,3,0,1,1,2,0,1,1,1,3,1,2,0,0,0,3,1,1,1,1,0,1,1,1,2,1
2,0,1,4,2,0,0,1,2,2,1,0,3,1,2,1,0,2,0,1,0,1,1,3,0,2,0,1,2,3,0,1,2,1,2,2,2,4,1,2,1,2,1,1,1,2,3,2,2,3,0,4,2,6,2,0,1,0,0,1,2,0,1,1,1,0,1,0,1,0,2,1,3,1,1,1,3,2,1,1,1,0,3,1,2,2,1,2,3,1,0,1,0,2,0,0,0,0,1,3
0,0,2,1,1,2,1,3,2,1,1,2,1,4,2,4,0,1,0,4,1,1,1,0,2,0,1,1,3,0,4,3,3,2,0,0,4,2,1,0,2,1,0,0,8,1,3,0,2,2,1,5,3,1,1,1,1,5,1,1,3,2,4,4,2,3,0,1,1,0,1,0,0,3,1,2,1,5,1,1,1,3,2,1,1,3,1,0,1,3,0,0,2,3,2,4,2,1,3,1
1,0,1,1,3,3,1,0,2,2,1,0,4,1,0,2,2,0,3,2,3,0,1,1,2,1,5,1,0,1,6,2,6,3,0,2,0,0,2,3,3,3,1,1,2,1,2,2,0,0,0,1,0,0,0,1,0,5,3,1,3,1,2,1,4,0,1,1,2,3,0,3,3,2,2,2,2,2,0,0,0,1,1,1,0,1,2,0,2,4,2,0,2,1,5,1,2,0,1,1
4,0,2,3,2,3,3,0,2,2,2,0,1,1,0,0,1,0,2,1,2,3,1,2,3,2,2,4,1,0,4,2,2,3,0,2,2,2,2,5,1,4,2,2,4,0,1,1,1,0,2,2,5,2,2,1,1,1,1,1,0,2,1,3,4,1,1,0,4,1,2,1,1,1,1,1,0,0,2,2,4,1,0,2,1,1,3,4,1,3,2,3,5,0,2,2,0,2,4,2
1,0,0,1,3,3,2,1,2,2,0,1,1,0,3,2,1,0,2,0,0,1,1,4,1,1,0,1,1,2,1,4,1,0,2,1,2,1,0,5,1,6,3,2,1,2,1,0,2,3,2,0,0,2,2,3,0,2,1,1,2,1,1,3,0,2,1,2,2,2,4,3,1,1,3,2,1,2,2,0,1,5,0,1,1,1,4,3,4,1,4,2,2,3,1,1,2,1,0,2
1,2,2,2,5,2,3,1,4,2,3,1,3,5,1,3,0,0,2,2,1,2,2,3,1,1,3,1,2,0,5,1,2,0,1,2,1,2,3,4,2,2,1,4,1,1,0,1,2,4,0,3,2,3,1,0,4,1,0,2,1,2,0,0,1,2,3,2,0,0,1,1,2,0,2,1,4,4,2,1,0,0,1,3,2,4,2,1,4,4,0,3,0,0,4,2,1,0,4,1
9,0,2,1,0,0,2,1,0,0,0,1,0,0,1,0,0,3,1,1,2,2,2,3,4,0,1,2,0,1,3,0,1,3,1,1,1,2,0,0,0,2,0,1,3,0,2,0,3,0,0,1,2,1,1,5,3,2,5,1,0,1,2,1,0,0,0,0,1,1,1,1,2,2,2,1,1,0,1,1,1,2,1,1,1,3,0,1,1,3,0,2,3,4,2,4,5,1,1,0
3,0,3,3,3,0,0,1,2,0,1,2,1,1,1,2,1,0,0,1,4,1,1,2,3,1,2,2,0,1,0,0,0,2,2,2,3,2,3,0,0,1,0,4,0,2,1,1,2,3,4,1,1,2,5,2,3,2,3,1,1,3,2,2,0,1,1,2,1,2,1,0,6,1,2,0,5,1,0,1,1,2,0,1,2,1,1,1,1,1,1,1,1,0,2,1,2,1,0,1
5,0,0,2,1,2,2,2,5,1,1,1,1,0,3,2,0,2,3,2,1,1,1,0,2,2,2,2,0,2,2,1,2,2,4,1,4,2,3,1,0,1,3,1,2,0,1,3,1,1,1,1,3,2,4,1,0,3,0,1,2,3,1,0,2,1,4,3,4,0,1,0,4,0,0,1,0,1,0,1,3,2,1,1,2,4,1,2,3,2,2,0,3,0,1,2,1,1,1,0
5,1,3,1,2,1,3,2,2,1,3,1,3,0,3,2,1,1,0,1,3,4,2,0,2,2,2,1,0,2,0,1,1,1,1,4,2,2,3,0,4,1,4,0,2,2,1,0,0,3,0,1,1,1,1,1,2,0,1,1,3,4,2,4,1,1,0,0,1,0,1,2,2,1,2,3,2,0,6,2,1,0,0,3,1,1,1,1,1,0,1,4,3,5,5,0,2,1,2,3
15,0,2,3,1,0,0,0,1,3,1,1,1,4,4,1,0,2,2,3,1,3,0,2,2,1,2,2,1,2,0,0,2,1,1,1,1,2,1,0,0,1,1,0,2,2,3,2,2,2,4,1,4,0,3,2,2,2,2,1,1,0,2,1,1,2,0,3,3,0,2,1,0,1,1,1,1,1,2,1,1,5,1,0,3,1,1,0,1,1,4,0,0,2,3,3,1,2,0,0
1,0,3,0,1,0,3,0,1,2,2,2,0,2,0,2,3,0,0,3,1,1,1,0,1,3,0,1,1,1,2,1,2,0,0,0,2,1,1,0,2,2,2,2,2,1,3,3,1,4,0,2,0,1,2,2,2,2,0,0,1,2,1,0,2,0,2,3,1,1,1,2,2,5,2,1,1,1,2,4,2,0,2,1,1,0,2,1,0,3,1,0,2,2,2,4,2,4,4,0
7,0,3,1,2,3,2,2,1,1,1,0,2,1,4,1,1,1,0,1,1,3,1,1,2,1,1,0,0,1,1,1,3,0,3,0,1,1,2,3,0,0,1,2,3,2,0,1,2,2,3,0,0,2,2,1,2,2,3,0,0,2,2,2,0,0,3,1,0,2,1,1,1,3,2,2,0,1,0,1,1,2,1,1,3,0,0,2,1,3,0,1,1,0,2,1,2,3,1,2
1,1,2,0,2,3,2,5,1,0,0,2,2,3,1,0,2,1,4,1,1,2,1,4,0,1,2,4,2,1,1,5,0,2,1,1,2,5,0,3,1,0,1,2,2,2,2,0,2,0,0,1,0,4,2,1,0,0,3,0,2,0,2,1,0,3,1,0,4,2,1,1,0,0,1,0,0,0,2,0,4,2,2,0,1,0,1,3,0,2,2,1,2,3,4,1,1,2,2,0
4,0,0,1,0,2,3,1,1,0,2,1,1,1,1,0,4,1,3,0,1,0,1,2,0,1,0,1,2,1,2,3,0,0,1,3,1,1,1,2,1,0,5,1,0,2,1,1,0,2,2,4,0,3,3,0,3,1,4,3,2,1,1,3,0,1,3,4,0,2,1,2,2,2,1,0,1,1,2,2,1,0,1,1,1,1,3,3,3,4,1,0,2,2,1,0,0,2,2,2
1,4,2,1,0,1,4,2,1,4,0,1,3,2,1,1,0,3,1,0,3,0,1,2,1,2,3,1,0,0,1,0,2,2,1,5,1,3,4,2,2,0,0,3,1,2,1,1,1,3,3,3,1,0,3,1,2,0,1,2,3,2,1,2,1,4,2,1,1,5,2,2,2,3,2,0,7,1,3,3,2,2,3,2,2,5,0,1,1,0,2,2,3,0,2,2,2,2,1,2
0,0,2,1,1,0,1,1,0,1,2,1,0,2,1,2,1,1,1,3,2,1,0,1,3,1,2,4,0,0,2,2,2,5,1,1,2,5,1,2,2,1,0,0,3,3,2,3,0,1,1,0,2,3,1,2,0,0,0,0,1,2,2,0,0,1,0,2,1,1,1,0,0,1,1,1,3,5,0,0,2,1,1,2,1,4,1,1,4,3,3,0,3,4,2,1,0,0,2,0
0,0,2,2,2,2,1,1,1,0,3,3,2,3,2,1,1,2,4,1,3,3,1,2,1,3,0,1,2,2,2,0,3,1,3,1,2,2,1,3,1,1,2,0,2,1,0,5,0,0,2,2,1,1,0,4,4,2,1,4,1,3,0,1,0,1,1,2,0,2,1,1,1,0,0,1,1,5,1,1,3,2,2,2,1,2,0,2,0,3,0,1,3,4,2,3,2,0,1,1
3,1,3,0,1,3,1,4,3,2,3,1,1,1,3,1,0,2,2,2,1,1,3,1,3,1,1,1,1,1,1,0,0,0,0,1,1,1,3,2,2,1,1,1,2,2,0,1,4,1,3,1,2,2,1,0,3,1,3,0,3,3,1,0,2,2,3,1,0,0,0,3,0,2,3,0,2,2,1,1,1,0,3,1,1,1,0,2,1,2,0,0,4,3,2,1,1,1,3,1
8,0,1,2,2,0,2,2,1,2,1,1,3,2,1,4,3,0,0,2,3,5,2,0,1,0,0,5,0,1,0,0,2,2,1,0,1,1,1,3,1,4,0,1,3,3,3,3,0,0,2,1,3,5,0,1,1,2,2,0,3,1,0,2,1,1,2,3,2,2,2,3,1,3,3,3,3,4,1,1,1,1,1,0,2,0,1,0,2,0,0,1,2,2,3,1,2,2,1,1
2,0,1,4,2,0,2,3,1,4,0,2,3,2,2,1,2,0,0,0,2,0,2,1,1,1,3,0,1,0,0,1,3,1,0,4,3,1,1,3,0,2,4,5,2,1,2,1,2,2,1,3,1,0,1,2,3,4,0,1,1,4,2,2,0,2,1,5,1,1,2,0,0,1,4,0,4,0,1,1,0,1,2,3,3,1,1,4,2,1,4,2,3,1,1,0,1,2,2,0
8,0,0,0,2,1,4,3,2,1,1,2,2,3,1,1,1,1,4,3,1,2,2,3,2,0,3,1,2,2,1,3,0,2,2,2,1,0,2,1,2,3,2,2,1,1,0,3,1,1,2,0,0,1,1,2,2,2,3,2,2,3,2,5,4,1,0,0,0,0,0,2,1,1,0,4,3,1,1,0,2,2,2,0,0,2,0,3,3,0,1,2,1,3,0,1,2,1,2,2
3,0,1,3,0,4,1,1,2,0,1,2,2,3,1,0,1,0,0,1,0,2,3,2,2,4,3,1,1,1,2,1,1,3,2,2,0,2,1,1,1,3,0,0,0,0,2,0,4,2,1,1,1,1,3,0,2,4,1,1,2,1,0,1,0,0,1,0,1,2,1,0,2,1,3,2,0,0,1,1,2,1,0,2,1,1,1,2,0,0,2,3,2,1,1,1,1,1,2,2
0,7,3,0,4,2,1,1,1,0,2,3,3,4,0,1,3,1,0,0,0,1,0,0,3,2,1,2,1,2,0,0,3,2,1,2,3,2,1,0,0,1,3,3,0,4,4,3,1,2,2,2,3,0,3,3,3,2,4,2,1,3,1,3,1,3,1,2,0,2,0,0,0,2,4,0,2,3,0,2,0,2,1,0,0,3,2,0,3,2,1,3,2,2,0,1,3,2,0,2
32,0,3,0,1,1,2,1,3,0,0,0,3,1,1,2,3,1,1,4,1,0,1,1,3,2,2,1,2,2,1,2,0,1,0,0,1,2,2,1,2,2,1,1,0,2,1,1,3,1,1,0,1,1,4,3,1,3,0,4,3,3,3,1,1,2,0,0,1,5,1,2,1,2,0,2,2,2,1,1,1,1,0,4,1,1,4,1,1,1,1,1,2,3,0,1,0,1,1,1
7,0,0,2,1,3,1,2,3,1,2,5,2,0,0,2,3,2,0,5,1,1,2,3,2,2,3,1,3,0,2,0,3,3,1,3,3,3,1,2,1,2,1,2,4,2,3,1,4,2,1,3,0,2,2,1,2,3,3,1,1,1,0,0,4,1,1,3,2,3,3,1,2,0,1,1,3,3,1,0,0,1,2,1,0,3,4,2,1,0,0,1,0,3,1,1,2,1,1,5
1,0,1,1,2,5,0,1,1,0,0,1,0,1,3,3,1,1,0,1,3,0,1,2,0,2,3,2,4,0,1,1,2,1,3,1,2,2,4,1,1,5,1,1,2,3,0,0,2,1,4,1,4,2,0,0,1,3,2,3,1,2,1,3,1,3,1,0,1,0,0,1,0,1,2,1,0,3,8,2,2,3,0,2,4,3,4,1,2,4,1,0,2,0,1,2,0,1,2,1
3,0,0,5,1,0,1,0,1,0,0,5,2,1,0,0,2,1,1,4,0,2,2,0,4,0,3,0,0,4,0,0,3,3,3,1,0,1,1,2,0,0,1,1,3,2,2,1,1,2,1,0,3,1,1,3,0,4,0,1,3,3,2,2,0,0,0,1,1,1,2,2,2,4,2,0,1,1,2,3,2,1,3,0,4,2,0,2,1,3,2,1,3,1,1,4,0,5,4,1
0,2,2,2,0,0,1,2,0,4,1,4,1,0,1,2,0,2,1,1,1,3,1,2,0,2,1,0,1,3,1,1,1,1,1,2,1,1,1,5,2,1,2,2,3,2,0,1,0,3,1,0,1,1,2,1,3,1,0,0,2,2,0,1,3,1,1,0,1,2,2,1,4,1,0,1,4,3,1,1,0,1,3,0,1,2,1,0,0,1,0,5,0,1,2,0,0,4,1,3
3,4,1,2,2,2,1,1,1,3,1,2,4,2,0,1,1,6,1,2,1,4,4,3,2,5,0,1,2,4,1,1,1,2,1,0,2,0,2,1,2,2,2,4,3,1,2,1,0,1,2,1,1,3,1,1,1,2,2,3,0,3,1,0,2,0,2,1,2,0,2,1,1,1,1,0,2,1,0,1,3,2,3,2,2,3,0,3,2,1,0,0,1,1,2,0,1,0,3,5
0,0,1,0,2,0,5,0,3,4,1,1,3,2,2,0,0,0,2,1,1,2,2,1,3,1,4,1,2,0,1,1,0,0,1,3,0,1,0,3,2,1,2,3,1,0,2,2,2,0,7,2,1,1,1,4,2,1,3,2,5,0,2,2,1,2,1,0,2,3,1,0,1,2,4,1,2,1,2,1,1,2,1,0,1,0,1,2,2,1,0,0,3,2,2,2,1,2,2,2
10,0,2,3,1,3,1,1,1,3,0,2,1,2,1,3,0,1,2,0,2,1,3,4,2,0,2,4,2,1,1,1,2,0,0,1,1,6,2,0,2,1,2,2,3,1,0,2,2,5,2,3,2,1,1,1,3,1,0,1,3,1,4,0,2,2,2,3,5,2,1,2,1,2,3,0,2,1,2,0,1,1,1,0,3,1,2,0,2,0,2,2,0,1,0,0,0,2,3,2
0,8,1,1,1,2,0,1,1,1,2,0,2,5,1,1,3,1,0,2,3,0,1,1,1,3,3,2,0,3,2,2,1,2,0,2,2,0,0,2,1,2,2,4,3,0,0,4,2,5,0,1,2,2,3,2,1,0,2,3,3,0,1,1,1,2,2,1,2,1,2,2,1,5,3,1,0,1,3,0,5,0,1,2,0,2,4,2,4,0,3,1,0,0,1,3,4,1,2,3
3,1,0,0,0,1,2,0,2,2,1,2,1,1,1,0,2,1,0,1,1,1,1,0,0,1,1,2,1,0,2,0,1,1,0,1,4,1,0,0,1,0,1,1,2,1,0,1,2,0,2,3,1,3,3,2,1,0,3,2,3,1,0,3,2,1,2,2,2,0,3,1,4,1,1,4,1,0,3,3,0,1,2,2,2,0,1,3,0,1,3,1,0,1,1,4,2,3,3,2
3,2,1,1,2,4,1,2,3,0,0,2,1,0,1,2,2,2,3,0,3,1,2,1,1,2,3,1,1,0,0,2,1,1,2,3,5,3,0,1,2,1,3,2,1,3,1,3,0,2,1,3,2,1,4,3,3,2,1,1,0,1,4,1,2,0,5,2,0,4,6,1,1,1,2,0,1,4,2,3,2,0,1,2,1,0,0,0,0,1,1,0,3,0,1,2,1,1,1,3
2,4,0,2,1,1,2,1,1,3,0,1,2,3,2,1,1,1,1,2,0,3,2,0,3,0,1,4,1,2,1,2,1,3,4,1,1,2,0,4,2,2,1,1,1,1,3,2,0,1,1,0,5,2,0,1,2,1,1,1,1,1,2,2,0,1,3,2,1,2,2,7,2,0,0,4,0,1,3,0,1,2,3,0,2,1,0,1,1,2,2,3,3,3,3,1,3,1,2,3
3,0,3,2,1,2,2,2,1,0,1,2,2,0,3,1,1,5,1,2,1,2,1,3,0,0,2,2,4,3,3,1,1,2,3,4,1,0,2,0,2,2,2,2,1,1,0,2,2,2,0,1,2,0,2,3,2,1,0,1,1,2,0,2,2,1,0,0,2,1,1,1,3,1,0,0,0,3,2,2,2,0,1,1,2,2,3,2,2,2,2,2,0,1,4,1,2,0,2,2
5,0,0,1,2,2,1,1,3,1,2,0,1,1,0,2,1,1,1,1,3,1,0,3,3,1,1,2,1,2,3,1,0,2,1,2,1,1,0,0,2,0,2,3,0,1,1,0,2,0,1,1,3,6,0,3,1,2,2,0,1,2,2,1,1,0,3,0,2,0,2,2,2,2,2,2,1,3,1,0,1,4,2,2,3,2,1,2,2,1,0,3,1,2,1,1,2,1,0,2
1,4,4,2,3,1,0,2,0,0,4,1,2,1,1,2,2,0,1,2,0,1,2,3,1,3,1,1,0,0,0,0,3,1,0,1,4,2,0,0,1,2,2,1,4,0,2,2,0,0,1,5,3,0,2,1,0,2,3,1,0,1,1,2,0,0,0,1,1,0,1,0,2,1,1,3,1,2,1,1,4,1,0,3,2,1,3,1,1,0,3,1,1,2,1,3,1,2,3,1
2,0,2,1,4,0,3,1,3,2,2,2,2,3,2,1,1,0,1,1,1,1,0,2,1,1,1,2,0,1,2,1,3,1,1,1,2,2,0,1,2,0,1,3,1,1,3,1,2,2,1,1,1,1,0,1,1,2,1,0,0,0,2,1,2,2,0,2,2,0,1,1,2,3,2,1,1,1,1,2,1,2,1,0,1,2,1,2,3,0,3,1,1,4,1,1,2,1,1,0
5,0,0,1,1,3,2,2,1,1,0,3,2,1,4,2,3,1,3,3,2,3,0,3,2,3,1,2,2,1,2,2,1,0,2,0,2,0,0,1,2,1,3,2,1,0,3,1,1,2,2,0,0,2,1,2,1,1,0,1,2,1,1,2,1,1,1,2,2,0,0,5,1,2,0,1,0,2,5,0,1,1,0,3,1,2,1,3,3,1,1,3,1,2,2,2,0,2,0,0
1,6,1,2,1,3,0,1,4,2,2,0,1,1,4,1,2,0,2,2,1,1,1,2,1,2,2,2,3,1,1,0,0,3,1,1,1,3,2,1,1,1,1,1,0,3,1,0,2,2,1,4,2,2,0,2,3,0,0,3,3,1,2,3,3,5,4,2,1,1,3,0,2,0,1,0,1,1,1,0,2,1,5,2,1,3,1,1,0,0,3,0,0,3,0,2,0,0,3,1
0,5,1,1,1,1,4,2,0,3,1,2,2,0,1,1,1,0,1,1,1,1,6,0,0,0,0,0,2,0,0,2,2,1,2,2,3,0,1,1,3,0,1,2,2,2,1,1,1,0,4,4,1,1,1,3,3,1,3,0,3,1,3,0,3,1,1,3,0,0,2,1,2,0,2,1,1,2,1,1,0,3,2,1,3,0,3,3,2,2,3,4,3,5,2,2,0,3,2,2
7,1,2,1,0,2,3,2,0,1,2,0,1,1,3,1,1,2,2,1,0,0,1,0,1,1,1,2,1,2,2,2,1,2,1,2,1,2,2,2,2,1,1,0,2,0,0,1,0,1,0,2,1,1,1,2,3,3,0,0,3,1,0,2,1,3,0,4,2,0,3,3,4,0,1,2,1,1,1,3,1,1,0,0,1,0,2,2,1,1,1,3,1,1,1,1,2,7,3,1
1,13,3,1,1,2,2,3,1,2,1,0,1,3,0,4,1,3,3,4,1,3,2,4,1,2,2,0,2,2,1,1,0,0,1,1,2,0,2,1,2,0,1,1,1,6,1,4,2,3,2,2,4,1,2,0,1,4,2,0,1,2,1,1,1,1,1,2,3,3,1,1,3,1,3,3,3,0,2,0,1,4,1,2,1,1,0,1,2,1,1,1,2,1,1,0,1,1,0,2
17,0,0,1,3,1,1,2,2,2,3,2,3,1,0,1,2,4,1,0,1,1,0,1,1,0,0,1,1,1,0,1,3,0,1,2,3,0,3,2,0,1,2,0,2,1,0,1,1,1,0,2,1,2,2,0,3,2,1,2,1,3,1,1,0,2,2,0,1,1,2,0,0,2,3,3,1,4,0,3,0,1,1,2,2,1,3,3,1,1,0,2,1,2,2,1,3,3,1,2
1,0,1,0,3,2,1,2,2,2,1,1,1,1,3,0,1,3,0,1,0,2,1,2,4,3,1,1,3,2,0,2,3,1,4,2,0,1,1,7,2,3,1,3,0,2,1,3,1,5,0,1,1,2,2,1,2,2,2,3,1,1,1,2,4,3,1,0,2,0,2,2,1,1,1,2,1,1,4,1,0,0,3,2,2,0,2,4,0,3,2,1,0,1,2,0,1,1,0,1
3,0,2,0,1,1,2,0,2,1,0,3,3,4,1,0,0,2,2,0,0,3,3,2,2,2,1,0,2,4,0,2,2,1,2,2,0,2,3,3,1,3,0,3,2,2,0,2,1,0,2,1,0,2,0,0,1,2,2,1,1,2,5,1,2,0,2,0,0,2,1,1,2,1,3,2,2,0,1,1,3,2,1,0,3,2,2,1,3,2,1,4,2,0,0,0,0,1,1,3
8,0,0,0,1,2,0,1,1,3,3,1,0,2,2,1,2,1,2,0,0,4,0,2,1,1,2,3,0,1,4,1,1,2,2,4,1,0,3,1,2,2,0,2,0,1,1,2,1,4,1,1,1,1,1,1,5,1,1,1,0,3,3,1,3,0,2,2,0,3,1,2,1,1,3,0,0,3,0,1,0,1,1,3,2,3,1,3,1,0,1,2,0,1,1,1,4,0,1,3
0,0,3,0,2,2,2,4,1,0,3,1,1,1,2,1,1,4,0,3,3,2,1,1,1,1,2,2,2,3,1,2,1,0,3,4,1,1,1,2,1,2,0,0,0,2,2,0,3,1,1,3,1,0,1,1,0,4,3,2,0,1,2,0,1,1,6,5,1,0,4,0,0,2,2,2,1,2,1,1,2,2,2,3,0,1,2,6,0,2,0,2,1,2,0,1,0,7,2,1
2,2,1,4,0,1,2,0,0,1,0,2,4,1,1,1,4,4,1,2,0,0,1,2,2,0,3,1,2,2,0,3,3,3,3,1,2,1,1,2,3,2,0,1,0,0,0,1,1,5,1,0,1,2,2,0,0,1,3,2,4,3,1,0,2,0,0,1,3,1,2,0,2,0,1,0,0,2,0,2,4,3,2,1,2,1,0,4,4,3,1,2,3,0,0,1,1,2,0,2
0,4,0,0,1,2,2,2,2,2,2,2,0,2,3,2,3,0,1,2,2,0,2,0,1,0,0,2,3,3,2,2,0,2,1,2,2,3,0,2,0,1,1,1,2,2,3,1,1,2,1,2,3,2,1,0,1,1,1,3,1,3,2,1,0,0,0,2,2,0,2,1,2,1,0,2,0,1,3,4,1,2,2,0,0,1,1,2,3,1,3,1,4,5,1,3,3,1,2,2
1,3,3,1,1,1,0,1,3,2,4,2,2,1,2,1,1,1,1,1,2,1,5,3,1,2,0,2,1,0,2,0,0,1,2,3,0,2,0,2,1,0,3,1,1,1,1,0,4,1,2,0,2,2,2,1,0,0,1,2,1,0,2,3,1,1,3,1,1,1,1,1,3,0,0,1,4,2,2,1,3,2,1,3,4,0,0,0,1,4,1,0,3,2,2,1,2,4,1,3
1,0,1,2,0,0,0,1,2,2,0,2,1,4,1,1,0,1,1,0,4,1,2,1,2,1,1,1,1,3,4,0,1,2,1,1,3,0,0,1,0,2,0,1,3,1,1,1,1,1,1,0,1,4,1,4,1,2,3,0,3,4,2,2,1,3,2,2,3,2,1,1,1,1,1,1,0,2,1,1,1,1,2,0,4,2,0,0,3,4,1,1,2,2,0,3,4,3,2,1
0,0,2,0,2,3,0,0,1,0,1,4,0,3,0,4,0,1,1,1,1,1,1,2,2,2,1,1,3,1,0,1,1,1,0,0,0,1,1,1,0,1,2,0,0,0,0,1,4,1,2,1,2,2,2,1,3,1,0,3,1,0,3,1,1,1,0,2,4,2,2,1,3,2,2,1,3,1,1,1,2,1,3,0,0,3,1,2,2,1,1,2,2,2,2,3,1,3,1,2
2,0,2,0,2,1,2,3,1,2,0,2,0,0,1,0,0,2,3,2,2,2,3,3,1,1,0,1,2,2,1,2,2,0,3,0,2,1,3,3,1,1,2,2,1,2,2,1,1,2,1,1,3,3,1,3,0,0,1,1,2,0,3,3,3,3,0,0,1,2,0,1,1,1,4,2,1,1,0,0,2,0,3,1,0,4,2,1,1,1,1,0,0,0,1,1,1,2,0,1
0,3,1,2,2,3,2,1,1,0,1,2,2,2,0,2,0,0,6,2,2,2,0,0,1,2,3,1,0,1,0,3,1,2,1,1,1,3,1,1,0,2,1,0,0,2,1,4,0,1,1,2,2,0,1,3,3,3,2,1,0,5,4,3,3,1,0,0,2,0,1,1,1,1,3,3,0,1,2,2,1,2,2,2,0,3,1,4,0,4,1,1,2,0,1,2,3,5,1,0
1,1,2,1,0,0,3,2,3,1,1,0,0,1,8,0,1,0,4,1,1,0,1,3,1,2,1,0,2,1,2,1,1,1,2,2,3,1,3,2,1,1,1,3,0,1,0,1,0,1,0,1,0,2,4,1,2,1,0,2,2,1,1,1,4,2,1,2,1,1,2,0,0,0,4,2,2,0,3,0,2,3,1,1,2,0,5,1,1,2,4,0,2,1,3,0,2,2,1,2
2,3,0,0,2,2,1,3,5,0,4,1,2,1,0,0,0,3,2,0,3,0,2,2,2,2,2,0,2,1,2,2,2,2,4,4,4,0,2,2,1,2,3,0,3,0,1,1,1,1,0,1,0,0,0,3,0,1,1,4,0,4,2,1,1,3,4,2,2,1,2,2,1,1,0,0,0,0,0,0,0,1,0,3,3,0,2,2,2,0,4,3,3,1,2,2,2,3,3,0
4,0,1,1,2,2,1,2,3,1,1,2,1,1,2,0,0,1,1,1,2,3,1,2,2,3,4,2,0,3,3,2,1,2,0,2,1,2,2,1,2,0,1,1,2,1,2,1,0,2,2,1,0,6,1,0,1,0,0,4,1,3,2,1,0,2,3,1,2,0,1,1,2,2,1,0,2,0,0,1,1,1,1,3,2,0,3,2,2,1,1,1,1,5,4,1,1,3,1,2
0,0,1,3,0,2,2,1,0,1,2,1,0,0,2,2,1,3,1,1,0,2,1,1,2,0,1,1,2,2,2,0,1,0,0,3,2,1,2,1,4,3,1,2,2,1,1,4,2,5,2,0,0,0,1,0,0,1,1,1,0,2,2,2,1,1,0,1,2,3,2,4,1,2,4,2,0,2,1,3,1,2,2,0,0,1,0,3,0,1,3,1,0,1,1,1,1,0,3,2
0,3,3,1,1,1,4,0,1,1,2,1,1,0,1,2,0,0,4,1,1,1,0,1,2,0,2,2,3,1,0,0,1,1,0,0,3,3,0,3,1,2,1,0,1,1,2,0,1,1,4,0,3,2,0,2,0,2,0,5,1,1,3,0,3,1,0,0,2,0,2,1,1,0,2,1,5,2,5,1,1,2,3,1,0,0,2,1,0,1,2,2,3,1,2,3,2,2,1,1
14,0,1,6,3,1,3,4,1,1,2,0,2,1,1,1,1,1,2,3,2,1,1,3,2,4,2,1,1,0,0,1,3,0,2,2,2,2,1,3,1,2,1,2,2,2,2,1,3,0,2,2,0,3,1,1,0,1,1,1,1,0,1,0,1,2,2,2,0,0,2,2,1,0,1,0,5,1,1,2,1,1,2,2,2,0,2,1,2,1,1,2,3,0,1,2,1,4,1,1
0,0,1,0,3,1,2,2,1,0,4,2,0,1,0,1,2,3,1,2,2,0,2,4,1,2,4,2,1,1,3,0,1,2,0,3,2,1,2,4,0,2,4,0,2,2,1,2,1,1,1,6,1,0,2,2,0,0,0,2,1,2,3,1,1,1,4,1,2,2,1,1,2,1,4,1,4,3,2,1,0,1,1,1,0,3,2,2,1,1,2,2,2,0,5,0,2,1,1,0
10,0,0,1,0,2,0,1,1,1,1,3,2,1,2,1,0,1,1,0,1,0,2,0,0,0,3,3,0,1,2,0,3,3,0,1,2,1,1,1,2,2,2,1,3,0,1,1,1,2,3,1,0,3,1,2,1,1,1,1,2,3,1,5,2,0,3,2,2,2,1,6,0,0,2,0,4,0,3,1,2,0,2,0,1,1,2,2,1,1,1,4,2,0,2,2,3,0,2,2
0,16,1,1,0,0,1,0,1,1,2,4,1,3,1,1,1,0,2,2,3,0,4,0,2,4,0,3,1,0,1,3,0,1,2,1,0,2,4,4,1,0,4,3,3,3,0,0,1,2,1,3,7,0,0,1,0,1,0,0,4,1,3,3,0,2,1,0,2,2,2,0,2,1,0,2,3,0,1,1,0,1,6,0,2,1,2,1,2,1,1,1,5,1,4,1,0,0,0,1
10,0,2,1,2,2,3,1,0,1,2,2,1,1,2,1,3,2,2,0,2,0,1,0,3,1,4,1,1,2,1,3,3,1,3,1,2,1,3,1,1,0,1,0,3,2,1,4,4,1,2,1,3,1,3,3,3,2,3,0,0,1,0,4,1,0,0,2,1,0,3,0,2,2,1,0,2,1,0,3,1,1,0,3,2,1,1,1,2,1,2,0,2,0,1,1,0,2,1,3
10,0,0,2,1,0,1,1,0,3,1,2,1,2,1,1,2,1,2,0,1,0,0,0,3,1,0,2,1,1,1,1,1,2,2,3,1,3,1,2,3,1,0,3,1,3,3,2,2,2,2,2,1,1,2,1,2,0,0,3,2,0,2,0,0,1,0,1,0,3,0,2,1,3,4,4,2,1,1,2,5,1,2,1,2,1,1,2,2,0,0,0,1,1,2,0,1,0,0,5
4,1,1,2,5,2,4,2,0,1,0,3,1,3,1,2,1,2,1,1,0,1,1,2,0,1,3,0,1,1,1,3,0,3,0,2,1,2,1,2,0,3,2,1,3,1,0,3,2,1,2,1,1,0,2,4,2,2,1,1,2,2,2,0,3,1,4,2,1,2,1,0,2,0,2,2,3,0,1,1,2,1,1,2,0,0,3,0,2,0,3,3,1,2,0,1,0,4,1,2
0,5,0,1,0,1,1,0,1,4,0,1,1,2,4,1,0,0,0,0,2,0,3,0,0,1,1,0,1,3,0,1,0,0,1,4,3,0,1,4,1,2,2,1,0,3,1,1,1,2,1,1,1,1,1,2,2,1,2,1,1,2,3,0,2,5,0,1,1,2,0,1,2,1,3,0,2,2,1,2,1,1,3,1,1,2,2,0,0,1,4,2,3,0,0,0,1,4,0,0
0,2,0,2,5,1,0,0,3,1,2,1,4,1,3,0,3,0,1,1,2,1,2,2,1,1,3,0,0,0,2,2,4,2,1,0,1,1,4,1,1,1,1,1,1,1,3,1,1,1,0,2,1,2,2,2,1,1,0,0,1,2,3,1,1,0,0,2,0,1,1,1,3,4,1,2,2,0,1,2,2,2,0,1,1,2,3,1,3,1,1,2,0,1,0,2,1,2,6,2
1,0,1,3,0,0,2,2,2,2,1,0,1,3,2,2,1,2,3,3,2,0,1,2,1,2,2,1,1,1,3,1,3,1,0,3,1,0,0,0,1,1,0,2,2,1,2,2,0,1,2,3,3,3,2,0,0,0,0,1,1,2,1,4,2,2,1,2,0,1,1,0,1,1,4,4,4,1,1,1,1,4,0,0,1,1,3,2,0,1,2,3,0,1,0,1,1,3,0,3
0,1,0,3,1,1,2,1,1,2,2,3,3,1,4,0,0,1,0,1,2,4,3,3,0,2,2,2,1,2,1,2,1,1,1,0,0,4,2,6,2,1,2,3,2,1,2,2,1,0,4,2,1,2,1,0,0,0,1,0,2,2,2,0,2,1,3,1,0,0,0,0,2,2,2,2,4,4,4,1,1,1,1,1,0,2,1,2,1,1,4,2,1,1,2,1,2,3,0,0
2,4,1,3,1,1,4,2,0,0,1,3,1,2,1,1,2,2,0,1,2,2,1,2,2,2,3,0,0,2,1,2,0,3,1,2,1,0,3,3,1,1,0,2,2,0,1,0,1,2,5,0,2,0,2,1,2,3,2,1,0,1,2,2,1,5,0,0,0,2,1,2,1,5,0,0,4,0,3,0,0,1,2,2,1,0,1,1,6,1,0,1,3,2,1,0,2,2,2,1
7,5,3,4,1,3,2,3,0,3,3,1,0,1,0,2,1,0,0,2,2,1,2,2,0,0,0,2,0,2,2,0,3,2,2,1,1,1,6,2,1,5,2,3,1,0,1,3,2,2,1,2,1,1,0,2,0,2,0,1,3,2,1,1,1,3,1,0,0,1,0,2,3,2,0,3,3,2,1,2,2,3,1,3,0,0,0,2,1,0,1,0,2,2,2,1,1,1,1,1
3,0,1,4,4,1,1,0,0,2,3,1,2,1,1,5,1,1,0,1,0,0,2,1,2,5,2,0,0,3,2,2,3,2,2,2,2,1,3,1,0,2,0,3,3,2,1,1,1,1,0,0,1,0,0,0,1,1,2,4,0,3,2,1,3,0,2,1,3,2,0,0,1,4,2,0,4,1,2,1,1,0,1,1,3,2,2,1,1,1,2,0,1,0,2,1,2,0,2,4
1,3,1,4,1,0,2,3,4,4,1,0,2,3,3,3,0,2,0,1,1,5,2,1,1,0,2,0,1,2,0,1,1,3,1,0,1,1,0,3,0,2,1,1,0,0,0,1,1,1,0,1,0,1,3,3,0,2,2,2,1,0,3,0,2,0,3,2,2,1,1,1,2,3,1,1,3,2,0,0,2,2,1,4,3,1,5,2,3,1,3,0,1,0,2,1,1,0,0,1
5,1,1,4,2,5,3,2,0,2,1,1,1,1,1,1,3,1,3,0,1,0,1,0,0,3,2,4,1,2,1,4,1,0,2,2,0,3,0,1,4,3,1,1,2,1,0,1,1,4,3,1,1,2,2,1,1,3,2,0,3,3,4,1,2,0,1,0,2,2,2,2,3,1,2,2,1,4,1,1,1,1,3,1,1,5,1,2,4,3,0,1,3,2,2,1,1,1,3,5
2,0,4,0,1,1,3,3,1,0,2,2,2,2,1,1,1,1,1,2,2,1,2,3,1,1,1,2,1,2,0,0,1,2,2,1,1,1,2,2,2,0,4,3,2,2,1,3,4,5,3,2,0,0,0,1,4,1,0,0,1,3,1,1,1,0,0,3,1,4,2,2,2,1,0,0,2,1,2,4,1,2,4,0,3,0,0,1,5,1,2,0,2,2,1,2,1,1,1,0
14,1,0,1,0,1,0,1,1,0,2,5,2,1,1,1,0,1,2,0,0,3,0,0,1,0,3,2,1,0,3,2,4,2,2,1,3,2,1,3,1,2,1,2,2,2,0,3,4,4,1,4,2,2,1,0,2,0,0,2,4,1,4,2,0,0,6,2,3,3,1,1,1,2,1,2,0,1,1,3,1,1,2,0,2,2,0,0,1,2,1,3,1,2,2,1,1,1,0,0
2,1,1,1,0,4,1,2,1,1,1,1,4,0,1,1,1,2,1,1,2,4,2,2,0,0,0,0,3,1,0,1,0,4,1,3,2,0,1,1,1,3,0,0,1,1,5,1,0,2,3,1,0,0,0,1,2,0,1,3,3,0,1,1,2,1,0,1,1,3,1,2,2,1,4,1,3,1,2,2,0,3,0,2,1,3,1,0,1,0,0,0,0,2,2,0,1,0,2,1
3,0,0,1,2,0,1,4,1,3,0,4,0,2,0,1,0,3,0,5,0,1,2,1,2,1,2,2,1,1,0,2,4,3,0,2,2,2,1,0,2,1,2,3,2,0,3,0,1,0,1,0,4,1,0,2,1,1,1,2,1,1,1,3,1,0,3,1,1,1,2,1,1,2,4,2,2,1,3,3,1,1,0,1,1,1,3,0,0,4,1,2,0,2,1,4,0,1,2,1
3,3,1,0,1,0,3,1,1,2,2,1,3,4,1,1,2,1,2,1,4,4,1,0,1,0,2,2,0,2,2,1,1,0,1,2,1,2,1,0,2,2,0,1,2,3,0,1,1,0,1,3,2,1,0,2,5,1,0,0,2,0,1,2,1,1,0,1,1,2,2,0,2,2,4,0,0,2,1,1,0,1,3,0,1,0,1,2,1,2,2,1,1,1,1,1,3,2,2,4
2,0,2,5,3,1,0,4,1,0,1,3,4,2,1,4,2,1,1,0,2,0,2,3,0,0,4,0,3,0,3,2,0,0,4,3,1,4,0,0,3,0,0,4,4,2,0,1,1,1,3,2,0,3,2,2,5,1,2,1,3,2,3,0,0,1,1,0,1,1,1,0,2,0,2,1,2,1,0,2,1,3,2,2,1,1,2,2,3,0,1,5,0,1,1,3,1,1,1,1
8,0,0,3,3,2,1,1,2,0,4,3,0,0,1,0,1,1,1,1,0,2,1,0,2,1,2,2,3,1,4,1,1,1,3,2,6,1,2,1,3,2,2,2,3,1,1,0,3,0,1,1,2,2,2,1,1,4,0,1,2,1,0,3,2,3,2,0,0,0,2,0,0,2,1,0,0,0,0,2,1,0,0,0,1,1,2,2,3,3,3,2,2,1,0,1,2,2,1,2
0,1,1,0,1,2,3,3,1,1,3,1,0,4,0,5,1,3,0,0,2,1,2,1,2,0,2,1,4,2,1,1,1,1,0,1,2,1,3,1,2,0,1,1,1,0,5,1,2,4,2,2,1,1,1,3,2,3,3,4,1,2,1,1,1,2,3,1,1,0,2,2,0,4,0,2,1,1,2,1,1,2,3,2,0,2,4,0,2,3,1,1,1,1,1,2,0,2,2,4
1,3,1,1,0,1,2,1,2,1,3,2,1,2,0,0,0,1,3,0,0,2,0,0,1,1,1,2,2,3,1,3,0,1,0,1,2,1,2,4,1,5,5,2,0,1,2,1,2,0,2,0,0,1,1,0,2,0,0,3,3,2,4,1,1,2,3,0,5,0,0,0,0,2,2,0,2,1,1,0,2,0,1,2,0,1,1,4,2,1,2,1,3,1,0,0,1,0,2,1
6,3,2,4,0,3,3,0,4,0,3,0,2,2,0,2,0,3,2,0,0,2,0,1,3,1,0,0,2,4,1,2,1,4,2,2,1,3,1,0,1,0,2,0,0,6,2,2,2,0,3,0,1,0,2,2,2,1,1,2,0,4,2,0,1,1,1,1,1,3,0,2,2,4,3,1,1,4,1,1,2,3,3,1,1,0,3,2,1,1,1,4,3,1,1,1,1,3,1,1
2,0,1,1,1,3,4,2,0,1,1,0,1,1,0,5,0,0,1,0,1,2,1,0,2,1,1,1,1,0,0,1,1,2,2,3,2,2,2,3,1,3,1,1,2,0,1,1,1,2,1,2,2,1,2,1,0,1,1,3,2,4,0,2,2,0,0,2,1,2,3,4,3,0,1,1,0,1,1,4,3,0,2,1,0,2,3,4,2,2,0,1,0,2,1,1,1,4,0,2
0,7,1,2,2,2,0,2,1,1,1,2,1,0,1,1,1,0,5,0,1,3,2,3,1,1,2,1,1,1,1,2,2,1,0,1,1,2,2,2,2,3,3,3,1,2,1,0,1,2,2,2,0,2,3,1,1,4,1,2,1,2,1,2,1,2,1,2,0,1,2,2,1,2,0,3,1,2,3,2,1,3,1,3,0,0,0,1,4,3,3,1,2,1,3,3,0,1,2,1
5,4,0,1,1,1,2,0,0,0,1,2,0,0,1,0,3,3,1,1,3,2,2,0,0,1,1,1,2,0,4,1,1,3,1,1,1,1,1,2,1,3,2,1,0,2,1,1,1,1,5,1,1,1,2,2,1,1,0,2,3,1,7,3,2,1,4,0,2,2,2,0,3,1,5,3,1,3,1,1,0,0,2,1,1,0,1,1,1,1,2,1,1,0,3,0,2,3,1,3
3,2,1,1,1,3,1,2,0,2,1,1,0,2,0,1,0,0,0,4,0,1,1,0,1,1,2,3,1,1,1,2,1,1,6,2,3,1,2,2,1,1,2,0,1,3,3,2,1,1,2,1,3,1,3,3,2,1,0,2,2,2,0,1,0,2,3,0,0,0,0,3,4,2,0,0,2,1,2,2,1,0,0,2,1,1,1,0,1,0,2,2,1,1,3,1,1,4,2,2
3,0,1,1,2,1,2,0,1,2,1,0,1,1,2,1,2,1,1,2,2,1,2,1,0,3,0,1,0,1,1,1,4,1,1,2,2,1,0,3,2,2,2,3,2,2,3,2,1,0,0,2,6,0,2,3,4,1,0,2,2,5,0,0,1,2,1,3,3,2,1,1,1,3,2,1,0,1,0,0,0,3,0,1,1,1,0,3,1,1,1,1,2,3,1,5,1,1,3,2
0,0,3,1,3,0,3,0,2,1,1,1,1,5,2,1,2,2,1,2,0,1,0,2,3,2,1,4,2,1,4,3,4,0,4,3,2,2,0,3,1,1,2,3,1,3,4,1,1,2,1,1,0,3,5,2,2,2,2,0,1,1,3,1,0,1,3,2,0,1,4,2,0,1,0,1,0,1,0,7,1,0,0,1,2,2,0,3,2,3,1,1,0,1,1,4,3,2,3,0
3,0,2,0,1,1,0,2,0,2,0,2,4,1,0,2,3,0,4,1,2,1,3,1,1,2,3,3,1,3,2,2,0,0,2,2,0,4,3,1,2,0,1,2,0,3,3,1,1,0,1,2,3,2,3,2,1,2,1,0,1,6,1,1,0,1,2,0,1,1,1,1,2,2,1,4,4,1,0,1,1,3,2,2,2,2,3,2,2,0,0,2,2,1,2,4,0,3,3,1
3,5,0,1,1,4,0,2,2,0,1,3,0,0,3,1,2,1,1,2,5,0,0,5,2,1,2,1,0,0,0,2,2,2,1,2,2,4,2,1,0,1,1,1,2,1,1,0,2,1,1,0,1,2,2,1,1,0,2,3,0,2,0,3,2,0,1,1,0,1,0,2,3,1,0,0,1,2,2,1,0,1,2,0,0,2,1,3,3,1,0,3,3,1,3,0,4,0,4,0
1,14,1,2,0,1,1,1,0,3,0,2,2,3,2,0,2,0,1,0,1,0,2,0,3,3,1,1,0,0,1,1,2,1,2,5,0,1,2,5,0,1,1,2,2,1,1,1,0,2,4,1,1,3,0,1,2,2,1,0,2,2,1,1,2,0,0,1,2,0,2,0,1,3,0,1,2,0,1,2,0,3,3,2,0,1,4,4,1,1,2,1,1,2,2,4,2,2,0,1
14,0,0,3,0,2,0,4,0,3,1,1,1,2,0,1,1,2,0,1,3,1,1,1,2,2,0,2,0,2,2,1,0,0,1,3,3,2,0,1,2,3,5,3,4,5,1,1,2,0,2,2,1,2,3,2,0,0,1,2,4,5,1,2,0,4,1,1,0,1,1,2,0,1,1,0,0,3,0,4,3,4,2,2,1,1,1,4,1,2,1,2,3,0,3,0,0,1,0,0
1,0,1,2,2,1,1,0,0,1,0,0,1,3,2,0,1,1,2,1,1,1,1,0,2,2,0,3,0,1,2,1,2,1,4,0,0,0,3,2,1,2,4,2,3,3,0,0,2,2,2,1,1,0,3,1,0,0,4,2,3,1,5,2,1,2,2,2,0,0,1,3,1,1,2,1,2,0,1,1,0,2,0,0,2,1,3,3,1,5,1,1,3,1,1,1,3,1,1,1
2,2,1,1,1,1,1,1,1,0,1,1,0,0,2,2,3,1,1,0,1,3,2,3,1,2,5,1,1,1,2,0,3,0,4,1,0,1,0,1,1,2,1,0,0,1,0,0,1,1,1,3,2,0,1,1,3,3,3,3,0,1,1,2,0,0,0,4,2,0,4,2,1,2,0,2,0,1,2,2,2,2,2,1,2,0,2,2,2,2,3,1,0,1,1,4,2,1,2,1
2,0,0,1,1,1,4,1,1,2,0,0,2,0,1,1,1,0,1,3,0,4,2,1,0,1,1,3,0,2,1,1,2,2,0,3,1,3,1,0,2,1,1,0,0,1,0,3,0,3,0,3,0,3,0,2,0,2,1,2,1,1,0,3,2,1,1,1,1,4,4,1,4,4,1,4,2,1,2,3,0,3,1,0,0,2,2,2,4,3,1,3,1,1,0,1,3,3,0,4
1,1,1,2,1,0,0,3,2,2,1,4,1,2,2,1,5,1,2,3,2,2,2,1,1,1,1,1,2,1,1,1,1,1,0,2,2,1,2,1,0,1,2,0,1,6,1,3,1,3,1,1,1,0,2,0,0,5,2,0,0,1,4,1,1,1,2,0,0,1,4,4,2,1,0,4,2,3,2,2,1,3,0,1,3,2,0,2,4,1,0,1,2,4,1,1,0,4,0,0
2,0,1,1,3,2,2,1,0,2,2,4,1,1,0,5,1,2,1,1,1,3,0,2,1,2,1,3,3,0,3,1,0,0,2,3,0,1,2,1,1,0,1,3,2,1,4,0,1,0,0,1,0,2,1,0,0,0,1,2,0,1,0,2,3,4,2,1,3,2,0,1,2,1,1,1,1,2,0,2,3,1,0,1,2,0,1,4,0,0,1,1,2,5,2,2,0,0,1,1
0,2,2,3,2,1,2,1,1,0,2,1,3,0,3,2,1,4,1,1,0,1,1,1,2,2,1,1,2,0,0,1,2,1,2,4,2,0,2,3,2,1,1,3,1,5,1,4,3,1,1,1,1,2,1,8,2,2,3,2,0,3,4,2,1,2,3,1,1,0,1,2,0,3,3,0,1,3,2,3,3,0,1,3,3,2,2,1,0,0,1,3,1,1,1,1,0,0,1,1
0,2,0,4,0,1,3,4,3,3,1,2,2,0,4,5,1,0,0,1,2,2,2,3,3,3,1,0,1,0,2,3,0,2,2,2,2,2,2,2,3,0,1,2,3,0,1,2,1,0,2,1,1,1,3,0,1,3,0,4,1,2,0,1,2,2,0,1,0,0,2,3,3,1,1,1,1,0,0,0,3,2,0,0,1,1,3,0,3,1,0,4,2,2,1,0,4,2,4,2
0,6,1,0,2,3,4,1,0,2,3,4,1,1,3,3,1,4,2,1,0,1,0,2,1,0,3,3,1,2,2,2,2,2,3,4,1,0,3,2,6,2,5,1,0,0,2,1,1,3,0,1,2,3,2,2,3,1,1,0,1,0,0,2,1,1,0,3,2,0,2,2,0,3,2,0,0,3,1,2,2,2,1,3,3,1,1,0,0,4,2,2,2,1,2,0,1,3,3,0
4,0,1,1,1,2,0,1,0,1,2,0,1,2,2,2,1,2,2,1,1,3,1,1,3,1,2,1,2,3,2,1,0,2,0,2,1,1,1,2,0,1,0,2,2,0,0,1,3,1,1,3,1,1,2,0,1,4,0,1,1,1,1,5,2,2,0,3,2,3,0,0,1,0,0,3,3,1,2,2,0,2,1,0,0,1,3,2,3,3,2,0,3,2,2,1,1,2,1,0
4,2,2,2,1,0,2,4,1,0,1,1,4,2,0,3,0,1,3,1,1,1,0,2,1,3,0,2,0,0,2,3,1,2,2,1,2,1,3,2,0,2,0,2,2,1,0,4,0,1,2,5,2,1,3,1,0,1,3,2,0,2,2,2,1,2,1,3,1,0,0,3,3,5,2,1,0,2,4,1,1,3,2,2,1,1,3,1,1,1,0,2,2,1,3,1,1,2,3,2
0,5,0,2,2,0,0,2,0,2,1,1,0,2,1,2,3,0,0,2,3,0,0,1,0,1,3,4,2,0,1,2,0,0,0,1,2,1,1,3,2,2,3,4,1,1,2,1,0,1,0,1,2,1,0,2,4,1,0,2,1,4,3,2,1,2,1,3,0,0,0,1,0,4,3,3,2,0,2,3,4,3,3,1,1,1,2,0,4,3,1,1,1,1,2,2,2,0,0,1
2,0,3,0,2,4,0,0,0,0,0,0,3,2,1,1,0,1,1,0,1,0,2,0,3,3,2,0,2,0,0,1,4,1,0,1,2,3,1,0,2,1,1,0,2,2,2,2,1,3,1,1,1,2,0,0,4,1,1,2,1,0,1,0,2,1,0,1,0,0,1,1,1,1,1,1,4,1,0,2,3,0,1,4,3,1,1,0,2,1,1,2,3,1,0,2,1,0,2,1
9,0,1,1,1,0,2,4,0,1,1,3,3,1,0,0,3,2,1,2,1,5,4,1,0,2,1,2,0,4,2,4,4,0,2,2,1,0,3,4,2,3,3,5,1,2,3,2,4,1,2,2,2,1,1,3,0,4,4,2,0,1,2,2,2,1,1,3,3,1,1,0,0,1,2,3,2,0,0,2,2,0,2,1,1,2,2,2,0,3,2,1,5,1,0,2,1,0,2,3
3,15,1,2,2,1,1,1,0,4,0,3,1,2,1,0,1,2,0,0,2,1,3,2,1,3,2,1,2,3,0,1,3,2,1,4,4,3,2,2,1,2,0,3,1,1,0,1,0,1,3,1,1,1,0,3,1,1,1,1,3,0,0,2,0,2,2,2,3,1,0,3,4,2,1,4,3,1,1,1,1,1,3,1,1,3,5,2,3,1,1,3,2,3,0,1,1,0,1,1
13,0,1,1,0,2,1,1,1,0,1,3,3,1,1,0,4,1,2,0,0,3,2,2,0,1,2,1,3,2,0,2,2,1,3,2,2,0,4,1,0,1,1,0,1,0,2,1,1,1,3,3,3,1,2,2,2,1,0,2,1,2,3,1,0,0,1,1,1,0,1,0,6,2,0,3,0,1,1,0,2,0,5,2,0,1,4,3,2,2,0,1,2,0,1,0,0,1,3,4
2,0,3,0,1,1,1,2,2,0,0,0,1,1,3,4,1,0,0,6,1,2,0,1,1,1,5,2,1,0,1,2,3,1,1,1,2,3,1,2,3,1,1,1,1,3,1,0,2,3,1,2,0,1,0,1,0,0,5,2,2,0,4,4,2,2,2,2,0,2,4,2,2,1,2,2,3,4,1,3,4,2,0,0,0,1,0,2,2,2,2,2,2,4,1,2,1,0,0,3
6,0,1,2,1,2,1,1,0,0,0,2,2,2,1,0,2,2,1,2,1,0,2,2,1,2,2,3,3,0,5,5,0,2,2,0,4,2,1,1,1,1,1,1,2,1,3,1,2,3,3,4,0,3,3,0,3,0,0,3,0,2,3,2,2,0,2,2,0,2,1,2,0,3,2,0,1,1,2,0,1,1,2,0,2,0,1,2,1,0,2,3,1,1,1,1,1,0,1,3
2,1,1,1,3,4,2,3,1,2,2,0,0,0,3,2,1,3,1,1,2,2,3,1,2,1,1,0,1,1,2,2,2,1,3,0,2,1,1,3,1,0,2,2,2,0,2,0,1,1,1,3,0,0,2,1,2,3,2,0,1,2,2,2,2,0,2,1,0,3,3,0,1,2,1,0,2,1,0,2,0,1,3,3,1,2,1,2,2,2,3,1,0,3,2,3,3,4,2,2
0,0,1,2,1,1,2,1,2,1,0,2,0,0,0,0,0,0,3,0,0,0,4,0,2,3,1,0,1,3,2,0,2,4,0,0,2,2,0,2,1,3,0,0,0,1,2,2,0,0,3,0,2,0,0,0,3,2,1,0,1,1,2,1,1,1,3,2,3,3,1,3,1,3,2,0,0,0,0,0,4,1,1,5,1,1,0,2,3,1,2,3,2,2,0,0,1,4,2,2
0,0,2,2,1,2,1,1,3,1,1,1,2,1,3,1,0,3,0,0,0,0,3,1,0,4,4,1,1,1,0,1,2,1,3,0,2,2,4,0,0,1,0,2,3,0,2,4,1,0,1,4,2,1,3,0,1,0,1,2,1,1,0,1,1,4,1,3,5,2,0,2,0,0,0,2,0,1,0,2,0,2,1,2,1,2,3,0,4,2,0,2,1,3,0,0,2,2,1,1
0,0,1,0,4,3,2,1,2,0,2,0,1,2,3,1,1,1,2,2,0,5,2,0,2,1,1,1,3,1,1,0,0,1,2,0,4,1,0,0,2,1,2,1,0,0,1,2,2,1,0,1,0,1,0,1,2,1,1,1,0,3,0,2,0,2,2,0,2,0,1,1,2,2,2,1,4,0,4,2,1,3,1,2,1,2,4,3,2,2,1,0,2,2,3,0,2,0,1,1
3,1,2,1,1,0,2,0,1,1,2,1,1,2,2,1,3,1,1,0,0,5,1,2,3,2,1,0,1,0,0,2,2,3,2,1,2,2,1,1,1,2,5,1,1,0,1,3,3,1,1,0,3,2,0,3,1,2,1,2,4,0,1,0,1,0,0,2,1,1,0,1,2,2,1,1,0,2,0,2,1,1,4,0,1,1,2,0,1,4,2,3,1,0,2,4,1,0,0,3
10,2,0,1,3,2,2,4,0,0,1,3,2,0,0,4,1,1,2,2,3,1,0,2,1,0,1,5,1,1,1,1,0,0,1,1,0,0,0,5,2,3,1,0,1,2,0,3,3,1,0,1,1,2,1,1,1,2,1,2,2,3,0,0,1,4,0,3,1,2,0,7,0,1,2,1,2,1,1,1,2,2,2,1,1,3,3,2,3,1,3,1,1,2,1,2,3,0,1,1
1,0,1,3,1,1,0,1,0,0,3,2,1,0,3,2,1,1,1,1,0,1,2,1,0,2,2,2,1,2,2,3,3,0,1,1,5,1,0,2,3,1,1,0,1,4,1,0,0,2,2,2,1,0,0,1,3,1,0,7,1,2,3,2,0,2,0,0,2,1,0,2,1,0,3,0,0,3,1,1,0,1,1,0,3,4,1,2,1,2,2,1,3,1,1,0,1,3,0,2
1,0,2,1,3,2,2,4,3,0,1,1,2,3,0,2,0,2,1,1,1,0,2,2,1,0,1,1,2,0,0,3,2,1,1,2,2,2,3,0,5,1,1,2,1,1,1,1,1,2,3,2,1,2,0,1,0,3,0,1,0,3,2,2,1,2,3,3,0,1,3,1,2,1,0,0,2,0,2,1,3,3,0,1,4,1,0,2,4,3,1,1,2,2,0,1,2,1,1,1
8,1,0,3,0,2,3,1,1,2,1,0,5,2,3,0,2,0,2,0,1,0,2,2,0,0,1,3,1,0,2,3,1,0,0,3,3,1,3,1,1,2,3,2,0,2,2,1,3,3,2,3,4,0,2,0,1,3,0,0,1,2,0,1,3,0,0,0,1,2,1,2,0,1,1,0,2,2,2,2,4,2,1,0,2,1,2,4,2,1,1,1,2,1,3,1,2,3,0,3
0,11,3,4,1,0,2,1,1,2,0,1,4,3,2,0,2,2,2,0,2,1,0,4,0,3,2,1,3,0,3,2,0,1,2,1,1,0,1,1,3,2,2,1,2,1,1,0,0,2,3,2,3,0,0,1,5,1,3,1,1,2,1,2,2,6,0,0,2,2,3,0,0,1,3,3,1,2,1,0,1,2,3,2,0,1,2,3,3,2,1,1,0,1,0,3,1,2,1,1
8,0,4,2,2,0,0,1,0,1,0,2,5,1,2,0,1,2,4,3,0,2,2,1,0,2,0,3,5,0,0,1,2,1,0,2,0,0,2,2,2,3,2,1,3,3,4,2,0,2,1,1,0,2,0,3,3,3,1,1,0,1,0,0,2,2,2,1,0,1,0,0,0,0,1,3,2,2,1,0,2,1,5,2,0,4,2,2,1,2,3,2,2,1,0,1,1,2,2,2
6,0,2,0,0,1,1,2,5,2,3,1,2,2,1,1,1,3,2,2,2,2,1,0,3,0,1,0,1,0,1,3,0,2,1,2,1,1,1,2,3,0,2,0,0,2,3,2,3,3,3,1,0,1,1,3,1,4,1,3,0,7,2,2,2,3,3,2,0,1,1,2,0,2,1,1,2,4,3,2,0,2,1,2,1,2,1,3,2,1,1,0,1,0,1,1,4,3,2,3
10,0,1,2,1,2,3,0,0,1,1,1,3,1,2,0,1,2,1,1,3,2,0,0,0,0,1,0,1,0,2,0,1,1,2,4,1,0,1,2,1,2,2,0,0,1,1,1,1,2,2,2,2,4,2,2,1,2,1,2,0,1,5,2,2,3,1,0,5,1,1,1,1,0,2,3,5,2,1,3,2,5,0,3,1,3,2,1,1,0,1,3,2,4,2,3,2,1,1,3
1,7,0,1,1,2,4,1,0,2,0,4,4,1,0,1,4,0,0,3,4,2,1,6,2,2,0,2,2,3,0,2,2,0,2,1,0,3,1,2,1,1,0,3,0,1,1,0,2,1,1,0,0,1,3,1,8,1,0,1,0,1,6,1,1,0,0,0,2,0,0,1,2,4,1,3,2,1,0,1,5,0,1,2,1,0,1,3,1,1,6,2,0,1,1,3,2,0,3,2
6,10,2,1,2,1,4,1,1,1,1,1,2,4,3,1,1,1,2,1,2,0,2,1,4,2,1,0,0,1,2,2,1,2,1,5,4,2,0,1,3,0,1,3,2,2,0,0,1,3,2,2,2,0,3,0,1,2,1,1,2,1,3,0,1,1,1,0,2,0,0,0,1,7,2,3,2,2,1,4,1,3,2,2,1,2,1,5,1,2,2,1,1,1,0,3,3,0,4,4
8,1,0,0,4,2,1,1,2,0,4,2,0,3,4,1,2,1,2,3,2,0,2,1,0,2,1,2,3,2,3,0,1,1,2,0,0,3,1,0,3,0,0,4,1,3,3,1,2,2,2,0,1,2,1,1,2,0,1,0,2,3,0,1,2,4,3,3,2,2,2,1,2,0,2,0,1,2,0,1,1,0,2,2,1,3,1,1,3,1,0,0,4,0,0,1,0,1,1,4
9,5,2,0,3,2,0,0,0,2,2,1,2,1,3,1,0,4,0,1,0,1,2,1,3,1,2,2,1,0,1,2,3,2,4,0,2,1,1,0,1,0,1,0,2,1,0,2,4,4,2,0,1,0,2,0,2,3,0,1,4,4,0,1,0,2,1,1,1,4,3,2,1,0,1,5,1,3,4,0,1,1,0,2,2,1,1,3,0,0,2,1,2,1,1,0,1,1,1,3
13,0,1,2,2,3,1,1,2,0,2,5,0,0,0,0,4,0,2,5,0,0,3,2,0,0,2,2,1,2,2,3,0,1,2,3,3,4,1,0,2,0,1,1,2,3,1,0,2,1,1,3,3,0,1,1,3,2,2,2,1,0,2,1,0,2,1,1,3,2,1,2,0,3,1,0,2,2,1,4,1,4,1,3,4,0,1,2,1,1,3,1,4,4,2,2,1,4,1,0
3,0,1,1,2,2,0,0,2,3,0,1,3,1,1,1,1,1,1,2,0,1,1,1,4,0,1,1,3,0,1,0,0,0,6,1,1,0,0,1,3,1,1,1,3,0,0,2,1,1,2,1,2,6,2,1,2,0,0,3,1,2,1,1,2,2,3,1,4,0,1,3,1,5,1,1,1,1,2,2,1,1,0,0,0,2,2,1,1,1,1,1,0,2,1,1,1,1,0,0
3,0,0,1,3,2,2,1,1,1,3,2,1,3,2,3,0,2,0,1,2,2,5,1,0,2,1,3,4,2,1,0,2,2,0,3,1,2,1,2,2,1,0,1,1,1,0,2,1,3,0,0,0,0,1,1,5,0,1,2,1,1,1,1,2,1,0,0,2,0,4,1,2,2,1,0,2,4,1,0,1,1,1,3,0,4,4,2,0,0,2,0,3,2,0,3,1,1,2,1
1,3,0,0,0,2,1,1,2,0,0,3,3,2,3,0,1,1,1,0,4,0,2,2,3,2,1,0,0,1,0,3,0,0,3,0,1,4,3,5,1,1,0,3,1,3,2,3,2,1,3,1,1,1,2,1,0,1,1,3,1,2,2,0,3,0,3,2,1,4,2,0,1,1,1,1,1,0,1,2,1,3,1,0,4,2,1,1,1,0,1,5,1,0,0,1,1,1,1,4
3,0,0,3,1,2,1,5,1,3,2,0,1,3,1,0,1,3,1,0,2,1,0,3,2,1,0,0,1,1,0,2,0,3,1,0,1,2,2,2,2,3,0,3,1,4,1,5,1,1,2,5,2,2,2,3,1,1,2,0,2,2,2,2,0,1,1,1,2,0,1,3,0,1,2,1,2,4,1,3,3,0,3,0,2,1,2,1,1,5,1,1,2,3,0,1,3,1,1,2
0,3,1,2,2,1,0,0,3,1,4,3,3,1,4,2,0,2,0,2,2,1,0,2,0,0,1,1,1,1,0,2,1,1,2,2,3,0,1,2,2,1,1,3,3,0,0,3,2,0,2,1,1,3,3,3,2,0,0,1,3,0,0,2,0,3,2,0,2,2,2,0,0,3,2,0,3,1,4,2,0,1,1,3,0,3,1,0,1,1,2,2,2,1,0,3,3,1,2,1
2,0,0,1,4,1,0,1,2,2,0,3,1,2,2,3,3,2,3,1,2,2,0,2,3,1,0,0,0,0,0,0,2,0,1,2,0,1,2,1,0,2,4,0,5,1,0,2,1,5,2,0,1,1,0,4,0,1,2,2,3,2,2,4,5,0,1,1,1,2,0,1,2,1,2,4,3,1,4,1,1,1,2,2,1,1,0,4,3,1,3,1,3,1,0,1,1,2,0,1
0,0,2,0,0,0,0,1,0,4,0,1,2,4,2,1,3,0,2,2,0,1,0,0,1,1,1,2,4,0,0,5,1,1,2,2,2,3,2,2,2,1,1,2,2,0,2,1,0,0,1,1,2,3,2,3,0,1,0,0,2,2,0,2,1,3,1,1,0,2,1,0,1,2,4,1,2,1,4,1,2,1,2,5,2,2,2,1,2,4,2,2,4,1,2,3,1,3,2,2
0,0,2,1,1,2,0,3,2,2,1,1,1,0,0,1,1,2,1,2,0,0,1,1,0,1,1,0,1,4,0,3,2,0,4,2,2,6,1,1,1,2,1,2,4,2,4,0,2,2,3,3,1,1,1,2,2,1,0,1,1,3,2,3,3,2,0,2,5,4,1,1,2,1,2,0,2,1,3,3,0,0,2,2,3,2,0,2,2,1,1,1,1,2,1,0,2,1,5,1
0,3,3,3,1,0,2,1,2,1,0,1,2,1,1,0,1,1,3,1,1,4,2,2,0,2,0,2,1,2,1,1,2,1,1,4,2,1,0,2,0,2,1,2,0,0,1,2,1,2,1,0,2,0,0,2,2,3,0,2,2,1,4,1,0,3,2,4,2,3,0,2,1,2,0,2,0,0,4,2,2,4,4,3,3,3,3,3,1,2,2,3,1,0,0,0,2,2,1,1
12,0,1,0,2,0,1,4,1,0,2,2,2,1,1,1,2,2,2,2,0,0,0,1,2,2,3,2,0,3,1,0,4,3,3,1,3,1,1,0,1,3,0,3,3,1,1,0,0,0,1,0,3,2,1,2,0,1,1,2,1,2,1,3,0,1,2,1,0,1,6,0,1,3,1,2,1,1,4,4,2,0,0,2,0,1,0,0,0,1,2,1,2,4,1,0,3,0,2,1
9,0,0,1,2,1,3,0,1,0,2,3,1,1,3,1,0,1,0,0,1,1,1,1,2,4,1,1,2,1,0,3,0,3,1,3,3,3,0,2,0,0,2,1,3,2,2,1,2,1,1,1,3,5,1,3,1,4,0,2,1,3,3,2,1,1,2,2,0,2,2,2,1,1,0,3,3,4,1,4,2,0,2,2,2,1,0,1,1,1,3,2,1,1,1,1,1,2,3,3
5,0,2,3,2,0,1,3,1,4,1,0,1,1,0,2,3,3,0,2,0,1,1,2,0,4,2,2,2,3,1,3,0,0,1,0,1,0,0,2,1,1,2,4,3,0,0,2,1,1,2,2,3,3,0,0,2,1,1,1,2,0,1,1,0,1,4,2,1,3,2,1,0,2,5,1,0,3,2,3,1,3,3,0,3,0,1,0,0,4,1,2,3,5,3,3,2,4,2,1
3,0,3,1,1,0,2,0,2,0,1,0,0,1,1,2,0,2,0,1,1,4,2,3,1,0,2,1,4,2,1,1,2,0,2,4,1,2,0,7,2,5,2,2,2,4,2,1,3,3,1,2,3,6,4,1,1,0,3,3,2,2,2,2,1,2,2,3,1,0,0,3,0,2,3,1,2,2,0,0,3,0,3,1,2,1,1,2,2,3,0,4,2,1,2,1,1,3,3,1
6,0,2,0,1,0,1,5,2,1,2,2,1,0,2,0,2,3,1,0,2,1,1,2,0,1,1,2,0,3,2,5,0,1,1,0,1,1,3,1,0,2,1,1,2,0,2,2,1,2,2,5,0,1,0,0,0,3,2,0,3,1,1,0,1,4,1,5,2,2,7,1,0,3,3,1,0,2,3,2,3,1,1,1,1,1,1,3,2,3,2,1,1,3,0,1,1,1,1,0
6,0,0,2,0,2,1,0,3,2,0,1,4,2,5,2,3,1,2,2,3,0,0,0,2,0,3,2,3,2,1,1,2,4,0,1,2,1,0,1,1,1,0,4,3,1,0,2,0,1,3,3,2,2,6,0,1,0,1,1,0,0,3,4,0,0,2,2,2,0,1,1,1,0,1,0,0,1,2,3,2,1,2,1,1,2,1,0,2,4,1,1,1,0,1,0,3,1,0,0
0,16,2,2,4,3,0,2,4,3,1,1,5,1,1,4,1,3,0,0,1,2,2,0,1,0,1,2,1,1,2,2,1,2,0,1,1,3,3,1,3,1,1,3,1,1,4,0,2,0,3,2,0,2,4,1,0,0,1,1,0,1,0,1,2,1,3,0,0,2,2,2,2,1,0,0,3,1,1,1,0,2,0,0,1,1,3,4,1,2,3,1,3,1,1,1,1,1,0,2
1,0,0,2,5,2,1,2,0,0,3,1,1,1,6,2,2,1,0,1,0,3,1,1,0,1,4,0,0,4,0,1,1,5,0,1,2,0,1,1,0,1,1,0,0,1,0,1,1,1,2,3,2,3,0,0,1,1,1,3,1,0,3,3,1,0,1,2,1,1,1,1,3,2,0,0,0,0,1,2,4,1,1,0,0,1,3,2,3,5,2,1,1,2,2,1,1,1,2,1
0,4,2,0,4,3,1,1,1,3,5,2,0,1,3,1,0,0,5,2,1,2,1,4,1,2,3,2,0,1,2,1,0,1,0,0,2,2,0,0,3,2,1,0,2,0,0,1,2,4,0,1,0,3,2,2,2,2,0,2,3,2,2,1,2,0,3,2,2,1,2,1,0,0,1,1,1,4,1,1,3,0,1,2,0,0,0,2,1,1,3,4,1,2,1,0,2,1,3,3
7,0,2,1,0,1,1,0,2,3,0,2,3,3,1,4,0,2,1,1,1,1,4,1,1,2,1,1,0,0,0,2,3,1,0,0,1,3,2,2,0,3,1,2,0,0,3,2,0,2,3,0,2,3,1,0,3,1,2,0,0,0,0,1,1,2,1,2,2,2,2,3,0,1,1,1,0,1,3,1,0,3,1,0,2,0,1,0,0,2,0,3,1,0,1,1,1,0,3,1
1,0,2,0,0,3,1,2,0,0,2,4,3,2,0,1,1,0,3,0,2,1,2,2,1,2,1,1,4,2,1,1,2,1,2,2,1,0,2,1,2,0,0,3,3,0,1,3,2,2,1,1,2,1,2,0,2,1,1,1,0,0,2,1,1,3,3,1,2,2,0,2,0,3,3,2,3,1,0,2,1,1,2,1,0,0,1,3,0,2,2,0,0,0,2,2,0,2,2,0
0,3,3,0,1,3,2,1,2,3,0,1,2,1,0,1,0,3,2,0,1,2,2,0,1,2,1,4,1,0,0,0,1,2,1,1,2,1,1,1,1,1,2,1,5,2,0,3,0,4,2,1,3,1,0,1,4,2,4,0,1,1,1,2,1,1,0,1,0,1,3,0,6,0,1,2,1,0,2,3,2,1,2,1,1,2,2,1,1,5,3,0,2,1,1,4,2,4,3,1
5,0,1,0,1,1,1,3,1,1,0,1,1,0,0,0,1,1,2,0,1,4,1,3,1,2,1,1,1,1,2,3,2,1,1,2,1,2,1,2,1,2,2,2,1,2,2,0,3,0,0,0,1,2,2,4,3,2,2,2,0,1,0,1,1,4,4,1,2,0,2,0,1,2,2,1,6,0,0,4,5,1,1,1,3,1,0,2,1,1,0,2,3,2,2,1,3,0,0,1
5,0,1,0,0,1,0,1,2,2,0,0,1,3,0,1,2,1,4,0,0,4,1,1,1,1,1,2,3,0,2,1,3,0,3,1,2,4,3,2,2,0,0,0,1,0,0,3,3,2,2,2,3,2,1,2,3,2,0,4,0,1,1,2,2,2,1,3,2,0,2,4,2,0,0,4,4,3,0,1,3,1,2,1,0,3,0,0,2,1,3,1,1,1,2,0,1,0,2,1
2,0,2,1,1,1,3,2,2,0,3,3,1,2,1,0,5,2,1,0,1,0,0,1,0,3,3,2,3,1,1,2,1,4,0,2,2,2,1,1,2,0,0,0,0,1,0,1,1,0,0,2,0,1,1,3,3,0,1,1,0,1,3,3,0,2,0,2,1,1,0,1,0,0,0,0,1,3,2,1,3,1,4,2,1,0,1,2,1,1,1,0,0,1,1,1,2,5,5,2
1,0,1,2,4,3,2,2,2,3,0,1,0,3,0,1,2,1,0,2,2,1,1,2,2,1,1,4,1,0,0,0,0,1,0,0,2,2,4,3,0,2,0,2,0,1,0,1,1,1,3,3,1,1,0,1,1,0,2,0,1,1,2,0,1,3,2,0,1,0,1,1,2,2,0,1,3,0,1,1,1,0,2,4,1,1,0,1,1,2,3,3,0,1,2,1,1,1,2,3
2,5,0,0,2,1,2,2,1,2,0,2,1,1,3,3,1,5,3,1,0,1,2,1,2,2,0,2,2,3,1,0,1,1,1,3,3,1,3,2,1,2,2,0,2,0,1,0,2,3,4,2,3,0,1,0,0,2,1,2,2,2,0,2,3,2,1,2,1,1,1,1,0,2,1,5,0,4,2,1,2,1,0,0,1,1,3,0,1,1,0,2,2,0,1,2,0,2,1,1
8,0,1,2,4,2,2,2,0,1,4,1,0,0,3,0,0,1,1,0,0,1,0,1,2,0,1,2,1,1,0,0,1,1,0,0,2,2,4,2,1,2,2,0,1,5,0,3,0,1,0,3,2,1,3,2,0,2,2,1,0,1,2,2,2,3,2,2,3,3,1,2,2,1,5,0,2,3,2,2,0,1,1,2,0,2,1,1,0,3,2,0,0,1,4,2,5,0,0,1
0,13,2,2,1,2,1,1,2,2,1,1,1,3,5,2,2,1,3,1,1,0,1,0,0,1,1,3,2,0,3,0,2,5,2,1,1,0,1,3,2,2,1,1,1,2,0,1,3,2,2,0,1,1,2,3,1,0,3,4,1,1,1,1,2,0,1,3,1,3,2,1,3,1,0,5,0,1,0,2,1,0,3,0,0,0,3,0,4,1,5,1,2,2,0,1,3,3,2,3
12,0,1,0,1,0,1,1,0,2,0,0,1,4,1,1,1,1,1,0,2,5,0,3,1,1,3,0,2,3,3,0,1,1,2,0,1,3,2,0,1,0,1,3,3,1,1,2,1,0,2,1,1,2,2,1,1,0,3,3,1,0,1,1,1,2,3,1,2,1,0,3,2,1,2,5,1,1,1,1,0,2,1,5,1,0,1,0,2,1,2,2,5,3,0,1,0,2,0,1
0,0,2,2,2,1,2,0,3,1,0,2,0,3,0,2,0,2,1,2,2,0,2,2,0,1,1,1,1,2,0,1,1,0,0,1,1,2,0,2,1,0,1,1,2,0,1,1,1,3,1,1,0,3,0,2,1,2,0,1,1,4,2,4,1,3,0,0,2,1,0,3,0,3,0,1,0,0,1,2,1,1,3,1,1,2,0,0,2,0,1,1,0,4,2,2,0,2,2,0
0,0,0,3,2,0,1,2,1,3,2,0,3,1,3,3,1,1,2,2,0,1,2,1,3,0,2,1,1,1,1,0,3,1,2,0,1,3,2,1,0,1,0,1,1,0,0,3,0,0,0,1,0,1,0,1,0,2,3,1,2,1,1,3,3,1,4,3,1,2,1,1,1,0,0,7,1,2,3,4,1,0,1,1,2,1,0,2,3,0,1,4,1,0,0,1,1,1,1,2
1,1,3,1,2,4,3,1,1,0,0,2,1,3,1,2,0,2,0,4,1,3,0,1,2,1,1,1,0,2,5,3,2,3,1,0,1,0,1,1,2,1,2,0,5,2,1,1,2,1,1,1,2,2,2,0,2,2,2,3,0,4,3,3,3,2,1,1,3,1,4,1,2,0,3,1,3,1,2,2,1,2,2,4,3,0,1,1,1,2,1,3,1,0,4,3,2,2,1,1
0,0,3,1,2,2,3,2,0,2,2,3,1,2,2,0,0,1,5,1,0,1,1,0,0,3,1,0,1,1,1,0,3,3,1,2,0,1,5,1,1,1,1,3,1,2,0,1,1,2,0,0,1,2,6,3,1,1,1,3,0,3,0,0,0,1,0,1,1,1,0,0,0,1,1,1,0,4,5,5,0,0,0,2,1,0,1,1,1,1,1,1,1,1,1,0,2,1,1,3
3,0,1,0,3,1,2,3,1,0,1,1,3,2,1,1,3,0,3,1,2,0,0,0,0,2,1,3,1,2,1,0,0,2,1,0,1,1,1,1,2,1,1,1,2,2,0,0,4,3,1,1,1,2,2,1,1,2,1,1,1,2,1,0,2,2,2,0,2,0,2,2,2,1,2,2,2,0,2,1,2,2,4,0,0,1,3,1,3,1,3,1,4,4,1,0,1,1,0,1
8,0,1,1,2,1,0,1,1,2,4,2,0,1,1,3,4,2,2,2,1,2,3,3,1,1,1,1,3,1,0,1,1,3,3,1,2,2,1,1,1,2,1,0,2,2,2,2,4,3,2,2,2,4,3,0,2,0,1,2,0,0,1,0,6,3,0,2,0,3,2,1,3,0,2,0,3,0,1,0,2,3,1,0,2,1,2,1,0,0,2,2,1,2,0,1,4,2,1,2
6,2,0,3,1,0,2,2,0,3,1,1,0,1,5,1,3,0,0,2,3,1,3,1,0,0,4,0,2,4,0,1,0,1,0,1,0,1,2,1,4,1,1,0,1,0,0,5,1,3,1,0,1,2,3,1,1,3,5,2,4,1,4,2,5,4,2,2,2,2,3,4,2,1,3,2,2,1,2,2,4,3,1,2,1,2,0,1,4,1,0,1,0,2,0,0,1,2,0,3
0,1,2,3,0,3,2,3,3,2,0,4,2,1,2,2,1,1,1,1,0,0,3,0,3,1,3,3,1,2,0,0,1,3,4,1,2,2,1,2,3,0,1,3,0,2,2,0,2,0,1,0,1,1,2,1,2,0,3,1,0,0,1,2,4,0,0,0,0,0,3,4,2,1,1,1,1,0,1,1,3,1,3,0,2,2,2,4,2,2,0,1,3,0,3,2,4,1,0,2
1,0,2,2,2,1,0,1,0,0,2,1,1,2,2,1,0,4,0,2,3,1,2,1,2,3,3,2,2,0,2,0,1,0,2,3,2,0,1,1,1,0,1,2,0,1,1,2,3,2,4,1,1,1,0,0,1,1,0,2,1,2,2,3,4,4,2,1,1,4,0,2,1,0,2,1,1,1,1,1,3,1,1,1,2,2,0,1,1,1,4,2,1,1,1,2,3,2,1,1
1,0,4,0,2,1,0,1,3,1,2,2,1,2,0,1,0,4,1,3,1,5,2,1,0,0,0,0,5,2,2,1,3,2,2,1,1,2,2,1,2,1,2,0,3,2,1,0,0,0,2,1,0,0,1,1,1,2,0,0,3,2,2,1,2,2,2,3,1,1,3,1,4,2,1,2,1,1,1,1,2,1,0,3,3,0,1,1,0,2,2,1,1,1,5,1,6,1,2,2
13,0,2,0,3,0,0,3,1,3,1,0,0,0,1,2,3,1,2,3,1,1,1,0,2,1,0,3,2,1,0,4,2,0,3,1,1,1,2,2,4,2,1,1,1,2,0,2,3,1,2,5,2,1,4,2,1,0,3,4,3,0,2,1,3,4,5,0,1,1,3,1,4,3,0,2,1,3,1,3,0,2,3,1,0,2,1,1,0,0,2,0,5,3,2,1,3,0,1,1
14,0,0,0,1,0,1,0,0,4,1,2,0,1,3,2,2,1,3,3,2,0,0,2,2,3,0,2,2,1,3,0,4,4,0,1,0,3,2,1,0,2,3,2,0,2,0,1,0,1,0,1,1,2,3,1,1,2,3,1,3,0,3,1,2,0,1,1,3,2,0,1,2,1,2,1,0,1,1,0,2,2,0,1,1,1,1,0,4,1,3,1,3,2,0,0,3,0,1,1
4,0,2,3,3,4,3,0,3,1,2,0,4,4,1,1,0,1,3,4,1,1,1,3,2,5,0,1,7,0,0,1,1,0,4,2,2,1,4,0,3,0,2,0,1,1,0,0,2,0,3,0,1,2,1,1,1,2,3,1,1,2,1,3,2,0,2,1,1,1,2,2,2,0,0,3,1,3,1,0,1,4,1,2,5,4,1,1,2,0,2,1,0,4,1,1,1,0,1,1
0,3,1,3,0,2,2,2,5,0,0,1,3,0,0,1,0,1,0,0,1,0,1,0,1,1,0,1,1,2,0,4,2,2,1,3,1,2,3,1,0,4,1,3,1,4,2,1,1,2,0,0,4,2,2,1,1,2,1,2,0,0,0,2,1,4,1,1,2,1,1,2,5,0,2,2,1,1,2,1,2,1,1,3,2,0,0,1,1,1,1,0,3,1,1,4,2,0,3,1
1,11,1,3,1,0,1,0,0,1,3,0,0,0,1,0,2,1,3,3,2,1,3,0,3,2,4,2,0,1,0,0,0,4,0,4,2,1,0,1,1,1,1,0,1,4,0,1,2,2,3,3,3,0,0,0,4,2,1,1,1,1,0,2,1,1,1,1,1,1,1,1,2,3,2,2,1,1,0,1,0,1,3,1,3,3,0,0,1,0,0,1,1,4,0,1,1,3,1,3
13,0,1,2,1,2,3,1,2,0,1,4,3,2,2,1,2,1,2,2,2,1,0,2,0,0,0,1,1,2,0,1,1,1,1,1,0,1,1,1,3,1,1,0,2,1,2,0,2,3,2,2,0,3,2,1,2,1,0,1,0,2,2,2,0,2,1,2,1,1,1,1,1,1,2,0,1,1,0,3,2,0,0,3,0,0,2,1,0,3,1,1,1,0,2,3,2,1,1,0
1,0,1,2,1,2,1,0,2,4,1,1,2,1,3,0,3,2,3,2,1,2,1,4,4,0,1,0,4,0,4,2,3,2,1,2,1,0,1,2,1,3,1,3,1,0,1,3,1,0,1,0,2,2,0,1,0,2,0,4,1,3,2,2,2,0,1,3,4,1,1,3,2,3,1,0,0,1,1,2,2,2,3,2,2,3,3,2,4,2,2,1,1,2,2,4,1,0,0,2
3,1,0,2,1,3,1,0,1,0,1,1,2,3,1,0,0,1,0,2,2,0,1,0,1,1,1,0,1,1,1,0,1,1,2,2,0,0,1,0,2,3,2,1,2,3,1,0,0,2,1,2,0,0,2,1,0,1,4,1,3,0,2,2,0,2,2,1,2,1,1,2,1,1,3,1,0,3,1,2,2,2,0,3,1,1,0,2,1,2,2,1,0,1,2,0,0,3,2,1
1,0,0,1,0,4,2,1,0,3,1,2,0,1,2,3,2,1,0,2,1,1,2,2,2,1,0,3,1,0,0,2,0,3,0,0,4,1,0,1,0,4,1,3,1,2,2,2,2,3,1,0,2,1,0,1,0,3,1,2,2,2,2,2,1,1,0,1,1,1,3,1,2,0,0,2,1,1,2,2,1,1,1,1,1,0,2,4,4,1,2,0,1,0,2,2,1,1,1,3
2,0,0,2,3,0,1,2,1,2,4,0,2,0,5,0,4,2,2,2,2,4,1,4,3,1,0,5,3,2,1,1,4,3,0,1,1,1,4,0,1,1,1,1,1,0,0,0,1,3,0,2,2,4,1,1,3,1,2,1,1,1,1,1,1,0,1,2,4,1,1,5,1,1,1,2,3,1,0,1,4,0,2,2,1,3,2,1,4,0,1,3,1,0,3,0,1,3,2,0
6,0,2,1,1,2,1,1,1,1,0,0,0,0,0,1,1,2,2,1,1,0,0,1,2,2,0,2,1,2,1,2,1,5,0,1,0,1,3,1,0,2,0,1,1,3,2,0,3,0,1,1,0,2,0,1,4,1,2,2,0,1,1,1,1,2,1,3,0,2,1,0,1,2,2,2,1,1,2,4,3,0,1,1,0,0,2,0,3,5,2,0,2,1,2,3,3,1,3,3
0,0,0,3,1,3,0,2,2,2,0,1,1,1,0,1,1,4,1,1,1,3,1,0,3,0,1,1,1,1,2,3,1,3,0,2,1,1,1,2,1,3,3,2,0,1,1,0,1,5,2,1,1,3,0,3,1,0,0,2,0,2,4,2,1,2,0,3,0,1,2,0,3,1,2,1,1,1,0,0,2,1,1,4,0,3,0,2,4,3,0,0,3,2,4,2,3,1,2,1
0,2,0,0,1,1,0,2,1,1,3,1,0,2,2,1,1,0,3,0,2,1,1,1,1,1,3,1,1,1,0,0,1,1,1,2,0,2,0,3,0,1,2,1,3,2,2,2,1,2,1,2,1,2,2,0,1,0,1,0,3,2,0,1,1,0,2,1,0,3,2,1,0,1,0,0,1,1,0,0,0,4,1,1,1,0,1,0,1,3,0,0,1,0,2,2,3,2,2,3
2,0,1,0,2,2,4,4,2,1,4,2,3,2,2,3,3,1,3,2,1,3,2,1,2,2,1,2,0,2,1,1,0,2,1,1,0,2,3,2,0,4,0,1,1,2,1,2,1,3,1,1,0,4,0,2,1,1,1,0,1,0,3,2,2,0,1,2,2,2,2,0,3,2,2,3,1,1,3,3,2,0,0,0,1,1,2,1,2,1,2,1,1,2,1,3,0,3,0,2
2,0,2,1,0,0,1,0,4,0,3,1,1,2,1,0,0,3,1,1,3,3,0,2,1,1,2,2,0,1,3,1,2,2,0,1,1,1,2,2,3,1,0,3,3,2,2,3,1,2,2,3,0,1,0,2,0,2,2,3,1,3,4,1,2,1,2,1,2,1,2,0,2,2,0,1,1,2,2,2,0,0,2,1,1,2,0,0,1,2,3,1,2,0,2,1,1,0,2,0
0,1,0,1,2,1,1,0,2,6,4,0,2,2,2,0,1,1,3,1,1,2,3,2,2,1,2,2,0,2,2,0,3,1,1,1,2,1,1,1,0,0,3,1,1,1,1,4,1,2,2,1,1,3,1,1,2,0,2,0,0,1,1,4,0,1,2,3,1,0,3,4,0,0,2,1,2,0,6,1,0,3,4,2,1,2,0,2,3,3,2,2,2,1,1,2,1,2,0,3
3,3,4,2,0,3,0,1,2,1,2,2,1,3,1,4,1,3,3,1,2,2,1,1,3,3,3,2,2,2,1,0,3,1,2,3,1,2,1,2,1,0,5,1,3,5,5,0,1,3,1,2,0,4,2,1,3,1,0,1,2,2,3,5,4,0,4,2,1,0,2,3,1,3,3,1,1,2,1,1,1,1,2,1,1,1,3,0,1,1,1,0,1,1,1,5,3,2,0,1
0,3,0,1,3,2,2,4,1,0,2,2,2,1,1,1,4,3,1,2,1,3,0,1,2,0,2,3,2,4,2,2,2,0,3,2,0,3,3,2,4,1,2,3,1,2,0,2,0,2,1,1,1,0,3,2,1,4,1,2,4,0,1,1,2,1,3,0,1,1,2,0,0,2,2,2,2,0,0,1,5,1,2,0,1,2,2,3,2,0,0,1,3,2,0,1,1,1,0,1
3,2,1,3,1,0,5,1,1,1,5,3,6,3,1,2,4,0,2,3,0,1,1,0,1,3,0,4,3,1,1,2,1,3,4,5,1,1,1,2,2,0,2,4,2,1,0,0,1,0,3,0,0,3,3,0,0,0,0,0,0,0,1,3,0,1,0,0,2,3,1,0,2,4,3,0,3,2,1,2,0,1,1,0,3,1,2,3,4,3,1,5,1,0,0,6,1,1,2,2
1,4,0,1,3,1,1,0,1,4,1,2,1,1,1,0,1,3,1,1,0,0,3,0,1,1,1,3,0,2,1,5,1,1,0,0,2,3,1,2,0,3,1,0,1,0,1,2,1,1,0,1,0,1,1,3,2,0,1,0,1,1,1,1,1,2,1,0,1,1,0,1,3,1,0,1,0,0,1,2,1,0,1,2,2,3,2,0,1,3,1,1,2,4,2,2,3,2,2,2
1,1,1,0,0,0,2,0,0,2,1,2,2,1,3,1,1,4,2,3,0,1,4,0,2,0,1,2,0,0,2,2,4,5,1,3,4,2,0,0,2,3,3,3,1,2,2,1,2,3,3,0,2,1,2,0,1,2,0,4,1,0,0,4,3,2,0,1,2,3,6,5,0,2,2,1,1,1,1,3,1,2,1,0,0,1,5,2,1,1,2,0,2,0,2,1,0,0,3,1
11,0,2,2,3,2,1,1,0,4,1,2,3,1,0,3,0,1,2,1,2,2,4,1,1,3,0,1,2,3,1,0,3,2,0,1,1,1,0,0,0,0,1,0,0,0,2,1,0,1,2,0,3,1,1,1,0,1,2,3,5,0,3,2,0,4,2,1,2,0,2,0,2,0,0,2,2,2,1,3,0,4,4,2,3,0,0,1,2,1,3,0,0,1,0,0,0,2,0,0
0,0,3,1,2,0,1,1,1,1,2,2,2,0,1,1,4,3,1,0,1,1,2,2,1,0,1,0,2,2,1,3,1,2,1,2,1,2,1,1,3,2,2,1,1,1,0,1,2,1,1,1,0,2,2,1,1,3,2,0,1,3,1,2,3,1,2,1,4,0,0,1,1,3,2,1,1,1,1,0,4,0,3,3,1,1,5,1,0,2,1,0,1,2,0,0,1,1,1,1
3,1,1,1,2,2,1,3,3,2,3,1,2,2,0,1,2,1,1,2,0,1,0,2,0,1,0,0,1,0,1,2,4,2,0,1,2,3,1,4,1,2,2,1,0,1,4,1,0,2,2,1,1,1,1,3,0,3,2,3,1,4,0,2,3,1,2,2,1,2,0,4,3,2,6,0,2,1,2,1,2,0,0,1,2,1,0,1,0,3,1,0,3,1,2,0,1,1,1,2
6,2,1,1,1,0,1,1,2,2,3,1,0,1,2,0,2,2,0,1,1,0,1,1,1,1,1,1,2,1,4,0,1,2,2,1,4,2,1,1,2,0,1,0,3,1,0,1,0,2,2,2,2,1,0,1,1,1,2,0,0,0,2,2,3,2,2,1,3,0,2,2,2,1,1,1,1,1,1,1,0,0,2,3,2,3,3,1,2,0,2,3,4,3,4,0,1,3,0,2
0,12,1,0,1,0,0,2,1,0,0,2,0,2,1,1,1,3,1,2,0,2,2,3,0,1,2,0,0,1,1,1,2,3,4,3,0,3,2,3,0,1,0,3,1,1,1,2,0,0,3,2,1,2,4,0,0,1,1,1,2,2,0,1,1,2,1,2,2,3,0,0,2,1,0,0,1,2,1,2,5,0,1,0,6,2,2,1,1,0,3,3,2,4,1,2,1,0,1,0
7,0,3,4,0,3,2,1,0,1,1,1,2,2,0,3,3,1,2,0,2,2,0,1,2,3,2,3,2,2,0,3,2,3,2,2,3,2,1,0,1,1,1,1,1,1,1,0,0,3,1,1,1,2,2,2,1,1,0,0,2,0,1,2,1,2,0,1,1,1,3,0,1,0,4,2,1,0,0,0,2,1,1,2,3,1,1,1,3,2,1,0,1,2,1,1,1,1,1,1
2,19,0,3,0,1,2,1,1,1,2,3,2,3,1,0,0,2,1,2,3,1,4,3,2,1,0,0,0,0,1,3,2,0,3,0,4,2,2,0,1,0,0,1,0,0,1,1,0,1,2,0,0,3,3,0,1,1,6,0,1,3,2,0,3,2,0,2,0,0,5,1,2,1,2,3,2,4,1,4,1,2,2,0,2,3,3,2,0,1,0,0,3,2,1,0,0,2,0,3
1,6,3,2,2,0,2,1,1,0,2,1,1,1,1,1,1,1,1,0,4,3,2,3,2,2,2,2,1,2,2,1,0,2,2,3,3,3,2,1,2,1,1,0,3,1,1,3,1,2,5,3,1,2,0,6,1,1,2,2,1,3,1,1,1,1,2,3,1,0,0,2,2,0,4,1,3,0,1,3,1,1,0,3,0,2,1,0,3,1,1,0,2,3,2,1,2,0,1,4
8,0,2,2,1,1,3,0,2,1,3,1,4,3,3,0,4,2,4,0,1,3,1,2,2,3,1,0,1,1,0,1,1,1,1,1,2,2,1,1,1,3,0,5,2,1,2,3,1,0,4,4,4,1,1,1,2,1,3,1,0,2,2,3,1,2,3,0,1,3,0,1,1,2,1,3,2,1,0,3,1,2,2,1,0,5,0,1,3,0,3,1,1,3,3,1,1,1,0,3
1,0,1,0,2,1,0,3,0,2,1,2,2,0,0,1,0,0,1,1,0,2,0,3,1,1,1,0,2,0,2,0,3,2,3,4,0,0,0,1,0,1,1,1,2,0,0,3,2,2,1,0,3,1,1,1,0,2,1,1,1,2,2,0,2,5,2,3,2,0,1,2,0,4,0,1,0,3,2,3,1,2,4,1,1,2,0,0,1,4,1,2,0,1,1,3,2,2,1,3
0,2,1,1,1,1,1,0,2,2,0,2,1,1,1,2,1,2,1,3,2,2,0,3,0,3,1,2,1,1,2,2,1,2,0,5,2,2,2,1,2,4,2,2,1,3,1,1,1,2,1,1,2,1,2,4,0,0,3,2,0,1,0,0,0,0,1,4,0,0,2,0,1,3,2,0,0,1,3,2,2,3,2,2,2,1,1,2,0,2,0,2,1,2,0,1,2,0,3,1
3,1,0,2,3,2,4,1,1,2,5,1,1,1,2,1,1,1,0,0,1,3,4,4,2,2,3,1,0,1,1,1,2,1,0,2,2,1,0,1,1,0,1,6,0,1,2,3,0,2,4,1,0,1,0,2,1,1,1,2,2,1,0,1,3,1,0,2,2,3,3,3,3,3,1,3,2,0,2,2,1,5,1,2,1,1,5,2,0,1,1,2,2,3,1,0,1,1,1,2
2,2,1,2,1,2,0,3,0,3,1,4,1,1,0,1,1,1,3,3,2,0,1,1,1,1,3,3,0,1,1,1,2,1,2,1,2,1,3,5,3,2,2,4,1,0,1,0,0,1,1,4,4,1,0,0,1,3,2,0,3,0,5,1,1,3,3,2,1,3,1,1,1,0,2,1,0,0,2,1,1,0,2,4,0,0,3,1,1,2,1,1,1,1,0,0,0,2,1,2
0,11,3,1,2,3,3,0,2,2,3,2,0,1,0,2,2,1,4,2,2,0,2,1,1,0,1,2,1,2,1,3,0,0,1,1,2,1,2,1,1,3,1,1,3,2,0,0,0,2,0,3,2,1,1,1,2,1,0,0,3,2,0,1,2,2,2,1,0,2,2,1,2,3,0,0,0,1,2,1,2,3,2,3,2,1,1,1,3,4,2,5,1,1,1,1,1,1,1,2
2,0,2,3,1,0,1,3,3,1,2,1,0,2,2,3,0,0,2,4,0,0,3,1,2,1,2,1,0,4,3,1,2,0,3,1,1,3,1,0,0,3,4,0,0,1,2,0,3,0,1,2,3,4,4,4,1,0,1,1,0,2,2,3,1,1,1,0,1,0,2,1,1,0,4,1,0,3,0,1,1,0,3,1,2,0,3,2,1,0,4,3,4,0,1,1,0,1,1,0
5,0,0,1,3,0,0,2,4,3,2,1,1,2,1,1,0,1,1,2,2,1,3,4,1,3,2,2,0,2,2,2,2,1,4,1,2,2,2,3,3,1,1,2,2,0,3,2,1,2,1,3,2,0,3,0,2,0,3,1,1,2,2,1,2,3,1,1,4,2,2,3,0,3,1,0,3,2,1,2,1,0,2,3,0,2,2,1,2,1,2,1,2,0,0,2,0,5,3,0
6,0,1,0,1,2,0,4,1,1,2,3,2,1,1,3,1,3,1,0,1,3,1,1,0,2,2,1,0,0,3,1,2,1,3,1,1,3,2,3,6,1,4,0,1,2,2,1,3,2,1,3,3,3,1,2,2,5,1,2,2,2,2,1,2,2,3,0,1,1,2,1,3,0,3,0,3,1,0,0,4,1,0,1,1,2,4,3,2,3,1,1,1,0,2,0,2,1,3,0
6,1,1,2,0,1,0,2,2,1,3,2,0,0,2,1,6,2,0,0,1,1,3,1,3,1,1,1,0,0,3,1,0,1,0,2,2,1,1,0,1,1,1,1,0,0,3,1,0,2,1,2,0,2,2,1,1,1,0,2,1,3,0,1,1,0,2,0,7,0,0,1,0,0,0,1,3,1,1,1,2,0,3,4,1,0,2,3,3,0,1,0,3,0,1,0,0,2,1,3
1,10,0,0,3,3,0,1,1,1,1,1,2,1,4,1,2,2,3,2,4,0,1,3,1,3,1,2,1,1,1,1,1,3,3,1,0,3,2,0,1,2,0,1,1,1,0,3,1,0,0,3,2,2,0,4,1,2,3,2,1,0,1,0,1,0,2,2,1,1,5,0,2,3,1,1,0,3,2,1,1,1,1,2,0,0,3,1,0,0,1,1,4,0,2,2,0,1,1,0
4,0,1,1,3,1,1,0,1,2,4,0,2,2,2,0,1,1,2,0,2,1,1,2,1,2,2,1,2,2,3,2,2,0,0,0,4,2,0,2,5,4,1,2,0,1,1,1,2,3,2,3,0,1,3,1,2,2,1,1,2,1,1,3,0,2,2,0,1,1,0,1,2,2,1,1,0,1,1,0,1,1,1,0,0,4,2,0,1,1,0,1,1,2,2,2,2,5,1,2
5,0,2,1,1,4,0,1,2,3,0,4,0,1,1,1,1,2,0,1,0,0,3,1,1,0,3,0,4,1,1,1,0,1,1,1,1,2,2,1,0,0,1,3,4,3,4,2,1,3,3,1,4,1,1,1,3,1,0,4,1,1,1,0,7,0,4,1,2,3,3,4,0,2,3,0,4,1,4,0,0,1,3,1,0,2,1,2,2,3,2,3,1,1,0,1,1,1,1,1
2,0,1,4,0,1,4,0,1,1,0,2,2,2,3,1,2,3,1,2,2,1,1,2,2,0,3,0,2,1,2,0,3,1,1,0,1,0,1,0,1,0,0,1,1,1,2,0,1,4,1,3,2,1,1,2,2,0,1,0,1,2,1,1,0,1,1,3,0,2,2,3,3,0,1,2,0,3,2,2,2,3,2,2,1,1,3,2,1,2,2,1,2,1,3,1,5,1,2,2
2,0,1,3,1,1,1,4,4,0,1,2,2,2,1,2,1,1,2,0,2,2,2,3,1,0,4,2,1,1,0,2,0,1,1,0,1,1,1,1,2,2,3,5,0,1,1,4,0,2,3,3,4,1,1,2,0,2,0,2,3,2,2,1,1,4,2,1,2,3,2,2,2,3,1,1,2,4,2,0,1,2,0,0,1,3,1,2,0,4,0,3,1,0,3,2,3,3,3,2
0,1,0,1,0,0,1,1,0,0,4,1,1,1,2,0,1,0,4,0,1,2,1,0,3,1,3,1,4,3,0,0,0,2,1,1,2,3,1,0,1,2,1,0,1,1,2,2,1,1,2,2,1,2,3,3,2,2,0,2,0,1,1,0,1,1,0,3,2,3,2,0,0,1,0,2,1,1,5,1,2,1,1,2,0,0,0,2,3,5,3,1,1,1,3,2,3,4,1,0
3,3,1,7,1,1,0,1,1,0,1,0,2,3,3,4,1,1,1,0,0,1,4,2,1,2,3,1,1,4,3,0,2,1,1,3,3,1,1,1,0,0,0,1,0,2,2,1,3,3,2,1,1,0,2,0,2,3,1,1,3,4,0,0,0,3,1,3,1,0,1,4,0,2,1,2,1,1,1,2,0,2,1,0,1,2,2,2,0,2,2,0,0,0,2,1,2,0,2,4
1,0,2,0,2,3,1,3,2,5,1,1,4,4,2,1,0,2,0,0,4,4,2,0,4,4,2,2,1,0,1,2,1,2,0,0,2,1,1,1,1,1,0,0,2,2,2,3,0,0,4,0,1,3,0,3,1,1,1,0,2,3,2,0,3,1,0,1,3,1,0,0,4,1,2,3,3,2,3,0,2,2,1,1,2,1,1,3,1,1,5,1,1,1,1,1,1,3,0,2
4,1,1,2,0,1,1,0,2,0,1,0,1,1,3,0,4,3,2,0,0,0,1,3,1,4,1,4,3,5,0,2,1,0,0,0,1,1,3,0,0,3,1,0,0,1,0,4,1,1,2,4,2,2,2,4,2,1,2,2,1,2,3,0,1,1,1,3,1,1,1,0,0,0,1,3,2,0,3,2,2,1,1,1,2,3,2,1,2,1,2,0,0,1,2,0,1,1,2,2
4,0,2,3,0,1,0,1,1,3,1,1,1,3,0,3,0,1,1,1,2,1,1,2,2,2,0,2,2,0,0,0,1,1,4,3,2,3,2,1,0,0,2,2,1,2,2,1,3,2,2,1,0,1,2,2,0,1,1,0,0,0,1,4,0,2,2,1,0,3,1,1,3,2,2,1,2,5,3,4,3,4,1,1,3,1,3,2,3,1,0,3,1,3,0,1,2,4,0,0
0,4,0,2,1,2,4,2,2,1,3,0,0,0,2,3,1,1,0,2,0,2,0,3,0,1,1,1,1,3,2,1,2,1,2,2,0,0,3,0,0,0,1,2,4,3,2,1,0,1,2,2,0,1,3,4,3,2,0,2,2,1,1,2,3,0,1,1,1,4,0,1,0,1,2,4,3,1,1,2,0,2,1,0,0,1,1,1,2,6,2,3,0,0,2,4,0,2,3,0
2,6,2,1,0,1,2,0,0,1,4,1,0,1,1,1,2,4,3,3,1,3,2,4,0,0,3,0,1,0,3,2,2,1,0,5,1,0,0,3,0,1,1,1,3,3,1,1,2,1,0,2,2,1,0,1,2,1,2,1,2,1,1,3,1,0,0,0,0,1,2,1,1,1,2,0,3,1,0,3,1,2,1,1,1,3,1,2,3,0,0,1,2,1,1,1,1,1,2,2
2,0,3,0,1,0,1,3,2,1,2,2,0,2,1,2,1,0,0,1,2,0,1,2,1,2,1,1,2,0,3,3,0,2,0,0,0,4,1,6,1,1,2,2,2,5,3,4,2,0,3,0,3,1,1,1,3,3,1,4,2,1,2,3,1,1,2,2,0,2,2,1,3,0,3,2,1,1,2,1,3,1,1,4,2,2,1,2,0,1,1,2,2,2,1,1,1,2,0,0
5,0,1,3,0,2,0,0,1,0,2,4,0,1,3,0,3,3,3,2,1,0,2,1,0,3,5,3,2,2,2,3,2,1,0,3,1,0,2,1,0,1,3,1,1,0,0,3,4,0,4,0,1,2,0,3,1,0,2,0,0,3,2,1,0,1,2,1,0,1,0,1,3,2,1,3,1,2,1,3,4,1,0,1,3,2,2,3,1,1,3,1,0,2,1,1,2,3,1,1
0,0,5,5,0,1,5,2,2,2,0,1,4,2,4,1,1,1,1,1,1,0,1,2,1,2,0,2,1,2,1,0,3,2,0,2,1,4,2,2,3,1,1,1,2,2,2,2,3,0,2,2,4,1,1,1,0,0,0,2,1,0,0,0,2,2,2,1,0,1,0,1,3,2,2,0,0,1,1,0,1,2,0,0,1,1,1,1,1,1,1,1,2,1,0,0,3,3,2,1
2,0,0,2,2,5,1,3,4,1,0,1,0,0,1,2,2,0,0,3,7,0,0,2,0,0,0,0,1,0,0,1,1,0,3,0,0,2,2,2,2,1,0,8,5,5,1,3,1,0,1,2,4,4,0,0,1,3,0,1,2,3,0,3,1,3,0,1,1,1,2,1,3,2,0,1,1,1,2,1,2,1,1,5,3,3,2,0,1,1,0,3,0,2,3,0,0,2,0,2
0,0,6,3,1,0,2,3,0,3,2,0,2,0,0,2,2,2,2,1,1,0,0,0,0,4,2,2,2,0,2,2,3,3,0,1,0,3,4,1,2,2,0,3,5,2,1,1,0,0,0,1,3,3,4,0,1,1,1,0,1,2,2,1,0,2,0,0,5,0,1,1,4,2,0,4,1,0,2,2,2,1,1,2,2,1,2,1,2,0,1,4,1,0,2,2,0,1,2,1
1,0,2,2,0,0,0,1,2,3,5,1,0,2,1,0,2,2,1,0,3,1,0,1,0,1,2,1,1,3,2,2,1,1,1,1,4,0,3,1,3,2,5,2,3,1,3,1,2,3,2,1,1,2,0,3,1,2,1,0,0,1,0,3,2,2,2,0,3,3,4,0,0,3,7,1,1,4,2,3,0,1,1,0,1,3,1,0,3,0,2,1,3,1,3,1,3,1,4,2
2,0,0,3,3,1,1,2,1,1,1,4,0,2,2,5,2,1,1,4,0,2,2,2,2,0,0,1,0,1,2,3,1,2,1,1,1,2,1,2,1,2,2,1,3,2,1,0,2,1,0,4,0,0,0,0,0,1,0,1,0,2,2,1,1,0,2,1,1,0,0,1,2,0,2,1,2,3,2,0,4,0,1,0,0,1,1,0,2,0,1,3,2,1,0,0,1,0,2,0
0,7,1,2,3,0,1,1,0,0,1,3,1,2,3,1,2,1,1,3,1,0,5,1,2,1,1,3,0,2,3,1,3,1,1,3,3,2,2,2,1,0,2,2,0,2,3,1,1,1,2,2,0,1,2,2,2,0,0,3,4,2,1,1,0,0,3,0,2,4,0,1,3,1,1,1,2,2,1,1,1,0,2,2,2,2,1,1,0,0,4,2,1,2,2,2,0,2,1,2
1,0,0,2,3,0,1,0,1,2,0,2,2,0,4,0,1,1,1,1,0,0,1,2,2,2,2,3,0,2,3,0,1,1,2,4,0,0,3,3,2,2,0,3,1,1,1,3,2,1,0,0,0,1,1,2,1,3,3,3,1,1,2,3,2,2,0,0,2,3,6,2,1,2,2,2,1,3,1,0,0,2,1,2,2,2,1,1,0,2,1,3,2,0,0,3,3,2,0,2
1,0,2,0,1,1,3,2,2,3,0,7,1,1,3,2,2,1,2,2,1,2,1,1,2,2,1,0,3,0,2,0,4,0,1,1,3,2,1,2,2,0,1,2,1,0,1,0,1,1,2,1,1,2,0,3,1,1,1,2,1,0,0,1,2,0,1,0,1,2,1,4,0,2,1,1,3,1,1,1,1,1,2,2,1,4,1,0,1,2,1,1,1,0,1,1,1,1,2,1
4,0,0,0,2,2,2,2,2,4,2,2,2,1,0,1,1,3,3,2,2,1,1,3,3,2,1,1,1,6,3,3,1,2,1,0,4,2,2,0,3,1,1,0,4,2,2,1,3,2,4,4,3,1,1,1,2,2,2,1,0,0,0,0,5,3,0,0,2,3,0,1,0,0,2,1,3,1,1,0,1,0,1,1,4,1,3,5,1,1,0,1,2,3,2,3,1,0,1,1
0,1,2,0,1,1,1,2,4,1,1,2,1,1,1,0,2,1,0,0,2,2,3,4,0,2,1,1,4,1,1,2,1,1,0,0,1,0,5,1,0,4,1,5,2,1,2,0,0,1,1,2,1,2,3,1,0,2,0,3,0,4,1,2,2,2,0,3,1,1,0,1,1,1,3,2,2,2,0,2,2,3,1,2,2,0,2,1,2,2,2,1,0,4,3,3,0,1,1,2
1,0,0,3,2,3,4,3,3,0,0,1,1,0,3,1,0,1,0,0,1,1,0,1,4,3,1,1,1,2,0,3,2,2,0,1,2,3,2,3,1,1,0,3,2,0,1,3,2,2,1,1,0,1,0,0,0,1,0,3,0,3,2,4,0,2,1,2,0,2,0,4,1,1,1,2,2,1,2,3,0,2,0,1,0,1,2,1,0,0,2,2,0,3,1,3,1,2,1,1
1,0,2,1,1,2,1,1,1,0,1,5,4,0,1,1,2,0,0,1,1,0,1,1,3,0,1,1,1,2,2,3,2,1,1,1,5,3,1,4,2,3,1,1,2,6,0,4,0,0,2,5,5,1,0,2,1,1,1,3,2,1,5,1,3,1,0,2,3,1,3,3,2,1,0,2,1,2,1,3,0,0,2,0,2,1,0,1,3,4,1,0,3,1,0,1,4,1,3,0
1,1,2,4,2,5,1,2,3,0,0,2,1,3,1,1,3,0,0,1,1,0,0,1,0,2,1,2,1,1,3,0,2,0,3,1,2,0,3,1,3,2,1,2,0,0,0,4,2,3,3,1,1,1,2,1,0,1,3,1,1,1,1,0,1,4,2,1,2,3,4,1,2,2,6,0,2,2,2,0,1,2,1,0,1,2,0,3,2,2,1,1,1,1,3,0,2,2,2,1
1,0,1,2,1,3,1,0,4,1,1,1,1,3,4,3,0,3,4,1,4,3,7,0,0,0,1,2,3,0,2,4,2,0,0,4,4,0,3,3,0,1,3,2,1,0,2,1,1,2,0,2,1,2,0,1,1,2,1,1,2,1,0,3,4,0,0,2,4,1,4,1,1,1,1,1,1,3,2,3,2,0,1,1,2,0,4,2,0,1,0,1,0,4,2,2,3,1,1,4
4,1,2,0,1,3,2,3,1,2,2,2,0,2,2,0,0,2,1,0,1,3,6,0,0,2,1,0,3,1,1,4,0,0,2,0,3,1,2,1,1,0,0,0,3,2,2,1,2,2,0,2,1,1,0,2,3,0,3,0,1,3,2,2,3,2,0,1,3,2,1,0,0,4,3,0,2,2,1,2,4,2,3,1,1,1,0,2,4,1,1,2,1,0,1,2,0,2,1,1
1,0,0,1,2,1,2,2,1,2,0,3,0,1,4,2,0,1,1,3,1,3,4,3,1,2,1,2,1,1,2,0,3,0,1,1,0,0,0,1,0,0,0,0,1,1,2,1,0,1,1,3,1,2,0,1,0,3,3,0,0,2,1,0,1,3,1,3,1,4,3,0,2,1,1,1,1,2,2,2,1,0,1,1,0,2,2,0,2,0,1,2,2,2,1,1,1,0,4,1
1,0,7,3,2,1,0,2,0,3,5,3,1,3,1,1,1,2,2,0,0,1,2,3,0,1,0,1,1,0,3,1,0,1,1,2,3,1,1,1,3,1,1,1,1,1,2,3,1,3,2,2,2,2,1,1,0,2,0,3,1,1,1,2,2,2,1,1,2,1,1,2,2,3,1,2,1,1,2,3,1,2,0,0,1,1,2,2,2,1,2,2,0,2,1,1,0,0,0,0
1,2,2,0,0,0,1,4,1,1,1,1,2,0,1,0,0,1,1,3,1,0,1,1,2,0,1,2,2,2,1,0,2,1,2,1,2,2,0,2,1,1,1,3,3,3,3,2,3,3,0,3,1,0,4,0,0,2,1,0,1,2,2,0,1,1,1,0,2,1,1,3,0,2,0,1,0,1,2,2,0,2,2,0,2,2,1,5,0,0,1,0,3,1,0,1,3,1,1,3
3,0,2,0,1,1,3,0,3,5,3,0,2,0,2,3,3,1,4,0,1,0,2,2,1,2,2,2,0,0,1,4,0,2,3,2,3,2,3,1,1,2,1,2,2,2,2,1,2,1,1,2,3,1,1,3,1,1,1,0,1,1,2,1,1,1,2,0,2,2,1,3,1,1,1,4,3,1,1,2,2,3,4,2,0,0,3,3,2,1,2,1,0,2,2,2,1,3,1,2
5,3,1,2,0,2,0,0,2,1,2,0,3,3,2,2,1,1,0,1,3,3,1,0,0,0,2,2,1,1,0,2,3,0,2,3,1,0,0,2,1,1,4,2,6,1,0,2,1,3,2,2,3,3,5,0,1,1,2,1,1,1,3,1,1,2,1,2,3,3,2,1,4,1,0,2,2,3,1,0,0,4,1,2,0,0,1,1,1,2,0,1,3,4,3,2,2,1,1,3
1,2,0,0,1,1,1,1,2,2,2,4,2,0,2,1,3,1,0,0,0,1,1,2,1,0,2,0,2,2,1,3,0,2,3,1,0,2,4,3,1,0,2,4,3,3,0,5,1,1,1,1,3,0,4,1,1,1,0,0,0,2,2,1,4,1,0,2,0,3,1,0,3,0,0,3,2,1,0,0,3,3,0,3,5,1,1,5,0,2,2,3,0,3,2,0,0,2,1,0
1,2,1,0,1,1,3,2,2,2,1,2,0,2,2,2,0,2,1,1,1,0,2,2,3,1,4,0,1,0,3,2,1,0,1,1,0,1,1,0,0,1,0,3,4,2,5,1,4,0,0,5,0,2,0,0,3,3,2,1,0,4,1,4,3,1,2,4,1,3,4,1,0,1,1,2,3,1,4,1,3,0,0,0,4,0,1,1,4,0,0,1,0,2,3,1,1,1,0,6
8,0,2,2,1,1,2,1,1,1,2,0,1,3,0,1,1,1,4,3,1,1,3,1,2,1,2,3,1,2,2,2,1,4,1,2,2,2,2,1,4,1,0,0,4,3,1,0,4,1,1,1,5,1,0,3,2,3,2,2,3,1,1,1,0,1,2,2,0,2,2,1,0,1,2,0,2,3,2,0,1,4,0,2,1,1,4,2,0,1,1,0,1,1,0,0,0,4,4,1
3,5,0,2,2,4,2,4,2,2,0,1,2,2,0,5,1,0,1,1,2,0,3,2,1,2,1,0,4,1,4,2,1,2,0,3,2,1,2,1,0,1,0,0,2,2,1,2,1,2,1,1,0,2,2,0,0,5,1,0,0,2,1,3,3,1,1,2,1,1,0,3,0,0,1,2,1,2,2,1,1,3,4,0,3,2,3,1,4,0,0,3,2,2,1,1,1,1,1,1
4,9,1,1,1,1,1,0,2,2,1,0,1,0,3,1,3,0,1,2,3,1,2,2,3,4,2,2,2,1,2,4,0,0,2,3,3,0,4,0,1,3,0,2,1,0,2,2,3,1,1,1,1,0,3,0,1,1,4,1,2,4,1,1,0,2,2,2,3,0,4,1,0,2,1,2,2,3,2,2,2,0,1,1,4,1,1,0,3,2,1,3,1,0,3,0,2,1,1,5
4,0,3,1,0,3,2,5,3,2,1,1,3,1,3,2,1,2,0,2,2,2,2,4,1,3,1,0,1,1,2,1,1,1,2,1,0,1,2,1,3,0,1,1,1,2,3,0,0,2,2,4,2,1,1,2,3,1,2,0,1,5,1,0,1,3,3,2,3,2,0,0,0,0,3,2,1,1,1,2,1,1,1,1,2,0,1,1,2,0,1,3,1,2,1,1,2,0,4,3
3,0,1,0,1,3,1,1,1,1,0,0,4,1,2,2,2,0,2,1,4,1,0,4,1,2,1,1,1,2,1,3,0,3,1,0,2,2,0,0,0,2,1,0,0,0,1,1,2,4,2,2,2,0,1,3,1,0,1,2,2,1,0,0,3,1,1,1,2,0,0,2,1,3,2,2,2,1,1,2,1,3,1,1,1,3,0,2,2,2,1,3,0,0,2,1,2,2,2,2
0,4,2,0,1,0,1,2,2,4,2,2,2,0,0,5,2,1,1,2,2,1,0,1,2,1,2,5,1,2,1,1,1,1,4,2,2,1,2,2,1,3,2,2,2,2,2,0,1,0,3,4,3,0,1,1,0,2,2,1,0,0,3,3,1,2,1,0,3,1,1,3,1,1,2,2,3,1,2,2,2,3,1,1,1,0,2,1,1,2,1,0,1,1,1,0,2,1,1,1
3,0,0,0,0,1,1,2,2,0,1,1,0,2,2,2,1,3,2,3,3,1,0,1,3,2,1,1,2,0,1,0,3,1,0,5,1,2,2,2,2,2,2,2,1,0,1,0,1,1,3,4,2,1,3,0,4,1,0,3,5,1,1,1,0,2,1,1,2,4,3,3,3,1,1,0,2,4,1,2,0,0,1,3,2,1,3,1,3,0,3,1,4,2,1,0,3,1,3,1
0,3,5,1,2,1,1,0,2,2,1,1,1,3,3,2,1,1,3,2,2,2,0,0,0,3,1,0,2,4,3,2,1,1,1,2,2,0,3,2,1,2,2,1,2,0,0,0,1,1,2,1,0,2,5,2,1,2,3,2,1,3,3,0,0,2,1,2,0,2,0,1,1,3,0,0,0,0,2,1,1,1,2,3,2,3,6,0,2,2,1,3,0,2,2,0,2,0,0,1
2,0,1,4,1,2,1,0,5,2,0,0,1,2,0,1,1,2,1,1,0,0,0,0,1,1,3,2,0,3,4,2,3,1,2,1,2,0,3,2,2,2,2,2,0,1,3,1,1,0,0,1,2,1,2,2,1,5,2,3,3,1,3,3,0,3,1,3,2,0,0,1,1,1,3,0,1,1,0,1,1,2,1,4,1,2,1,2,4,4,2,3,0,4,3,3,0,1,3,2
1,0,4,4,2,4,1,1,2,2,1,1,2,2,2,0,3,0,0,0,2,3,7,0,0,3,1,2,1,1,3,1,1,0,3,3,2,0,0,2,1,0,2,0,1,1,3,1,0,1,4,1,1,2,1,0,4,1,1,3,1,2,2,2,1,2,2,2,4,4,2,1,0,4,1,1,1,2,1,0,5,3,1,1,2,3,0,1,1,2,2,1,0,1,3,0,1,2,4,3
1,3,1,1,0,0,1,2,2,6,0,2,3,1,0,1,0,3,0,3,2,2,2,0,0,3,1,0,0,1,0,6,1,1,4,0,1,1,2,0,0,2,2,1,0,0,2,1,0,4,1,3,0,3,4,0,1,1,1,2,2,1,4,1,2,2,3,0,1,0,2,1,0,1,2,4,2,0,0,2,0,1,0,0,2,0,1,0,1,0,2,2,3,1,1,2,0,3,3,2
8,3,1,1,1,2,0,0,2,1,2,2,4,1,4,1,2,0,2,3,2,0,4,1,1,0,0,2,0,1,0,4,3,2,0,0,3,0,1,0,3,0,3,1,3,1,3,1,3,2,0,4,0,3,1,3,2,2,1,2,1,2,0,1,1,3,1,3,5,2,1,0,2,2,1,1,2,1,0,2,0,2,1,1,0,3,3,1,2,1,1,1,1,4,1,0,1,1,1,0
2,0,2,0,2,2,2,2,2,1,1,2,1,3,0,1,1,0,0,1,0,1,0,1,0,0,1,4,3,0,3,1,1,5,0,3,0,0,2,2,0,3,2,2,2,3,4,3,0,1,0,1,3,4,1,2,0,2,4,2,1,0,4,1,2,1,0,1,2,2,2,1,0,1,1,2,1,3,0,0,1,1,2,0,1,1,2,5,2,2,2,2,1,0,0,2,2,2,0,1
3,0,1,2,4,2,2,2,2,1,1,0,1,2,2,2,3,2,1,4,2,2,2,1,0,2,1,2,1,3,2,4,1,4,2,2,3,1,0,1,0,2,1,1,0,0,2,0,2,1,2,0,0,0,2,0,1,2,0,2,0,1,2,1,2,1,0,1,1,1,0,1,1,2,1,3,1,3,1,1,2,1,2,2,0,2,1,1,1,3,0,1,1,0,2,1,3,2,2,1
0,0,1,3,0,4,1,1,0,1,0,4,1,2,1,3,2,1,1,0,1,0,0,4,2,1,2,4,1,1,0,0,2,3,0,0,0,2,2,1,5,1,6,1,3,1,1,0,1,2,3,1,1,1,3,1,1,2,1,1,1,1,1,2,4,3,5,1,2,2,0,0,3,0,4,2,1,3,2,2,2,2,1,0,1,1,1,0,1,3,1,1,2,1,4,0,0,0,2,4
2,0,1,2,1,1,2,1,0,2,0,2,0,1,4,3,2,3,3,1,1,1,2,1,5,3,2,0,4,2,0,0,4,1,3,2,0,2,5,2,0,0,1,2,2,2,2,2,2,1,1,2,1,3,2,3,2,0,3,0,3,2,3,0,1,5,0,2,2,1,0,1,2,6,0,1,1,0,1,0,2,2,3,1,2,2,1,1,0,3,0,1,2,1,3,2,4,1,2,0
1,1,0,3,2,1,2,0,3,2,1,1,4,2,1,2,4,0,3,0,3,2,2,0,2,2,2,2,2,0,0,2,0,2,0,2,0,1,0,2,3,3,1,0,0,3,3,2,2,0,4,2,2,2,4,2,1,1,0,0,1,2,1,1,2,3,0,1,3,2,3,2,0,0,0,0,0,1,1,0,1,0,0,3,3,2,0,3,0,0,0,1,1,2,0,1,0,0,2,2
0,2,2,1,1,1,2,2,1,1,2,1,1,2,3,1,2,4,1,2,2,1,1,1,0,0,2,0,0,1,1,0,3,3,1,1,3,2,1,1,1,3,1,1,2,1,1,4,2,0,3,0,1,0,1,1,1,1,5,1,1,0,1,2,0,2,2,1,2,2,2,2,5,0,2,1,2,1,2,0,0,1,0,2,2,1,2,0,0,2,1,0,1,0,1,3,2,3,0,1
8,0,1,1,0,2,0,2,1,2,0,1,2,3,3,1,2,0,2,0,1,3,3,1,1,2,1,3,1,1,1,0,0,2,2,0,4,4,1,0,1,0,0,1,2,0,2,4,1,0,2,1,0,2,1,3,0,1,1,1,0,1,1,2,1,1,6,0,1,0,2,1,1,2,3,0,2,1,2,0,1,3,3,2,2,0,2,0,2,1,0,2,0,3,0,1,3,1,1,1
2,4,2,1,5,3,3,3,2,4,2,0,0,0,3,1,1,1,3,1,3,1,2,1,0,3,2,1,0,1,2,2,3,1,0,1,2,0,2,2,0,1,2,3,1,2,1,1,0,4,4,1,1,1,3,1,0,4,2,3,1,1,2,2,0,2,1,1,3,0,3,0,5,0,1,0,0,2,1,1,0,1,0,1,4,1,1,2,2,1,1,2,2,3,3,1,1,2,2,4
3,0,2,0,4,4,1,0,0,4,0,2,2,1,0,3,0,2,2,1,2,2,0,1,1,1,0,0,0,0,0,0,0,3,2,1,1,3,1,3,2,1,1,2,5,3,2,1,2,1,0,0,1,3,3,2,3,4,1,1,3,1,2,1,1,2,0,3,6,3,1,2,3,1,3,1,0,1,2,2,2,1,1,6,3,0,0,2,3,0,2,2,0,2,1,0,3,4,4,1
1,0,1,3,0,4,5,1,1,3,1,2,2,1,1,1,0,2,2,0,1,1,2,2,1,0,2,1,2,0,1,3,2,2,1,3,0,0,2,0,3,2,1,1,2,1,1,2,1,2,1,2,1,1,1,0,2,0,2,0,1,1,1,0,4,2,0,0,1,1,3,1,1,2,3,0,2,5,3,0,1,1,2,1,2,1,4,2,4,0,1,4,3,3,1,2,1,2,0,1
0,8,2,2,0,1,2,2,0,3,4,2,0,0,2,2,2,0,2,0,2,1,2,3,1,3,0,0,3,1,0,3,7,3,1,2,2,1,0,0,0,0,0,2,3,1,4,4,1,2,1,1,1,3,0,1,1,2,2,1,0,0,1,3,5,1,1,1,2,1,1,1,2,0,1,1,0,2,1,2,1,0,0,1,1,1,2,2,3,2,0,2,1,1,1,2,0,0,2,1
4,3,0,1,0,1,2,1,3,0,0,3,2,0,0,1,2,1,2,2,0,4,3,1,2,0,1,2,1,0,1,2,1,2,1,0,0,2,2,3,1,2,3,1,0,1,1,1,0,2,0,1,3,1,0,3,2,3,1,1,1,1,2,4,3,1,0,3,5,0,1,1,1,4,3,1,1,0,2,0,3,0,1,1,1,2,2,1,1,2,1,0,0,3,1,1,2,0,4,0
5,3,2,5,5,1,1,2,2,1,1,1,2,1,0,0,0,3,1,1,2,3,3,1,0,2,3,1,0,0,4,4,3,2,0,2,0,2,2,1,0,1,3,2,1,2,0,1,3,2,1,1,0,2,1,1,0,1,1,1,2,0,0,4,2,0,2,0,1,3,2,1,0,0,1,1,1,4,1,0,1,1,2,1,3,2,2,1,0,4,1,2,3,0,0,2,1,2,0,3
3,0,0,2,1,3,0,3,2,1,0,2,2,0,2,0,1,0,1,2,1,0,1,0,3,0,2,0,3,3,3,1,4,2,2,3,3,0,1,1,4,0,0,4,2,4,4,2,0,1,2,1,3,4,2,1,1,2,1,1,2,1,2,3,1,1,5,1,1,5,3,3,3,2,2,3,2,1,2,2,2,0,2,3,0,2,0,2,0,2,0,2,2,0,0,3,1,2,2,2
0,9,2,2,0,2,1,0,3,1,0,2,1,1,0,0,0,2,0,2,1,0,1,1,3,3,1,0,1,0,2,1,2,0,0,1,1,1,2,2,0,2,2,3,0,3,2,3,0,3,2,3,2,4,2,2,1,1,2,2,2,3,3,2,1,2,1,0,0,1,0,7,0,2,1,0,4,5,1,2,2,1,0,1,5,1,1,0,2,3,1,2,2,1,0,2,1,0,1,2
2,6,2,1,2,2,4,1,1,0,3,3,0,0,2,0,1,0,4,0,2,1,6,1,3,2,2,1,3,0,0,0,1,1,4,1,1,1,0,1,2,4,1,2,5,3,2,2,0,5,1,0,1,2,1,5,1,2,3,1,1,2,2,2,0,2,1,1,1,1,0,1,0,3,0,2,3,3,4,1,3,1,4,1,0,0,0,1,2,1,0,2,2,1,2,1,1,3,2,2
9,5,1,2,1,1,2,1,2,1,2,0,0,1,2,0,2,4,1,1,4,4,1,1,0,2,1,0,2,1,0,0,3,1,4,1,3,1,1,0,1,2,1,2,0,2,4,1,1,1,3,1,3,1,1,1,0,1,2,1,3,3,1,0,2,1,1,0,1,2,4,3,2,1,2,1,1,1,0,1,0,4,1,2,1,1,0,1,2,1,1,4,1,0,1,0,1,2,1,2
4,0,1,2,2,0,4,1,1,3,1,2,2,1,4,0,1,0,1,0,2,0,2,3,2,0,1,2,0,1,0,3,0,2,1,1,0,0,0,0,1,2,1,2,0,2,5,4,2,2,2,1,1,0,2,2,1,1,3,1,3,3,2,2,2,1,3,0,2,1,1,0,3,2,1,0,4,2,4,2,4,0,3,2,2,1,2,1,1,1,0,1,1,0,1,1,0,0,0,0
7,0,0,4,0,0,1,2,0,1,2,2,0,1,1,0,2,3,3,0,0,1,0,3,1,5,2,2,1,2,2,3,1,2,2,2,2,3,1,2,3,1,1,0,2,1,0,3,3,4,1,5,3,3,0,1,4,1,1,0,2,1,2,1,3,0,1,3,2,3,3,2,0,3,1,1,0,0,1,0,0,1,2,2,1,2,5,5,1,2,0,3,4,3,3,2,1,0,2,2
0,10,1,1,2,5,3,1,2,0,1,3,1,2,0,0,1,3,2,2,2,2,1,2,0,1,1,2,1,3,2,0,2,3,1,2,0,2,0,1,0,1,2,3,1,0,1,1,1,1,2,1,3,0,1,2,2,0,0,1,2,2,1,3,0,3,1,0,3,1,2,1,0,0,1,2,1,2,0,1,2,0,3,2,1,0,0,2,0,0,0,0,0,0,1,1,0,4,0,1
0,1,0,2,1,1,1,1,1,3,0,3,3,3,5,0,0,2,2,2,5,2,1,5,3,1,1,1,0,0,1,0,2,0,2,2,1,0,0,2,0,2,1,1,4,0,1,0,0,2,3,3,0,0,0,1,2,1,3,1,0,2,3,3,2,1,2,1,1,3,2,0,0,1,0,1,0,3,2,1,2,0,4,0,2,1,2,2,3,1,4,2,1,1,2,1,1,2,0,0
0,1,1,1,0,2,1,3,1,2,3,1,0,1,2,0,3,1,0,2,2,0,0,0,1,1,2,1,2,2,0,0,2,3,0,1,4,1,1,3,2,2,1,3,3,2,1,5,1,0,1,1,4,1,2,1,1,1,2,0,1,4,1,1,2,1,1,3,0,2,3,2,2,3,2,2,1,2,2,0,1,0,2,3,1,0,1,1,2,0,1,1,2,1,4,1,3,1,3,0
0,0,1,1,0,0,2,2,1,1,0,7,4,1,0,0,2,0,3,2,1,2,4,2,2,1,3,2,1,1,1,2,1,3,3,2,1,0,0,1,0,2,2,1,0,2,0,4,1,1,1,1,3,1,2,1,1,0,5,2,0,1,1,2,0,1,1,3,0,0,0,2,3,1,0,5,1,1,3,1,0,1,3,3,1,0,1,4,2,0,1,2,1,1,1,2,1,0,1,1
1,2,1,0,1,2,2,2,6,2,0,0,0,1,2,0,6,1,3,1,2,3,3,2,1,0,3,2,1,2,3,2,3,1,0,1,2,0,0,1,2,2,1,2,0,3,3,2,0,1,1,3,4,1,2,1,3,0,1,3,2,1,2,1,1,0,0,0,1,2,1,1,3,1,1,0,0,3,4,3,0,2,1,2,1,2,1,0,2,1,4,2,1,2,1,0,2,2,3,1
4,1,1,3,0,1,3,2,2,1,2,3,2,2,2,3,2,1,0,0,1,3,5,2,1,1,1,1,4,2,1,6,1,3,0,0,2,1,0,4,0,3,0,0,3,2,1,0,3,3,4,4,1,2,0,0,1,0,1,1,1,0,1,1,1,0,3,1,2,0,0,2,0,0,1,0,3,2,1,1,4,1,1,2,0,1,1,4,2,0,2,1,1,2,1,1,0,0,1,0
2,4,0,0,0,1,0,0,1,0,4,2,0,1,0,1,2,3,3,3,4,2,0,1,1,2,0,2,2,2,1,3,1,1,4,2,2,1,0,2,2,2,1,1,1,2,2,0,0,0,4,1,0,2,4,1,2,2,0,0,3,1,0,3,3,1,0,2,1,1,1,0,1,1,4,1,2,3,1,1,3,0,0,0,1,0,1,2,1,3,2,2,1,1,2,0,0,1,1,3
1,0,2,1,0,2,0,0,3,1,1,0,2,3,2,3,0,0,0,3,1,1,2,0,0,1,0,3,2,1,0,0,0,2,1,0,3,2,2,2,3,0,1,0,2,3,0,1,0,0,2,0,2,1,2,0,0,0,2,7,0,0,2,0,1,2,1,0,0,0,3,0,1,0,0,4,3,1,4,3,0,2,2,2,2,3,1,3,1,3,2,1,0,0,2,0,3,3,1,1
1,0,1,2,1,2,0,2,1,2,1,1,0,1,1,1,1,0,3,2,1,2,3,1,0,0,3,4,3,1,2,0,1,1,1,2,0,0,0,1,0,1,2,0,1,1,1,1,0,2,1,1,3,0,2,0,1,2,0,2,0,1,3,1,1,0,0,1,1,2,1,1,1,2,1,1,0,1,2,2,1,0,3,2,3,2,1,0,2,0,2,2,3,0,2,0,1,1,0,1
1,0,2,2,3,1,1,1,1,1,0,2,1,2,1,6,3,0,3,1,4,0,3,0,2,1,1,1,0,5,0,0,4,2,1,3,1,1,0,2,1,1,1,3,2,4,0,2,3,1,0,2,1,0,0,1,1,1,2,1,2,1,2,4,0,1,1,1,2,0,0,3,4,1,3,1,0,1,2,1,1,2,1,2,1,1,2,1,0,4,1,4,1,2,2,1,0,1,1,3
5,0,3,1,1,0,3,2,2,2,0,0,1,0,0,3,0,1,2,3,1,0,2,0,1,3,6,2,0,2,4,0,5,0,2,2,1,1,1,1,1,2,3,1,0,2,0,2,1,1,1,3,2,3,2,1,1,1,1,2,1,2,1,1,1,2,1,1,4,1,4,0,3,0,1,0,1,4,0,0,2,1,1,2,0,2,4,1,0,4,0,1,1,1,4,2,1,2,3,5
1,0,2,1,2,0,1,4,4,3,1,2,1,2,1,2,1,2,2,2,2,3,2,0,3,3,2,2,2,3,1,4,1,1,1,2,2,3,1,0,1,2,1,1,1,0,2,1,0,4,1,3,1,1,1,0,2,2,0,2,2,0,2,3,1,3,3,2,1,2,5,0,2,1,1,0,2,0,3,0,3,1,2,1,1,4,1,1,2,1,0,4,3,2,3,0,1,0,0,3
6,0,1,0,0,0,1,2,2,3,4,2,2,1,1,0,1,1,2,4,2,1,2,1,0,0,1,2,2,2,1,2,1,4,1,2,0,2,2,4,1,2,1,1,1,1,2,0,0,0,3,1,1,1,0,1,1,1,2,3,0,1,0,0,0,2,2,1,2,3,6,1,1,1,1,0,3,4,1,1,1,0,0,2,1,0,0,2,5,2,2,2,1,0,0,0,1,1,2,2
5,0,1,1,2,2,1,0,2,2,1,0,0,1,1,2,1,1,1,2,0,3,2,0,0,0,1,0,1,3,1,3,4,4,1,0,1,0,4,0,3,0,1,2,0,0,1,2,2,1,0,4,3,0,3,1,0,0,1,0,0,1,2,2,1,0,3,2,3,0,1,0,0,2,2,2,0,3,1,1,4,2,1,0,4,3,0,2,4,2,3,1,2,1,1,2,1,1,1,1
2,1,0,1,2,2,3,1,2,1,1,2,3,0,1,0,1,2,0,1,3,1,2,0,1,2,2,1,0,0,0,0,2,0,0,2,0,2,3,0,1,2,2,1,3,1,1,2,2,3,0,1,3,2,2,0,0,1,1,0,2,2,2,1,0,3,2,1,2,1,1,0,1,1,2,0,1,0,2,3,0,1,0,1,0,2,1,0,4,1,2,2,1,1,1,4,3,4,2,2
4,3,1,4,4,0,1,3,2,1,1,0,0,1,0,0,2,4,4,0,3,1,3,4,2,0,0,4,2,0,1,3,0,0,4,3,5,3,1,1,2,0,3,1,2,2,0,0,1,1,2,1,4,3,1,2,0,2,1,3,2,1,0,1,0,1,1,1,2,4,2,3,2,1,2,3,0,0,2,4,3,4,0,1,0,2,1,2,0,1,1,2,2,3,1,2,1,1,1,2
4,1,1,2,2,0,0,1,2,3,0,1,3,1,2,1,1,2,2,0,0,0,3,0,1,1,3,2,2,2,1,2,1,2,2,2,2,0,4,0,2,0,0,0,1,1,2,2,0,2,2,3,0,1,1,1,1,0,0,2,2,4,3,1,0,0,2,1,1,2,2,1,1,2,2,1,1,1,1,3,3,2,2,2,4,3,0,3,1,5,0,2,1,2,1,2,2,1,2,2
11,0,2,3,0,0,2,1,1,3,1,1,1,1,1,2,1,2,0,5,3,3,1,2,2,1,4,0,3,1,1,1,1,1,1,1,1,2,1,0,0,2,1,4,1,3,2,3,1,1,1,3,0,1,1,1,1,1,4,1,1,2,0,2,1,1,1,0,2,2,2,0,2,1,1,2,3,1,0,1,0,1,3,2,1,2,1,1,2,0,1,0,0,0,2,1,1,1,3,1
0,0,1,1,0,4,4,2,2,3,2,2,1,0,0,1,2,3,1,1,2,0,2,0,0,1,1,4,1,1,3,2,0,1,1,1,3,2,1,1,2,2,0,1,0,0,1,1,2,2,0,2,2,1,1,1,0,1,1,0,1,1,2,0,2,0,1,3,0,2,4,1,1,1,2,1,2,1,1,0,2,1,1,0,0,2,2,1,2,1,1,2,1,0,1,2,3,0,0,0
0,3,0,2,2,2,2,3,1,2,1,1,3,2,2,1,1,2,0,0,1,1,0,0,1,0,1,2,2,2,1,1,1,1,2,2,2,0,2,3,2,1,2,0,1,2,1,2,4,0,4,3,1,3,0,2,2,1,4,3,1,1,4,2,2,0,3,0,3,1,2,1,1,1,0,1,3,4,1,0,0,2,1,1,1,1,2,4,0,1,2,2,3,0,3,2,1,2,0,2
1,3,1,3,0,1,1,1,0,2,0,4,0,1,3,3,2,1,1,2,1,2,2,3,1,2,1,3,2,1,5,2,0,0,1,1,0,2,0,0,2,1,5,3,0,2,0,2,0,1,0,2,1,1,1,1,2,2,1,2,0,1,2,1,1,0,0,1,4,2,2,1,2,2,1,2,2,0,1,1,2,0,0,2,0,1,3,0,1,3,2,2,1,2,1,2,3,3,1,1
1,6,3,2,1,2,0,0,0,0,4,1,0,2,1,1,1,3,0,2,2,0,1,0,1,0,1,2,1,1,2,2,1,1,0,1,4,1,3,1,2,0,1,4,2,2,1,0,1,0,1,1,1,1,1,3,4,1,3,1,2,1,0,1,1,0,2,1,2,2,1,2,3,3,0,0,1,1,1,1,4,1,1,2,2,0,0,4,2,1,1,1,1,0,3,1,0,0,0,1
3,0,1,1,1,1,3,1,1,2,2,3,0,1,1,0,1,2,0,1,2,0,1,4,2,4,1,2,2,2,0,0,1,2,2,2,1,1,0,3,0,0,1,1,1,0,1,4,1,4,1,2,0,0,2,2,1,1,1,1,2,0,1,4,0,0,1,2,1,3,3,1,3,2,0,1,3,0,1,3,3,2,1,1,1,1,1,1,3,0,3,2,0,1,2,0,2,2,2,0
0,4,1,2,0,1,1,3,1,0,2,1,0,3,1,1,1,1,3,1,0,1,2,2,1,1,1,2,1,1,2,1,0,1,2,2,1,1,3,2,4,1,1,3,1,0,3,0,1,2,1,0,0,1,2,3,1,2,4,2,1,3,4,0,0,1,0,3,4,1,2,2,1,1,1,1,1,1,1,1,4,1,3,2,1,1,0,2,1,4,2,1,3,2,0,2,2,1,1,5
4,0,1,2,3,0,1,2,1,0,1,2,2,2,1,2,1,3,4,0,1,2,1,0,1,2,1,2,0,5,1,0,2,1,0,2,1,1,0,0,1,3,2,2,4,1,2,4,0,0,4,3,1,0,0,3,3,0,1,0,0,3,3,1,1,0,1,1,0,1,2,0,1,2,2,1,1,2,0,1,1,2,3,2,0,2,0,0,1,1,0,2,0,3,0,1,1,4,1,2
2,0,1,1,1,1,3,1,0,3,1,1,2,4,1,2,2,3,6,1,2,1,0,5,1,3,1,0,1,3,2,4,1,1,1,0,2,1,2,2,1,0,1,1,2,1,2,0,2,3,1,0,1,2,1,1,1,3,2,1,1,0,0,1,1,2,1,1,2,3,1,6,0,1,1,1,2,2,3,1,2,3,3,1,2,2,0,0,0,1,0,2,1,1,2,0,2,1,0,2
0,2,1,1,2,1,3,1,1,1,1,1,0,3,1,1,0,3,3,3,2,1,7,0,3,2,0,0,1,2,1,1,0,1,1,1,1,2,1,1,1,1,1,2,2,0,0,1,0,2,2,0,1,2,4,4,3,1,1,2,2,1,2,0,3,2,3,3,1,2,3,0,1,0,4,1,1,0,1,2,1,1,0,1,0,2,2,1,0,1,2,0,3,2,3,0,0,3,2,2
1,0,1,1,3,2,3,2,2,3,2,3,0,2,3,2,1,1,1,1,0,0,1,0,0,1,1,3,4,3,4,0,3,1,1,2,0,1,1,0,2,1,0,0,2,2,2,2,2,1,1,2,0,2,0,4,0,3,0,0,5,2,1,2,3,2,1,0,1,1,2,3,1,4,1,0,1,1,2,1,1,3,1,3,2,1,1,0,0,2,4,2,1,1,0,4,0,2,3,1
2,0,1,4,0,1,1,0,0,0,2,0,3,1,1,1,2,2,1,5,1,1,0,1,3,0,2,1,1,2,3,0,1,0,0,8,0,0,1,2,0,2,1,2,2,1,1,2,0,1,2,2,1,0,3,2,2,2,6,2,5,3,1,1,2,3,1,0,1,1,2,0,3,0,0,1,1,1,1,0,1,0,3,1,2,1,3,1,1,2,3,1,2,5,1,2,2,2,0,2
0,3,2,0,1,0,0,0,1,0,1,1,0,2,3,1,2,1,3,2,0,1,0,1,1,0,2,1,1,0,1,3,3,1,1,5,2,2,6,3,1,0,6,1,3,1,1,3,0,2,0,4,0,2,1,1,1,2,1,0,3,5,2,3,3,5,3,5,3,1,0,3,2,0,3,4,2,4,3,4,1,0,2,1,0,0,0,0,0,3,3,1,0,0,2,5,5,3,1,3
5,0,3,0,1,0,1,0,2,0,3,0,0,2,0,3,1,1,1,1,0,1,1,1,0,2,2,4,1,2,1,3,1,3,2,0,5,1,2,1,1,2,0,0,0,2,4,0,0,2,3,4,1,1,2,4,1,1,0,2,1,2,0,0,0,1,1,2,3,2,2,2,1,1,2,3,3,1,3,1,1,2,2,0,0,2,2,0,1,0,3,1,1,1,1,2,1,1,2,1
4,0,1,1,1,1,2,1,1,1,3,2,1,1,2,3,2,4,0,3,0,1,1,1,1,2,1,2,3,0,1,2,3,4,0,2,1,2,3,1,0,2,2,1,1,2,3,2,0,0,0,1,2,0,1,1,4,1,2,1,2,0,1,3,5,2,0,2,1,2,1,1,3,2,2,1,1,2,3,2,0,1,0,2,2,2,1,2,2,2,3,1,2,0,0,2,2,2,3,1
2,1,1,1,1,0,1,1,1,0,3,1,5,3,1,0,1,0,1,2,1,3,3,1,1,4,0,1,0,3,2,1,0,1,1,3,2,4,1,1,2,1,5,0,2,2,1,3,0,3,0,0,2,2,2,0,2,0,2,1,1,2,1,1,2,0,2,1,1,4,2,0,1,2,2,1,2,0,1,1,5,0,0,1,2,0,0,2,0,0,1,4,0,3,0,0,2,0,2,0
0,1,2,1,1,3,1,1,1,2,2,1,0,5,4,1,2,3,3,2,3,2,0,3,3,7,0,1,2,0,1,1,2,4,0,1,3,3,1,1,3,3,1,3,0,2,0,2,0,2,0,2,0,3,1,2,0,0,0,1,2,1,2,3,2,2,2,0,0,2,1,1,0,1,0,3,2,1,2,1,0,0,2,0,1,1,0,1,0,3,1,2,3,1,0,1,1,1,1,4
0,0,0,2,0,0,1,0,1,1,1,1,1,2,0,2,1,2,1,1,2,4,3,2,2,3,0,2,0,1,1,2,0,1,1,0,0,2,0,2,0,1,2,2,3,2,1,1,1,1,2,0,2,0,2,4,2,2,5,1,2,3,1,1,0,2,1,3,1,2,1,1,1,1,1,0,1,1,0,2,4,0,0,0,0,1,1,3,2,1,1,1,3,0,4,1,5,1,2,1
1,3,4,4,1,1,1,4,0,3,2,1,4,3,1,3,2,2,0,1,0,0,0,2,3,2,1,2,0,1,2,2,0,1,0,0,1,2,2,1,2,0,1,3,4,1,2,0,0,3,0,0,2,3,1,2,0,3,1,1,1,1,2,1,1,0,2,0,1,3,0,2,0,2,1,0,2,1,1,4,3,1,1,3,1,0,1,2,0,1,2,2,2,0,0,1,0,2,1,1
7,0,0,2,2,1,3,1,0,2,2,0,1,4,2,2,2,2,4,2,3,3,2,1,2,5,1,0,3,5,1,2,0,1,2,2,1,1,3,3,3,1,0,4,1,1,1,1,4,0,2,1,4,5,1,1,1,0,1,2,1,3,0,1,1,1,1,2,2,1,2,1,4,4,0,1,2,2,2,0,2,1,1,1,1,2,1,2,0,2,2,1,0,3,1,1,0,1,2,3
0,0,1,2,2,5,0,1,2,0,1,1,0,1,2,0,2,2,1,2,3,2,2,2,2,0,1,1,2,0,1,2,2,3,1,1,1,1,4,4,2,0,1,0,3,3,3,1,0,3,1,0,3,0,1,3,2,2,0,2,1,1,0,4,1,2,3,3,2,2,0,0,2,0,2,2,4,1,0,1,1,2,1,0,5,1,2,2,4,4,2,1,0,2,4,1,3,0,0,2
2,0,1,2,1,0,0,0,4,1,4,1,1,0,4,1,1,1,2,2,0,0,2,1,2,0,2,1,0,1,1,2,1,2,0,2,0,0,3,4,3,0,1,0,0,0,2,0,1,2,1,0,3,2,2,2,0,1,1,3,1,0,2,2,0,0,1,2,2,0,1,4,1,4,0,0,1,0,2,2,0,0,2,3,0,3,0,0,1,1,1,1,1,1,3,1,1,0,5,2
1,0,0,2,1,4,1,0,2,2,1,2,3,2,2,1,2,0,2,1,1,0,3,1,1,0,2,0,2,5,0,2,1,3,2,1,2,0,2,4,0,2,1,0,1,1,3,2,0,1,1,2,1,3,2,1,0,1,0,3,2,1,1,3,3,0,3,1,1,1,1,2,1,1,2,1,0,2,0,1,1,3,2,3,0,0,2,1,0,2,2,1,2,3,2,4,0,1,2,4
0,9,2,1,2,0,1,1,1,2,2,2,1,0,4,1,1,0,3,2,1,1,0,3,1,2,0,0,3,1,2,1,4,1,1,0,2,0,2,4,0,1,0,1,1,2,1,1,0,0,2,2,0,0,1,1,0,1,1,0,0,5,0,3,0,2,3,1,2,2,3,2,4,5,0,5,2,1,1,0,3,0,0,1,3,2,1,1,0,1,2,1,1,2,1,0,1,2,0,0
2,0,4,1,1,0,2,2,1,2,1,2,1,0,1,1,2,1,0,1,1,1,3,1,0,1,0,1,0,5,1,2,0,5,6,0,0,2,1,0,1,1,0,1,1,1,2,1,0,2,3,3,2,1,2,1,0,0,0,2,1,1,1,4,5,1,3,2,3,2,1,0,1,2,0,5,1,2,0,0,0,0,2,3,3,2,1,0,4,0,2,1,3,0,3,2,3,3,1,0
7,4,4,1,1,3,1,4,3,4,1,1,1,1,2,1,1,2,3,3,2,1,0,2,3,3,1,3,1,2,5,1,2,2,1,1,2,1,2,0,5,2,1,1,2,1,1,1,2,2,2,1,1,1,1,1,1,3,2,0,4,3,1,2,0,0,0,4,1,3,3,3,1,1,1,2,1,2,2,4,0,1,0,1,2,2,3,3,0,1,1,0,2,1,1,1,2,2,1,2
1,0,1,1,2,1,1,3,2,4,1,0,1,0,1,1,0,3,1,1,3,1,2,2,1,1,1,2,0,1,2,4,2,1,1,3,1,0,2,3,2,0,3,5,4,2,1,2,1,0,3,0,4,3,2,3,1,0,0,0,4,2,0,3,1,2,0,2,2,2,4,1,3,2,2,2,1,2,2,2,0,1,0,5,4,1,3,1,5,1,0,2,2,2,0,2,1,1,3,3
3,0,1,1,2,0,0,0,2,1,4,2,1,1,1,1,1,1,2,1,4,3,0,1,1,1,1,0,0,3,2,1,0,3,2,1,1,0,2,4,0,2,1,1,1,3,0,0,0,1,1,1,0,1,1,1,2,3,3,0,1,1,1,2,1,1,4,1,2,2,2,1,0,1,0,2,2,0,1,0,4,1,0,2,2,0,1,1,0,2,1,1,1,2,0,2,2,0,3,0
4,0,1,2,1,2,1,1,0,2,1,3,0,1,2,2,2,1,2,0,2,2,0,3,3,2,1,3,0,1,2,2,3,2,3,1,1,1,1,2,1,0,2,5,1,1,1,0,0,2,2,0,0,0,1,3,0,1,1,1,1,3,2,3,1,1,5,3,0,1,2,0,0,0,1,0,0,1,1,0,0,3,1,1,1,0,1,2,1,4,2,1,2,3,1,0,0,3,1,1
0,0,0,3,1,1,3,0,1,4,0,2,2,4,2,3,1,1,3,2,2,2,0,1,1,1,2,4,2,1,4,1,2,0,2,2,2,3,1,1,3,2,0,0,2,1,1,1,1,2,3,1,2,2,2,2,1,1,3,4,1,0,2,1,0,3,1,1,2,2,2,2,0,2,2,3,1,2,3,3,2,3,1,5,1,1,2,0,1,1,2,1,3,0,2,1,1,4,0,1
0,1,2,2,1,0,0,1,2,1,1,0,0,3,3,3,3,1,0,1,3,1,0,2,1,1,1,2,2,1,2,2,4,2,0,1,2,1,1,0,0,2,6,2,0,1,1,1,5,1,3,0,1,0,1,1,2,2,1,2,1,0,1,0,1,1,1,1,2,1,0,2,3,4,0,2,1,1,2,0,2,2,0,2,2,2,1,2,0,2,3,1,1,3,0,2,2,2,2,0
1,0,0,2,0,1,2,0,1,2,4,2,2,0,2,1,2,0,2,1,1,0,1,0,1,1,2,0,1,3,0,2,2,2,1,1,1,2,0,1,2,1,1,2,0,0,3,2,4,1,0,2,0,2,1,2,4,1,2,4,3,3,1,1,1,5,1,0,2,1,1,3,1,0,3,0,2,2,1,0,0,1,2,2,0,1,1,0,3,3,0,2,5,1,1,1,1,1,0,2
0,9,1,0,0,1,2,2,1,2,0,3,2,0,1,1,2,3,1,1,1,5,0,3,3,1,0,0,2,0,3,1,1,2,1,2,1,0,2,1,0,0,2,2,3,0,1,1,1,3,0,0,2,2,1,1,0,1,0,0,1,2,0,0,1,2,1,1,0,1,2,2,1,2,1,2,1,0,0,3,1,4,0,1,2,1,2,0,0,0,1,0,4,0,1,3,2,3,2,0
1,0,2,1,1,1,3,1,2,2,0,2,0,1,4,0,4,2,2,1,2,3,2,2,2,4,3,0,1,3,1,0,1,1,0,0,1,1,5,2,0,1,0,1,1,4,0,1,0,0,1,1,4,1,2,2,0,2,0,2,0,3,3,5,5,3,2,4,3,2,2,3,2,3,3,1,1,1,0,1,2,1,1,3,2,0,2,0,4,1,0,1,0,1,3,2,0,2,1,3
2,1,0,3,1,1,1,2,0,2,2,1,1,2,1,2,2,0,0,0,4,1,1,2,0,1,2,1,0,0,0,3,2,0,1,0,1,2,1,1,1,0,4,3,0,3,0,1,3,1,0,0,2,1,1,0,2,1,3,1,1,2,7,4,1,1,1,1,1,0,2,2,3,0,2,3,2,1,0,3,3,1,3,3,1,1,3,1,2,2,3,2,0,2,3,0,1,0,0,1
4,4,1,1,2,1,1,2,1,2,1,1,1,1,2,0,1,4,0,2,1,0,2,2,0,1,1,1,2,2,3,2,0,1,2,0,1,1,0,4,3,2,3,1,0,1,2,3,0,1,1,1,0,3,2,3,2,0,1,1,1,5,2,3,3,0,2,1,1,2,4,1,0,0,1,0,2,2,2,0,3,2,1,1,0,3,1,1,1,0,2,1,3,0,3,0,1,0,2,1
8,0,2,3,2,3,0,3,0,0,2,2,1,1,3,0,2,2,0,0,1,1,4,1,3,2,2,3,1,1,1,4,1,1,0,2,3,1,2,0,1,2,2,2,0,0,2,0,0,3,4,1,0,2,3,1,1,1,1,2,2,2,3,1,0,1,2,0,5,0,2,1,3,1,4,0,0,1,3,1,0,3,2,1,3,2,1,3,2,0,1,2,2,0,3,2,2,3,2,1
0,0,0,2,1,2,0,2,0,2,4,1,4,2,0,0,0,2,2,3,1,3,1,0,3,1,0,0,0,1,3,3,2,1,1,1,0,1,3,4,2,0,3,2,2,1,1,3,4,1,0,2,2,2,1,2,3,2,2,1,3,3,4,0,1,1,0,1,4,6,5,3,3,2,1,2,0,1,1,0,1,4,2,2,1,2,1,1,3,3,0,2,2,1,0,1,1,2,1,2
0,0,0,3,2,1,1,1,1,2,0,1,1,4,3,1,1,2,0,0,4,1,3,1,0,3,1,2,1,1,2,2,1,0,1,1,1,2,1,0,1,3,0,1,2,1,3,1,1,1,1,4,2,2,1,1,0,1,3,1,0,2,3,3,0,2,2,0,1,1,1,0,1,0,4,3,0,1,5,1,1,1,2,2,2,0,1,1,2,1,1,2,0,1,0,0,0,3,1,2
1,1,3,1,1,1,1,1,4,3,3,1,3,2,3,2,0,0,4,0,0,3,2,3,2,3,5,1,3,0,1,0,1,1,1,0,4,5,3,3,2,2,1,0,0,3,3,4,0,0,0,2,0,3,3,1,2,4,2,3,4,1,1,2,2,4,1,2,0,3,0,1,2,2,1,1,1,0,0,2,2,4,1,3,1,3,1,2,2,3,0,4,1,2,3,2,0,0,2,3
3,0,2,3,1,2,0,1,1,1,1,3,1,1,3,1,0,2,1,2,3,3,2,2,1,2,2,1,0,2,2,3,3,0,1,4,1,1,3,0,4,2,2,1,1,2,2,5,1,1,3,1,3,1,1,2,0,0,1,0,0,1,3,2,2,1,1,1,0,0,1,2,1,2,0,3,1,0,2,6,0,3,3,0,1,1,0,2,1,2,5,2,1,1,1,4,3,3,0,3
3,0,2,1,1,2,0,0,0,4,2,2,4,2,1,0,2,3,2,2,1,2,1,2,2,3,2,2,3,0,0,4,0,2,0,1,4,0,1,3,0,1,2,1,2,5,0,0,2,3,0,1,0,0,2,1,2,2,1,2,1,1,1,1,2,4,2,1,1,0,2,0,1,0,4,1,2,1,2,3,2,3,1,1,1,1,1,2,0,1,1,3,2,1,1,0,3,3,0,2
2,2,1,2,2,3,1,4,1,1,2,3,1,3,3,1,3,1,0,2,1,4,5,2,1,3,1,1,2,2,0,1,2,0,2,0,4,4,2,2,1,1,2,2,2,3,2,1,2,1,2,4,0,1,1,4,2,4,1,0,1,3,2,0,0,2,0,2,1,2,0,0,2,0,1,0,2,4,0,0,4,0,2,0,2,2,1,3,2,2,1,4,3,2,0,1,1,1,1,1
1,5,1,2,3,2,3,2,4,4,3,3,1,3,0,2,1,1,1,0,2,2,2,2,1,2,2,2,0,0,4,3,4,2,1,0,3,3,5,3,1,0,2,1,4,0,2,3,2,1,0,2,2,1,1,2,0,1,1,3,0,2,0,2,1,1,2,1,1,0,0,2,1,2,1,0,1,1,0,1,2,1,2,1,1,1,1,2,0,2,3,1,2,2,2,1,0,0,4,1
3,3,1,2,1,1,2,1,0,1,3,1,3,3,2,2,2,0,0,1,0,2,0,0,0,0,4,1,3,0,3,1,3,1,0,2,3,2,2,1,1,1,0,3,2,4,2,1,1,3,1,2,1,1,0,1,0,1,1,1,0,2,2,0,3,0,1,1,3,1,0,2,3,3,0,1,4,2,3,1,3,1,4,1,2,0,2,0,4,1,0,0,2,0,3,1,2,1,2,3
8,6,1,3,3,1,2,2,3,4,1,1,1,2,0,0,1,2,0,0,2,0,1,0,3,1,2,0,2,3,2,0,6,4,2,2,1,1,1,3,1,1,0,0,4,3,2,2,0,3,4,1,4,0,3,2,1,1,2,1,0,1,2,1,2,3,3,2,1,2,1,0,3,1,2,2,0,0,1,1,0,1,1,1,0,0,2,1,1,3,2,0,1,0,1,1,1,1,2,2
17,0,3,1,1,0,1,0,3,3,0,2,0,2,4,1,1,3,1,2,3,1,2,1,1,2,0,1,4,2,0,1,0,1,1,2,0,6,0,0,1,1,1,0,1,2,1,2,1,1,2,1,1,1,2,1,1,2,0,4,2,0,0,1,1,1,1,0,0,0,1,3,0,3,6,2,4,1,0,0,0,1,5,1,0,1,1,2,0,1,1,2,0,1,3,0,1,3,3,0
2,0,5,0,0,3,1,1,1,2,1,1,0,0,3,1,2,0,0,0,3,1,1,3,2,3,1,2,1,3,2,1,1,3,2,2,2,3,1,0,2,3,1,1,4,4,1,2,1,0,1,0,0,1,2,3,0,1,2,3,1,0,4,2,0,1,2,4,0,3,2,3,1,1,3,1,3,1,2,1,2,2,1,2,2,2,1,0,0,2,0,3,3,3,1,0,2,5,2,2
3,0,1,1,3,2,3,1,3,5,4,1,1,2,2,2,2,0,3,0,1,4,2,3,0,0,0,2,0,0,2,1,0,0,4,2,0,3,1,1,0,1,0,4,2,0,0,1,2,1,2,1,1,2,0,1,1,1,1,2,0,0,0,1,3,1,1,1,1,1,3,4,4,2,0,2,2,0,3,0,0,2,3,1,2,1,1,1,1,2,2,1,1,0,0,2,1,3,2,1
2,4,0,1,5,2,0,3,1,2,0,2,3,4,1,0,0,0,2,2,1,4,3,0,1,1,0,0,1,3,2,1,1,0,2,1,2,0,4,3,4,1,2,0,0,2,0,6,3,1,3,2,1,3,1,0,2,2,2,0,2,2,0,1,4,3,0,0,1,2,2,0,0,3,1,0,0,1,4,2,1,1,1,1,4,1,1,0,0,1,2,1,1,0,1,3,1,5,2,2
10,2,0,4,3,0,0,0,2,1,4,2,2,1,0,0,4,2,1,1,2,2,1,0,0,0,0,1,4,0,0,3,2,0,0,1,2,2,0,0,2,1,2,3,0,0,1,2,2,0,2,0,2,1,3,1,0,1,1,0,1,1,2,2,2,1,1,0,1,3,2,2,5,0,0,2,1,0,4,2,0,1,1,5,1,0,0,1,1,1,2,3,3,0,1,4,1,2,1,1
2,5,1,0,1,2,2,2,0,1,2,0,3,1,0,1,2,1,2,2,1,3,2,2,0,1,1,4,2,2,0,0,1,2,1,2,1,0,1,3,1,4,2,1,4,5,3,1,1,1,2,2,2,3,1,1,3,1,3,3,1,1,3,1,2,1,0,1,4,2,2,1,2,2,0,3,0,3,1,0,0,1,3,2,1,1,1,1,0,2,0,1,1,2,2,4,1,0,0,1
2,0,1,1,4,0,3,2,1,1,1,2,1,0,2,1,2,3,0,1,1,4,1,2,1,0,0,1,4,0,0,2,1,0,0,1,1,2,3,1,1,3,1,0,4,3,2,4,1,1,2,2,1,1,0,0,0,2,0,2,2,2,1,2,1,0,0,1,3,1,0,1,0,1,3,3,2,3,0,2,2,0,0,3,4,1,5,0,1,2,2,1,1,2,1,3,3,2,1,2
3,0,0,1,2,3,1,1,0,2,0,0,2,0,1,1,1,3,2,0,1,2,5,0,3,2,3,3,1,0,2,1,1,3,2,0,2,2,1,2,0,1,3,1,2,4,1,1,0,3,2,3,3,1,1,1,0,1,0,0,1,4,2,2,0,1,4,5,1,2,4,4,1,1,1,2,1,0,1,1,6,3,3,1,3,1,3,1,2,0,0,0,1,1,3,0,0,2,0,0
0,2,2,3,1,0,4,2,0,4,0,0,3,2,2,1,2,0,1,3,2,0,0,1,4,0,2,2,1,1,0,0,0,0,3,1,1,1,0,3,3,2,2,3,0,0,2,2,2,0,3,1,2,2,3,2,1,3,4,1,0,1,0,1,3,3,2,0,0,1,0,5,1,2,1,2,1,1,0,1,2,1,2,2,0,2,1,2,1,1,1,0,2,2,1,1,2,2,2,2
14,1,0,1,3,1,1,2,2,0,0,0,0,1,0,3,1,3,2,1,0,1,3,2,1,0,0,1,4,0,0,0,1,2,3,4,1,1,0,1,3,0,1,4,2,1,3,2,0,1,4,4,1,3,1,0,2,1,3,4,5,2,1,1,1,2,1,2,1,3,0,3,3,4,0,1,1,3,2,2,1,2,1,0,0,1,3,0,3,1,0,0,1,4,1,0,2,2,1,5
4,0,3,2,4,1,2,0,2,1,2,1,1,2,2,3,0,3,2,1,1,0,2,2,5,1,3,2,2,0,3,3,0,0,0,1,2,3,2,1,2,1,2,3,0,0,2,4,1,0,1,0,1,1,1,3,0,3,3,0,1,7,0,2,0,1,2,2,2,1,2,4,0,4,3,0,0,0,2,2,4,1,3,0,3,1,1,3,0,1,1,0,1,1,1,3,0,0,2,1
6,0,1,1,2,1,2,1,0,2,3,2,1,2,1,0,0,1,1,2,3,1,1,0,3,0,2,3,1,2,0,1,3,1,1,2,5,0,1,1,2,3,2,2,0,2,0,2,1,1,2,0,0,1,0,0,0,2,3,1,4,2,3,4,0,2,2,1,2,1,1,1,1,3,3,1,3,1,1,4,2,2,1,3,2,2,0,0,0,1,1,3,0,2,2,1,0,2,0,1
7,0,0,3,2,1,2,1,4,1,1,0,1,1,2,0,2,0,2,0,0,0,2,1,3,1,1,2,2,1,1,2,1,2,1,1,3,1,3,1,1,0,0,2,0,0,2,2,0,1,1,2,1,2,2,2,0,0,1,1,0,1,2,2,0,2,0,1,2,3,1,2,2,1,1,2,1,1,2,1,5,2,2,0,0,2,3,2,2,2,2,2,0,2,1,2,0,1,0,1
1,0,3,1,2,2,2,1,3,2,4,2,1,1,1,1,2,1,2,0,3,1,1,1,1,2,1,2,1,2,2,1,2,1,1,1,1,1,2,4,1,2,2,5,0,1,3,1,0,2,4,3,1,0,0,1,2,0,0,0,0,2,0,0,2,0,2,1,0,0,2,4,2,3,2,0,0,1,1,0,2,3,2,1,0,3,3,3,3,1,4,1,3,0,0,2,0,1,1,1
6,0,0,1,2,1,4,1,2,1,2,0,0,2,1,4,1,0,1,1,2,0,2,0,3,3,1,1,1,2,1,3,1,2,1,3,3,2,2,1,2,2,1,2,5,1,0,2,1,4,2,1,2,2,3,0,2,1,3,4,2,1,1,3,2,2,1,0,3,5,2,1,1,3,1,2,2,1,1,2,1,0,0,1,0,3,1,1,2,1,0,2,0,0,2,0,2,1,1,3
1,1,2,2,2,1,0,0,0,3,1,0,0,0,0,0,3,2,2,1,0,3,1,2,1,1,1,3,1,1,2,4,2,2,1,1,0,0,4,2,3,2,2,0,1,3,1,1,0,3,2,2,2,1,0,1,3,1,2,3,0,2,4,3,1,2,2,1,0,2,2,3,1,1,2,3,1,2,2,0,2,1,1,2,3,2,2,1,2,2,1,2,3,0,1,3,1,2,1,0
0,0,3,1,4,1,0,0,2,3,1,2,2,3,0,1,1,0,2,0,1,1,2,2,1,3,0,1,5,0,1,1,1,1,0,2,2,0,2,2,1,2,2,4,3,1,2,0,4,0,1,1,2,3,0,5,4,3,0,1,5,1,1,4,2,3,1,2,2,0,2,1,1,0,2,1,1,0,3,1,3,0,1,0,1,3,1,1,2,1,1,3,2,1,1,1,1,0,1,0
4,0,1,0,1,1,3,0,2,0,1,0,1,2,0,3,2,0,0,2,4,1,0,1,0,4,2,0,2,1,1,3,5,3,0,2,2,1,1,2,1,1,3,2,0,1,2,2,0,1,1,1,3,4,2,1,1,1,2,1,0,0,1,1,0,0,2,1,2,0,2,1,1,2,0,2,0,3,1,1,1,3,0,1,0,0,0,3,0,1,2,1,4,1,4,2,2,1,3,1
1,0,3,1,1,0,1,3,3,2,0,1,0,1,1,2,2,0,4,1,0,1,6,1,2,2,3,0,2,3,0,2,1,4,1,3,1,1,0,0,0,1,3,4,3,2,0,0,4,0,1,5,2,3,2,3,1,3,0,2,3,3,4,2,2,2,1,0,3,1,2,3,0,2,2,1,1,0,2,2,3,1,2,2,1,2,4,1,2,1,1,2,0,2,3,2,0,1,1,0
4,3,2,0,1,0,3,3,0,3,2,3,2,2,1,0,0,1,1,1,2,2,0,1,3,0,2,0,2,1,1,1,0,1,3,2,4,3,0,1,1,0,2,1,0,1,1,1,5,0,2,6,2,2,1,3,1,1,3,2,1,0,0,1,4,2,1,1,0,3,2,2,2,1,0,3,2,2,3,3,0,1,0,2,2,1,1,1,0,1,0,2,3,1,2,1,3,4,1,0
16,0,2,2,0,2,1,1,4,3,2,2,4,1,0,0,4,2,0,1,2,3,3,1,1,0,2,4,1,1,0,1,0,3,6,0,1,0,0,4,0,2,1,2,4,3,1,0,0,3,0,2,0,2,1,2,3,1,1,1,0,1,3,0,3,1,3,1,1,2,2,1,0,2,4,0,1,1,1,1,2,0,0,0,0,1,3,1,2,2,1,2,2,0,1,1,2,1,3,3
2,7,2,0,1,1,1,0,0,3,0,1,2,4,2,2,5,3,1,1,2,3,0,1,2,1,1,3,1,1,2,1,1,1,3,0,2,2,2,2,1,2,1,0,3,4,1,1,2,2,1,1,3,0,3,4,0,1,0,1,0,1,0,3,2,2,2,1,1,0,1,1,3,4,1,5,3,0,0,2,5,0,1,2,4,0,3,2,0,2,2,3,2,0,2,0,0,3,1,0
17,0,1,0,2,1,2,4,0,0,1,0,0,2,0,0,2,3,2,2,0,2,1,2,6,4,1,1,1,0,1,2,2,4,1,1,2,0,1,1,2,1,4,1,1,2,2,3,4,2,1,4,0,1,1,0,0,2,1,0,1,1,2,1,0,0,1,0,1,0,3,1,3,2,1,0,2,2,0,1,2,1,2,2,0,4,1,3,4,1,0,0,0,2,1,1,0,1,2,3
15,0,1,0,2,2,1,0,1,2,1,2,2,4,2,0,0,2,2,2,1,3,4,1,2,1,2,1,1,1,0,0,5,0,2,2,3,1,2,0,1,1,0,1,0,0,0,1,2,1,4,1,1,2,4,2,0,0,1,0,3,2,3,0,2,3,1,4,0,3,2,2,0,2,3,1,5,0,1,2,1,2,1,1,2,2,3,0,2,1,1,1,2,1,3,2,2,1,1,2
3,0,2,0,0,3,2,4,3,0,0,0,0,1,0,0,4,0,2,2,1,0,3,1,2,3,1,4,0,2,0,2,3,1,1,1,2,0,3,0,6,1,1,2,2,1,2,0,0,3,3,0,1,2,2,1,2,1,2,0,2,1,1,2,1,1,2,1,1,0,1,1,2,4,0,2,2,0,3,1,0,0,0,1,1,1,1,2,2,2,0,2,2,0,1,3,3,2,1,3
0,1,0,0,0,2,1,4,2,2,3,1,1,1,2,1,1,1,0,2,1,1,2,1,1,2,1,2,0,1,1,1,1,3,1,2,3,2,2,2,3,3,5,4,0,1,4,4,0,2,1,0,7,0,0,1,2,2,3,0,3,0,2,1,3,3,0,2,0,0,1,1,1,1,0,0,1,1,2,4,0,1,1,3,2,2,2,1,3,3,1,1,3,1,4,1,2,1,3,0
0,1,2,5,2,1,3,0,2,2,2,3,2,0,3,1,3,2,3,1,1,1,2,2,1,3,0,3,3,4,2,1,1,0,0,3,5,2,4,2,4,0,1,1,0,1,1,4,2,4,1,0,1,0,4,0,0,2,3,3,0,1,0,0,1,0,1,3,1,0,0,3,1,1,2,3,0,1,1,1,1,2,2,1,2,2,1,3,1,0,2,0,1,2,2,0,1,1,0,1
0,2,1,1,0,0,2,1,2,0,0,1,0,0,4,0,2,1,0,1,3,1,2,5,4,2,2,2,2,0,2,2,3,1,1,2,3,0,2,0,2,0,1,1,1,1,0,2,1,2,0,3,3,3,0,0,2,0,0,0,0,1,3,4,0,2,1,3,0,2,1,1,2,1,1,1,2,1,1,1,2,1,1,3,1,1,1,4,0,2,1,4,1,2,2,1,4,0,1,1
0,1,1,1,3,0,0,1,3,1,1,1,2,2,1,1,1,1,0,2,1,1,0,1,4,2,0,3,2,1,1,0,1,5,1,0,1,1,0,1,1,0,1,4,0,3,4,3,4,0,1,1,2,1,2,2,0,3,1,1,1,1,2,0,0,3,3,4,1,1,3,3,1,1,2,1,2,1,0,1,2,2,0,2,0,1,3,2,6,3,1,2,1,2,0,3,2,3,0,1
7,0,1,2,1,1,0,2,1,2,1,3,0,0,1,0,3,4,0,1,1,5,0,3,3,0,4,1,0,1,3,1,0,2,1,1,3,4,1,3,3,2,0,1,1,2,0,0,0,1,4,3,1,0,3,3,2,1,1,0,1,1,0,2,3,2,1,1,4,1,3,4,1,0,2,2,1,2,0,1,2,1,2,3,5,1,4,0,0,1,0,2,1,3,0,0,1,4,1,0
0,11,1,0,0,1,0,1,0,1,1,1,1,3,1,1,1,3,0,3,0,1,1,0,1,1,1,2,1,2,1,1,4,0,2,2,1,0,4,0,1,1,3,0,1,1,2,0,1,3,1,3,0,0,0,2,1,1,0,2,3,0,2,3,2,3,1,1,2,2,2,2,5,3,1,2,1,1,4,0,0,5,2,1,1,0,1,1,1,0,0,1,3,1,0,0,1,1,2,2
6,2,0,0,2,1,1,0,1,4,1,1,0,0,1,0,1,3,4,1,1,1,4,3,3,1,1,2,0,1,1,2,2,4,1,1,1,2,1,3,2,1,2,2,2,1,0,1,1,3,0,2,3,1,2,0,4,1,1,3,2,5,0,0,1,1,0,1,0,0,0,4,3,1,1,2,2,0,0,1,1,2,5,2,1,1,2,2,1,3,2,3,2,3,0,1,1,0,1,1
6,10,1,3,0,0,1,1,2,1,2,1,1,5,2,1,1,0,3,1,0,3,0,0,3,3,0,1,1,2,0,3,1,0,2,3,1,4,3,3,2,1,1,2,1,1,5,0,1,3,3,1,1,3,4,1,0,3,0,0,0,0,0,1,4,1,0,3,0,2,0,1,2,2,1,2,3,4,4,0,2,4,0,2,1,2,0,2,1,4,2,3,2,2,1,1,0,2,4,2
10,0,1,3,0,0,0,0,5,3,2,2,1,1,1,0,1,1,1,0,3,2,1,3,2,4,2,1,3,0,1,0,0,1,3,4,0,3,1,1,0,3,1,0,5,2,1,1,2,0,1,1,2,0,3,4,3,1,5,2,1,1,3,4,3,2,0,0,2,0,0,2,3,2,3,1,1,1,2,0,3,1,0,0,1,3,2,1,2,2,3,4,1,0,1,2,1,1,2,0
0,0,2,1,2,3,0,1,0,1,4,0,1,1,3,3,1,1,3,1,3,3,0,1,4,4,1,1,2,1,1,1,0,1,1,1,1,2,0,6,3,3,2,2,1,3,0,1,2,2,0,2,2,3,4,3,2,2,1,3,1,2,1,2,3,0,1,1,1,6,2,2,1,1,1,3,3,2,0,3,0,1,2,3,1,1,1,1,5,2,1,0,2,2,1,0,1,1,2,3
5,0,1,2,3,3,0,0,1,1,1,0,1,2,2,0,0,0,2,5,0,1,0,1,1,3,2,3,2,0,1,2,0,0,1,4,1,2,1,2,1,1,0,2,1,5,0,2,2,2,0,1,0,1,1,3,1,3,3,1,2,1,1,0,3,1,4,0,2,1,3,3,1,1,1,2,3,4,1,1,2,0,0,1,1,5,1,0,1,1,2,0,3,0,2,4,1,2,1,3
6,4,2,1,2,1,6,0,3,0,1,3,0,4,2,2,5,0,1,2,2,2,1,0,4,1,2,0,1,2,1,3,1,1,0,3,0,0,0,1,1,2,0,2,2,0,4,0,2,1,2,2,0,1,1,2,0,3,3,1,3,5,1,2,1,1,4,1,2,4,2,0,1,1,2,2,0,0,0,1,3,1,0,1,0,1,0,2,0,0,2,3,2,1,1,2,0,3,1,2
4,0,3,2,0,1,2,0,1,2,2,1,3,1,1,0,1,4,0,1,5,0,0,3,1,3,3,1,3,3,2,3,2,4,2,1,2,1,4,2,2,2,1,0,1,2,0,1,0,2,0,1,3,1,4,3,3,1,3,0,0,1,2,1,3,2,2,1,2,0,0,1,1,0,2,0,3,2,1,1,3,1,2,2,0,1,3,0,3,2,2,0,3,2,2,0,0,2,1,1
0,0,3,1,2,0,1,0,0,2,0,1,0,1,3,2,3,3,1,2,2,0,2,2,2,1,4,2,1,2,0,1,0,2,2,1,1,1,2,1,0,4,2,0,3,1,3,1,0,0,0,0,3,3,3,1,2,2,2,1,1,3,2,2,0,0,3,7,1,1,1,2,2,1,0,1,0,2,2,4,0,5,0,1,0,1,0,2,4,1,3,2,2,0,0,2,2,4,6,0
8,0,3,3,1,0,2,2,1,2,2,1,0,4,1,2,4,0,1,3,0,3,0,0,0,1,4,2,3,1,2,3,2,1,1,2,1,0,1,2,1,0,2,0,1,0,3,2,2,1,2,2,0,2,2,1,1,1,3,0,0,2,3,1,3,3,1,0,2,2,0,2,0,0,6,4,3,0,1,5,2,1,2,2,0,3,3,2,2,1,1,1,1,2,3,1,0,0,0,2
6,0,1,2,1,1,1,3,0,2,2,0,0,2,1,2,4,1,2,3,2,0,5,1,3,1,0,2,3,3,0,2,0,1,2,3,3,0,2,0,0,1,3,1,1,1,1,0,2,0,3,3,4,0,0,2,2,0,2,0,1,0,1,0,0,1,2,2,0,1,3,1,1,0,2,4,1,5,1,0,2,4,0,0,2,1,3,0,2,3,0,0,2,2,1,1,1,2,1,0
7,2,1,3,1,1,1,0,2,2,0,1,5,2,3,3,0,0,3,3,3,3,0,2,1,3,1,1,3,2,2,5,2,0,1,1,1,0,0,0,3,0,2,1,2,3,0,4,1,3,0,1,3,3,1,1,2,2,1,1,4,3,0,3,2,1,0,4,0,3,2,1,3,1,3,1,1,1,4,2,0,0,3,0,4,3,3,1,1,0,1,2,2,0,1,2,0,2,0,0
2,0,2,2,1,1,1,0,0,0,1,0,1,1,0,1,0,1,5,2,2,4,2,2,1,2,1,0,3,1,3,3,1,2,3,1,3,0,3,4,1,1,0,0,1,0,0,1,0,2,0,1,1,1,2,3,0,2,0,0,1,1,3,1,0,5,2,3,0,1,0,3,2,1,1,2,4,2,3,2,0,5,0,0,0,6,2,2,0,0,1,2,7,0,1,0,2,1,0,3
3,3,0,0,3,2,3,2,1,1,3,2,1,4,2,1,2,0,3,1,3,1,3,3,2,4,3,0,4,0,1,0,5,2,1,2,1,1,3,2,1,1,1,0,1,1,0,3,2,0,0,2,0,2,1,3,3,3,6,3,2,3,2,2,1,2,1,2,3,1,1,0,2,1,2,3,2,1,2,1,1,2,1,3,1,5,1,2,1,2,1,3,1,1,3,4,1,0,2,1
9,4,2,1,2,0,1,1,2,1,0,1,1,3,0,5,3,0,3,0,1,2,1,0,2,0,0,1,2,3,3,1,1,3,1,0,0,1,0,4,0,4,1,3,2,1,4,3,1,2,1,1,1,2,1,1,2,3,1,3,2,0,0,3,1,3,3,3,0,0,2,1,2,2,1,4,2,1,1,3,1,2,2,3,3,0,1,1,1,1,2,2,4,0,1,2,0,2,0,2
6,0,1,0,0,0,3,1,3,1,4,0,1,0,0,0,5,1,0,2,1,2,1,2,3,0,2,1,0,4,0,4,2,2,5,1,3,1,2,3,2,3,1,0,0,0,1,2,3,1,1,4,1,1,1,1,1,1,4,1,2,1,1,1,1,1,1,1,3,1,2,1,2,4,0,2,2,2,2,3,3,0,0,0,1,1,3,2,2,3,1,2,2,0,0,0,2,0,1,0
7,0,0,3,1,1,3,2,1,2,1,1,1,2,4,2,2,0,0,4,1,3,3,3,2,1,0,2,2,1,2,1,0,1,0,1,5,2,5,1,3,2,1,2,2,1,0,2,4,3,2,0,0,1,2,0,1,1,0,0,2,0,0,2,1,4,2,2,5,1,1,3,4,2,2,3,1,1,2,3,2,1,0,2,1,1,1,2,0,1,1,3,3,2,1,2,3,1,2,6
5,0,2,0,1,2,0,1,2,1,1,2,1,0,0,0,2,0,1,1,2,3,0,0,2,0,1,2,1,2,0,1,5,2,1,2,1,2,1,0,0,1,0,2,2,1,2,0,1,4,6,3,0,5,1,3,1,1,2,2,2,2,1,1,1,1,2,1,2,1,0,3,0,2,0,4,0,2,1,3,0,2,3,0,2,1,2,0,1,4,2,0,1,1,1,0,2,0,0,1
6,0,1,0,4,3,4,4,2,0,1,3,2,0,1,1,2,0,1,3,3,2,1,2,0,0,2,2,0,4,1,1,1,0,1,2,1,0,1,0,1,0,0,3,3,2,2,4,1,1,1,1,1,0,1,3,2,2,2,1,2,1,1,6,3,1,0,0,1,1,1,2,1,2,0,2,0,1,3,0,3,1,0,1,1,1,4,0,2,1,2,3,3,2,4,1,2,1,0,2
6,0,3,0,2,1,0,1,1,1,1,0,1,1,3,0,1,1,3,2,2,1,4,1,0,2,1,1,0,1,4,4,2,2,4,5,0,2,2,1,1,4,1,3,1,4,1,0,3,2,5,0,1,1,2,1,3,1,0,1,1,2,3,7,1,3,1,1,4,2,4,2,2,2,0,4,2,0,4,1,1,2,0,3,2,2,5,0,4,0,0,0,1,1,0,1,0,2,1,2
5,0,2,3,1,4,1,3,0,2,1,2,0,1,1,0,1,1,1,1,0,0,1,1,0,2,0,2,0,0,2,2,0,1,1,3,0,1,3,0,1,1,4,2,2,1,1,1,1,0,1,0,1,1,0,2,0,0,3,4,2,1,1,2,1,1,2,2,3,0,3,0,2,5,3,2,3,2,2,2,0,1,2,0,2,0,2,2,2,5,3,1,3,1,0,1,4,2,0,3
2,0,1,2,2,1,1,1,1,1,2,2,3,1,4,0,0,1,1,1,3,4,1,1,2,2,1,1,2,2,1,1,5,1,0,0,0,0,1,3,2,4,2,2,1,4,4,2,3,0,0,5,1,2,1,0,0,2,1,1,2,2,2,2,3,2,3,2,2,4,1,1,0,2,3,3,2,2,2,1,1,0,2,2,0,1,2,1,1,5,3,2,2,1,2,1,1,0,0,2
1,6,0,1,2,1,1,4,2,0,2,3,0,4,1,1,2,1,1,1,3,1,0,3,4,0,0,1,1,2,1,0,1,2,1,1,0,1,2,0,0,3,0,3,0,3,6,1,1,2,2,2,2,2,0,2,1,4,1,3,3,1,3,2,0,1,0,3,0,1,0,4,5,1,2,2,0,0,2,3,0,2,1,1,0,1,3,3,0,2,2,2,2,2,1,2,1,5,1,1
1,5,2,0,1,2,1,5,0,3,0,0,1,0,2,0,0,2,5,0,1,1,0,2,2,1,1,3,0,4,1,3,2,1,2,4,2,1,0,0,1,1,3,1,2,2,0,2,2,0,1,3,1,1,1,0,1,1,0,3,2,2,2,1,2,1,1,1,2,2,1,0,3,4,3,1,2,0,2,2,1,1,0,3,2,3,0,3,1,0,0,1,1,3,4,0,0,0,5,2
15,0,4,1,1,2,4,2,4,0,1,1,3,2,0,1,2,2,2,0,2,2,1,1,1,1,3,3,2,1,1,2,2,1,2,2,3,2,3,3,1,2,1,0,3,1,1,2,2,1,2,0,3,1,3,1,2,0,2,1,3,1,2,1,1,0,1,1,2,2,3,0,1,1,1,2,1,2,3,0,4,0,2,1,0,2,3,2,2,1,0,0,1,1,0,2,3,0,1,2
13,0,6,1,0,0,4,3,3,1,4,2,1,0,1,0,2,0,1,1,2,1,1,0,1,1,0,2,3,1,1,3,1,1,2,1,1,3,3,2,0,2,0,0,0,2,1,2,1,1,1,2,2,1,2,4,1,1,3,3,3,1,0,2,1,3,2,2,5,3,1,0,2,1,2,2,0,2,1,3,2,0,1,3,1,2,2,1,4,1,1,2,3,0,1,1,1,0,2,3
5,0,0,0,1,1,3,1,3,4,2,3,2,1,5,0,1,0,3,1,2,0,1,1,4,1,2,2,1,2,0,0,0,0,1,3,1,1,2,0,0,3,0,2,1,4,0,0,1,3,2,0,0,1,2,1,2,3,1,5,1,4,3,1,3,1,3,3,1,0,2,4,2,2,5,0,1,1,0,0,1,3,2,1,1,1,1,1,1,1,2,1,2,0,4,2,3,0,0,1
5,0,1,1,0,0,0,2,2,3,2,4,2,1,2,1,1,4,3,1,1,1,3,2,2,0,1,4,1,3,1,2,2,1,1,1,1,2,0,0,2,2,0,3,1,1,2,0,2,2,3,1,2,2,1,3,2,1,0,3,0,2,3,2,1,2,2,0,0,1,3,2,0,0,1,1,1,1,0,2,1,2,1,1,1,2,2,3,0,4,2,2,2,3,0,2,2,2,2,1
8,3,0,0,2,2,1,0,0,4,2,1,1,1,2,0,2,0,3,4,2,1,1,1,2,3,2,0,0,1,0,1,1,2,0,3,0,3,1,2,1,1,1,2,1,2,1,2,0,0,2,0,1,2,2,1,2,2,1,1,2,1,2,2,2,1,1,2,2,1,1,5,1,0,4,1,1,1,2,1,1,0,2,1,1,0,0,4,2,2,0,2,2,1,0,3,0,1,3,2
0,0,3,1,0,0,5,1,2,4,1,2,0,1,0,2,3,2,0,1,1,0,0,0,1,0,3,1,1,1,3,1,4,2,2,1,1,0,0,2,1,1,2,1,2,1,1,1,0,3,2,0,4,1,3,2,3,2,4,2,2,3,1,0,2,0,2,2,0,3,2,1,3,6,1,1,1,0,1,1,3,2,0,1,2,1,0,2,3,2,1,4,2,4,4,1,2,3,2,2
7,1,1,2,1,5,1,0,1,2,2,5,0,0,2,0,2,0,2,3,2,0,1,2,0,0,1,0,2,2,2,1,0,1,2,4,0,3,1,0,4,1,1,0,3,2,0,3,2,2,3,2,2,1,3,2,1,0,0,0,1,0,1,2,0,2,0,0,2,3,2,0,3,1,0,4,5,1,2,2,0,1,2,2,1,6,3,1,1,1,2,0,1,3,3,1,1,1,2,1
3,7,1,3,2,1,2,4,2,2,1,0,1,3,2,1,1,1,2,3,2,1,0,4,4,4,0,3,0,2,1,2,2,0,0,1,1,1,1,2,1,0,1,2,4,2,1,1,0,2,3,3,1,2,1,1,4,1,2,2,3,2,3,2,4,1,1,1,0,3,0,0,0,1,1,2,1,0,2,4,1,3,1,4,0,1,0,2,1,1,0,2,0,0,2,2,1,0,3,1
9,0,2,1,1,2,3,2,2,2,0,1,0,1,1,0,2,0,0,0,0,2,1,1,3,0,0,2,0,1,1,0,1,0,3,1,0,3,1,2,0,0,1,1,2,1,1,1,2,2,2,0,0,1,3,2,2,0,2,0,3,1,2,1,1,2,2,4,3,2,3,0,4,3,2,1,1,0,1,3,0,0,2,2,3,1,3,0,1,0,2,0,7,1,5,0,3,1,1,1
3,0,2,0,2,4,0,3,3,2,3,1,2,1,1,1,2,3,1,1,0,3,1,2,3,3,1,2,3,4,0,3,3,2,5,2,1,0,4,3,1,0,4,1,1,0,2,1,2,1,1,3,1,4,4,4,0,0,6,1,1,2,1,4,0,0,1,3,1,1,1,0,0,0,0,1,1,0,0,1,4,2,1,4,1,1,3,1,1,1,0,1,1,3,2,0,2,1,1,4
1,2,4,3,1,2,1,3,0,4,1,4,4,1,3,1,1,0,4,1,3,0,2,1,1,3,3,1,2,1,2,4,1,1,4,0,3,0,0,2,3,0,0,0,3,1,3,0,3,3,4,0,2,2,2,1,0,3,2,0,3,0,0,2,3,0,2,3,2,0,0,5,0,2,2,1,2,2,2,2,0,2,5,3,1,2,1,0,1,0,2,4,4,1,1,4,1,2,0,4
0,0,1,1,1,2,0,2,1,1,1,2,2,3,1,3,0,1,3,1,3,2,0,2,2,2,1,2,1,0,1,0,4,2,2,3,0,2,2,0,1,0,0,2,0,1,1,2,2,2,0,2,0,0,4,0,0,1,2,2,4,1,2,1,1,1,2,4,1,0,0,0,1,1,6,1,1,0,0,1,0,6,2,1,0,1,2,1,2,1,0,5,0,0,1,1,0,0,0,1
0,5,1,1,1,2,1,2,2,1,1,2,1,2,3,4,0,3,3,2,1,1,0,0,3,0,2,2,2,1,0,3,1,2,4,0,1,2,1,1,1,0,2,0,1,0,2,3,0,0,1,0,0,1,1,2,3,2,2,1,0,2,1,1,3,1,1,0,1,2,2,2,0,1,2,3,1,0,2,1,4,6,0,2,2,1,3,0,1,1,3,6,1,4,0,0,0,1,2,1
0,1,2,0,1,2,2,0,1,0,1,0,0,1,0,2,0,2,3,2,1,3,1,1,1,0,1,0,2,2,0,0,1,0,1,3,2,0,0,0,3,1,3,0,1,2,3,1,2,3,0,3,0,1,1,3,0,2,3,1,1,0,3,2,1,0,3,0,3,0,1,1,2,1,0,1,0,1,1,0,4,2,1,1,1,1,3,1,0,5,1,0,1,1,1,0,2,0,0,2
6,0,2,0,2,0,1,3,0,2,1,2,3,2,0,1,1,4,1,2,3,1,1,0,2,2,0,4,1,0,1,1,2,0,3,3,1,2,4,2,2,3,1,0,1,1,3,1,2,3,2,1,0,0,0,0,2,4,0,4,2,2,0,2,1,1,0,1,4,1,1,2,1,0,2,2,0,2,0,1,1,1,1,0,3,0,3,1,3,0,1,1,0,2,3,0,1,0,1,1
9,0,2,2,2,2,2,0,0,3,0,3,1,0,0,2,2,1,0,2,0,0,1,1,2,2,0,1,1,1,2,0,1,4,0,1,1,3,1,5,1,2,1,1,1,2,1,1,0,1,2,2,2,1,4,2,2,2,0,2,0,1,1,0,2,2,1,0,6,0,2,3,3,2,0,3,4,1,1,1,2,4,0,1,3,1,1,1,1,0,2,3,1,2,2,2,3,1,1,2
1,0,1,2,3,4,1,0,0,1,1,1,2,0,2,1,2,1,0,1,0,2,0,2,4,1,0,2,2,1,0,3,1,2,1,2,1,1,0,2,4,2,1,2,1,1,1,2,2,1,1,1,2,3,3,3,2,3,4,1,1,1,0,1,1,2,4,1,1,3,2,0,2,1,0,0,4,2,1,2,2,1,2,1,2,1,2,1,1,4,0,3,2,1,1,2,2,4,1,2
1,2,0,2,1,3,0,1,2,5,3,2,2,3,2,2,0,3,3,0,1,0,0,1,2,1,1,1,2,3,2,2,3,1,1,3,4,2,2,3,1,1,0,2,1,2,0,0,2,4,2,4,1,2,1,0,2,0,0,0,3,1,2,2,1,2,1,0,1,4,3,0,5,2,2,0,3,1,0,0,3,1,1,0,1,1,0,0,0,1,1,3,2,2,2,0,2,4,2,2
2,5,2,4,0,3,3,2,1,2,1,0,1,1,0,1,1,1,0,2,1,1,2,2,2,3,2,0,0,1,2,2,2,3,1,2,2,1,3,1,4,3,1,2,2,1,0,4,1,2,0,2,2,0,0,0,1,0,2,2,2,2,3,4,3,3,2,0,0,2,1,1,1,0,1,2,2,3,2,5,0,1,2,1,0,1,0,1,0,0,1,2,1,5,1,0,1,1,1,2
0,2,0,0,4,2,2,1,1,2,3,0,1,1,3,2,3,1,0,3,0,2,1,1,1,0,3,2,2,2,2,0,1,2,3,3,1,3,0,1,0,2,0,1,1,0,2,2,0,1,1,0,3,5,1,2,5,1,1,3,1,2,1,0,3,3,2,2,1,0,6,1,2,0,2,1,2,0,1,3,1,0,0,0,1,1,2,2,2,3,0,0,2,1,4,1,7,3,1,2
1,2,1,2,0,2,5,0,0,4,0,2,0,1,2,1,4,1,3,2,1,1,1,1,0,2,1,0,1,2,4,4,1,0,2,1,3,1,0,1,2,1,0,0,2,0,2,0,1,2,0,0,1,2,0,0,2,3,0,2,2,2,0,1,1,0,2,1,3,3,2,0,3,0,3,0,0,2,3,2,0,2,3,2,2,1,1,2,1,1,1,3,1,3,0,1,0,2,1,3
0,2,1,1,2,1,1,1,2,2,2,1,2,1,2,2,1,0,4,1,2,2,0,3,1,3,2,2,0,2,1,1,1,3,1,1,0,3,2,1,1,0,3,0,2,0,4,2,2,2,1,3,1,2,2,0,2,4,1,1,2,1,1,0,2,0,1,5,0,0,2,1,2,3,3,3,2,0,2,1,3,0,0,4,2,0,2,4,1,2,2,3,1,3,1,5,0,2,2,3
2,1,0,1,2,0,1,2,2,0,1,1,1,2,2,0,2,2,0,1,1,0,3,0,3,2,2,4,0,3,2,1,2,2,2,3,2,1,3,2,1,1,2,1,1,1,0,0,3,0,1,1,0,2,2,1,1,2,1,0,2,1,2,0,2,3,2,2,0,0,1,3,1,2,2,2,0,0,2,4,1,1,3,3,3,1,0,4,2,1,3,2,1,0,1,1,0,1,1,2
6,0,0,1,4,2,0,0,3,1,3,1,1,1,3,3,2,0,1,0,1,4,0,0,1,3,1,2,0,2,2,2,2,1,4,2,5,1,1,2,2,0,0,2,2,1,0,1,2,1,2,2,0,0,1,4,1,3,1,3,2,0,0,1,3,2,0,0,2,1,1,1,0,0,2,3,1,1,3,2,4,0,2,1,2,1,2,4,1,7,1,2,2,1,1,3,2,1,3,0
2,5,0,3,1,1,4,5,1,1,1,2,4,0,1,2,1,4,2,0,2,0,0,2,2,2,1,3,1,2,3,1,0,0,0,0,1,2,1,0,3,1,2,3,1,2,2,1,1,1,0,4,2,1,0,0,1,1,1,2,2,2,2,1,2,0,1,0,2,1,3,1,1,4,2,3,2,2,2,1,4,1,2,1,0,1,0,1,5,3,2,0,3,3,2,1,1,0,0,0
3,0,2,1,0,2,1,3,1,0,2,3,0,1,1,5,0,0,0,2,0,1,1,3,2,2,2,0,1,4,0,1,0,2,1,0,5,2,3,0,1,0,1,1,0,1,4,1,2,3,2,1,2,1,3,1,1,5,0,0,2,1,5,2,4,1,1,4,2,1,0,3,0,1,2,0,2,1,0,0,1,2,3,1,2,2,1,3,1,2,2,0,4,2,1,1,0,2,1,1
2,1,2,1,0,2,1,1,0,1,5,0,0,1,1,1,2,1,4,0,4,2,2,1,0,1,0,0,3,1,1,3,0,1,0,1,1,0,6,0,1,3,2,1,3,0,2,0,1,1,3,0,3,5,1,1,3,0,4,1,0,2,0,2,2,2,2,3,2,1,2,1,2,2,3,0,1,1,0,1,1,1,2,2,5,1,0,1,1,0,2,2,3,1,0,3,2,1,1,2
3,10,0,2,2,2,1,1,3,2,0,1,3,3,2,2,1,1,4,2,3,1,1,0,2,1,3,0,0,4,2,1,1,4,0,0,0,3,0,1,1,2,1,2,3,5,3,3,3,1,2,1,3,1,0,2,5,3,2,2,4,4,2,0,0,0,0,1,2,3,1,0,1,2,4,2,1,0,1,4,2,0,1,1,3,1,1,3,2,1,2,0,1,1,1,3,2,3,0,3
3,2,3,3,1,1,0,0,0,1,1,2,0,2,1,1,0,1,1,1,3,1,1,1,1,1,1,1,1,0,1,2,3,2,1,0,1,2,2,3,0,1,1,2,0,1,0,1,2,4,2,1,2,2,4,3,2,2,3,0,4,2,2,1,0,2,1,0,1,0,3,1,0,0,3,3,0,1,0,0,1,2,2,2,3,1,0,2,0,2,0,0,3,2,3,2,0,3,1,5
2,2,1,1,3,1,1,0,2,0,1,1,0,3,1,4,1,2,1,0,2,0,0,2,0,2,1,3,0,1,0,1,1,2,3,3,0,3,1,1,2,1,2,1,3,2,2,3,2,1,1,1,1,2,2,2,0,3,4,2,0,2,2,0,1,2,3,2,0,1,5,0,0,2,0,0,0,1,0,3,1,2,2,1,0,0,1,1,0,0,1,1,2,2,0,2,3,1,2,1
11,0,3,0,1,3,3,3,1,2,0,1,0,1,1,1,0,1,1,2,0,2,0,0,3,1,4,2,1,1,1,1,0,3,0,0,1,2,2,0,1,2,3,1,1,3,1,2,1,1,4,1,3,3,1,3,1,2,1,0,1,2,2,1,3,1,1,1,2,1,0,2,3,2,0,1,1,0,1,4,0,3,3,2,3,3,4,1,1,2,1,1,0,1,3,2,5,0,0,3
3,0,2,2,2,3,4,1,1,2,1,6,0,1,3,1,1,1,5,0,2,4,0,1,0,2,1,2,1,0,2,1,0,0,1,1,1,0,1,1,1,1,2,1,0,2,0,2,4,0,2,0,1,1,0,2,1,1,3,3,1,1,2,4,1,3,0,1,2,2,0,2,1,1,3,1,0,0,1,2,0,0,1,2,4,2,2,0,0,1,3,2,0,1,3,4,1,2,1,2
4,0,0,2,1,1,0,0,0,1,0,2,1,2,0,3,7,0,2,2,2,0,1,4,1,2,1,0,5,2,2,0,2,2,0,0,2,2,0,1,1,2,0,3,2,0,1,1,1,4,3,1,2,1,2,1,0,0,1,1,2,0,0,0,2,0,1,1,0,2,0,0,3,2,2,2,1,1,1,0,2,6,0,2,1,2,2,2,3,0,3,1,2,1,3,1,0,1,1,2
2,5,2,3,2,1,0,2,2,1,3,2,3,0,4,1,3,2,1,3,3,2,1,1,1,0,1,2,4,2,0,3,0,4,0,3,4,1,1,2,2,0,0,1,0,1,1,2,0,3,1,1,1,2,1,1,0,1,1,3,1,1,1,2,1,4,1,3,3,1,4,3,0,2,1,2,3,3,0,1,2,1,1,0,2,3,2,1,0,1,0,3,2,1,0,0,2,1,1,0
3,0,2,3,0,4,1,0,0,0,1,2,2,1,2,5,1,0,3,0,1,2,2,2,3,1,0,3,0,1,3,0,1,2,4,0,2,3,0,3,2,2,3,1,0,6,2,2,2,0,2,0,2,5,1,4,0,1,2,1,2,0,0,0,1,1,1,3,3,0,0,0,1,3,0,6,2,1,1,1,1,0,0,1,0,2,2,3,2,1,4,1,1,5,2,0,4,3,2,1
1,0,2,3,3,1,0,1,2,2,1,1,0,1,0,2,2,1,3,4,0,2,4,2,1,0,2,1,1,2,3,0,3,2,2,1,0,4,0,3,2,0,1,0,0,0,0,0,1,1,1,2,0,0,1,0,2,0,1,3,1,0,0,0,0,1,2,4,0,0,0,1,3,0,0,1,1,0,1,1,3,0,1,2,3,4,3,0,0,1,1,0,2,2,1,1,0,0,2,2
2,0,2,2,3,3,2,2,2,2,2,0,2,2,1,4,6,2,3,1,0,0,2,2,3,3,3,0,0,0,1,2,0,1,0,0,2,2,1,0,3,3,3,2,4,6,4,1,1,2,1,4,1,2,1,2,0,0,1,4,2,3,2,1,1,3,0,4,2,1,2,2,2,3,0,3,2,2,1,0,5,2,0,1,0,3,1,3,0,0,2,2,2,1,2,2,1,1,0,2
1,0,4,2,1,2,1,2,0,1,1,1,2,3,4,0,1,1,1,0,0,1,2,0,1,1,1,3,1,1,4,1,3,1,0,0,2,2,1,1,1,0,0,1,3,2,0,2,0,1,3,1,0,0,2,1,0,1,0,0,1,0,1,1,2,6,5,1,0,2,1,1,0,2,1,0,0,1,1,2,1,0,2,1,2,1,1,1,3,2,1,1,0,4,2,0,3,0,0,3
1,0,2,3,4,1,1,0,1,0,2,0,2,1,2,1,0,1,2,3,1,4,0,0,1,3,1,4,1,1,0,2,2,0,0,2,1,4,2,1,2,2,1,3,2,2,2,3,3,0,1,0,4,2,0,4,3,4,2,0,0,2,1,0,0,2,2,0,0,1,0,0,2,3,1,0,2,0,2,1,1,2,1,2,0,1,4,2,4,2,1,3,3,1,0,1,1,3,2,1
12,0,0,0,2,0,3,0,2,3,0,0,2,1,4,1,2,0,2,1,0,1,1,0,3,0,3,0,1,1,2,1,0,3,0,3,1,1,1,0,1,1,1,1,0,0,1,4,4,1,3,0,1,2,2,0,3,1,0,0,1,1,0,1,1,3,0,2,1,2,1,2,2,1,0,1,0,3,3,0,2,3,2,0,2,0,1,1,1,1,2,2,3,0,2,0,2,3,1,1
7,2,2,0,1,1,3,0,2,0,2,2,4,1,2,3,1,2,1,0,0,2,1,1,0,1,1,2,1,2,3,0,0,2,2,2,0,5,2,1,3,1,3,1,1,1,0,0,0,1,2,1,2,4,0,1,0,2,0,1,1,3,2,1,1,1,2,1,2,1,1,2,3,1,0,0,0,0,2,2,2,0,0,2,3,2,2,1,0,0,0,1,0,0,0,4,1,0,0,5
2,0,3,1,1,0,2,1,1,1,5,1,2,2,2,2,6,0,0,2,2,0,1,2,1,0,3,1,0,1,1,1,2,2,6,3,1,4,1,3,1,2,5,0,1,0,4,2,1,1,1,1,1,2,2,0,3,2,1,0,0,1,1,3,2,0,0,2,1,3,2,3,2,0,4,1,1,1,1,2,2,1,1,2,0,0,0,0,1,0,3,1,3,2,1,4,1,1,2,3
5,0,5,4,4,1,2,0,2,4,1,1,0,1,0,0,2,1,0,3,1,2,0,2,2,2,1,2,2,2,3,3,1,1,1,2,2,1,1,4,3,0,1,1,1,1,5,1,1,3,1,2,2,2,1,2,3,3,2,2,1,2,1,0,0,2,2,1,1,0,4,1,2,0,0,2,1,4,2,1,2,3,2,1,1,0,2,0,0,4,0,2,0,2,2,2,1,1,0,1
6,0,1,2,1,3,1,0,1,0,3,1,1,1,1,1,1,3,2,0,0,1,1,2,1,2,2,1,2,3,2,1,2,1,3,2,3,3,1,1,3,2,1,2,3,1,2,1,0,3,0,2,1,3,0,4,0,0,4,2,4,3,1,1,0,1,2,2,0,1,1,0,3,2,2,1,0,1,1,1,3,1,0,0,2,1,2,2,0,2,4,0,6,2,4,3,2,2,1,2
6,0,2,1,0,3,3,0,1,2,1,3,1,1,4,1,1,0,2,0,2,2,1,0,0,2,2,2,1,0,1,0,1,2,2,1,3,2,2,2,0,5,2,1,5,2,2,0,2,1,1,2,2,3,2,1,0,0,1,0,2,2,0,2,1,3,1,0,0,2,3,1,1,4,1,1,4,2,2,3,2,1,1,1,3,2,2,1,0,0,1,1,0,4,0,3,2,1,1,0
1,8,2,3,2,1,0,1,1,4,1,1,0,3,2,3,2,3,2,0,1,2,2,0,2,1,1,1,1,2,3,2,4,0,1,3,0,1,4,3,2,2,0,0,2,0,1,2,3,1,1,1,1,0,1,4,1,2,2,0,0,0,2,1,2,1,1,2,1,1,0,4,2,3,0,1,1,4,1,1,1,1,2,0,3,2,1,2,3,2,1,2,0,0,1,1,0,1,0,0
1,0,1,2,0,1,1,2,2,2,1,1,3,1,3,3,1,0,0,1,1,1,0,0,2,2,2,2,2,0,0,1,1,2,2,1,0,0,2,3,1,0,2,1,2,3,0,0,1,2,2,1,2,2,4,2,2,3,1,1,2,0,3,1,2,1,0,3,2,0,1,1,2,2,0,1,1,2,2,4,2,1,1,3,1,2,1,0,0,1,1,4,1,1,3,0,5,1,2,0
0,0,0,2,2,1,2,3,2,2,1,0,3,4,2,2,2,2,1,1,1,3,0,1,0,0,0,0,1,2,0,2,0,1,0,2,5,1,0,0,1,1,0,3,0,3,0,4,1,1,2,2,2,0,1,2,1,3,1,1,0,0,1,0,1,1,1,1,3,0,2,1,1,1,1,2,1,2,1,5,2,0,0,0,1,2,1,3,1,1,1,1,2,0,3,3,1,1,0,3
1,0,0,1,2,1,0,3,1,0,3,1,2,3,0,4,1,2,2,4,2,0,4,1,1,2,4,0,3,3,0,1,3,2,0,3,0,0,6,1,0,1,1,1,1,3,2,2,1,4,4,2,4,1,0,2,2,4,2,3,3,2,0,1,3,2,1,2,3,3,1,0,0,2,1,1,1,0,2,1,2,2,1,4,1,2,3,2,3,1,1,3,1,2,0,1,1,1,0,2
3,0,1,0,2,0,1,4,0,1,2,5,2,0,1,0,1,2,6,2,3,3,3,1,0,1,0,4,3,5,1,2,0,1,2,1,0,1,3,4,0,0,0,1,0,0,1,2,2,0,1,0,0,3,1,1,2,1,1,1,1,3,3,0,0,4,0,0,2,1,2,0,0,1,2,1,2,2,0,3,1,1,0,3,2,3,2,1,0,2,2,0,3,0,1,1,3,1,2,2
8,1,1,4,2,2,4,2,0,1,2,0,3,4,4,3,2,3,3,5,3,1,0,4,0,1,1,0,0,1,3,0,1,3,2,0,1,2,0,2,5,0,3,1,0,4,1,4,3,2,2,4,2,3,1,1,2,0,2,2,0,2,1,3,2,3,2,0,3,1,2,1,1,1,1,1,1,1,1,3,1,2,0,2,2,2,1,1,2,4,2,2,2,3,1,2,2,1,0,1
2,0,0,1,1,2,5,2,1,2,1,1,0,1,0,1,0,2,0,1,2,0,1,1,2,2,2,0,1,1,4,1,2,2,4,1,0,0,1,1,0,1,1,0,2,0,3,1,1,0,1,1,0,1,1,1,1,3,3,1,0,2,2,1,0,3,0,2,1,3,0,1,2,1,1,0,1,2,2,0,3,0,3,2,2,1,2,2,1,2,1,2,1,3,3,0,2,3,1,2
2,2,2,2,1,4,3,2,1,2,2,2,3,2,1,2,1,2,0,2,0,2,0,0,1,2,2,2,0,1,0,1,3,1,1,0,0,2,1,1,0,3,1,1,3,0,2,1,1,0,1,2,2,3,0,2,2,0,0,4,4,1,1,0,0,0,1,1,4,1,2,1,3,0,0,2,1,1,1,4,2,2,2,2,1,2,1,1,0,1,1,2,6,1,3,3,2,0,1,0
3,8,2,2,0,1,2,1,3,0,2,5,1,2,1,0,1,0,1,3,0,0,1,2,3,2,3,3,3,2,1,1,4,2,2,3,0,2,2,1,4,2,5,3,0,8,0,1,1,0,1,0,1,1,2,0,1,1,0,3,1,3,1,1,0,2,3,4,0,2,1,1,3,1,1,2,0,0,1,0,0,2,1,0,3,5,1,0,1,0,0,0,3,1,3,3,1,4,2,3
6,1,0,1,1,2,2,0,1,2,2,1,1,0,0,2,2,2,1,2,2,0,4,0,1,3,0,1,1,1,1,1,3,0,2,3,5,1,1,1,1,2,1,2,0,1,1,0,0,1,1,0,2,1,0,3,0,3,3,1,2,4,2,1,2,0,0,0,1,2,3,3,3,0,1,1,2,3,1,0,3,1,0,2,2,2,4,6,1,2,2,2,1,2,0,0,1,2,1,0
1,3,0,1,1,1,2,2,5,1,0,0,0,2,1,1,1,3,1,2,2,0,2,1,2,3,0,2,3,3,1,1,1,2,2,1,2,2,2,3,2,3,1,0,3,2,1,1,2,1,1,2,5,3,3,1,1,1,2,0,1,2,1,4,1,1,0,1,1,0,3,7,0,1,4,1,1,2,0,0,1,0,2,0,3,2,1,2,1,0,1,1,1,1,0,4,3,1,1,1
4,3,0,2,1,1,2,0,2,0,3,1,1,1,0,1,1,0,4,0,1,3,1,2,0,3,0,0,0,0,0,2,3,1,2,0,1,1,2,1,1,2,0,3,2,2,2,1,2,1,0,3,1,3,2,0,0,4,2,0,2,0,2,0,3,1,2,2,2,0,0,2,2,1,0,2,0,0,0,1,1,2,1,1,2,1,1,2,0,2,2,1,0,2,0,0,1,3,3,1
5,0,2,2,0,1,3,0,0,3,1,5,0,1,2,2,0,4,0,2,2,0,2,2,2,4,3,1,1,2,2,2,2,0,1,3,2,3,2,3,2,2,1,5,0,4,2,0,1,2,1,4,1,1,2,1,0,1,1,2,0,1,3,1,1,0,0,0,3,1,2,1,2,3,4,0,1,1,2,4,1,0,1,0,1,1,2,1,2,1,1,1,0,2,0,1,3,2,3,0
8,0,1,1,4,1,1,1,2,4,1,3,0,0,2,0,1,1,1,1,2,1,0,1,4,2,0,1,4,1,1,1,2,2,2,2,0,2,3,1,4,1,1,4,1,1,1,3,1,1,2,3,2,3,0,0,2,2,1,3,2,4,1,4,2,3,0,1,0,3,2,1,0,1,0,2,2,2,1,1,2,1,3,1,1,1,1,1,1,0,2,3,3,0,0,0,3,2,1,2
11,0,2,2,1,2,1,2,0,0,2,2,2,2,1,4,0,1,3,3,0,0,2,2,2,1,2,2,1,3,2,2,1,2,1,2,0,0,2,2,0,2,2,1,1,2,0,0,3,2,1,0,0,3,2,0,1,0,3,2,1,3,3,3,2,3,0,2,2,0,0,5,1,2,3,2,3,0,2,1,2,3,0,1,1,1,0,1,1,0,2,0,3,0,3,1,3,1,2,0
1,0,1,2,1,3,2,2,3,0,2,1,3,2,1,1,0,1,2,0,2,2,3,0,1,4,2,0,2,1,0,4,1,1,0,2,0,2,2,0,3,1,2,1,1,2,0,0,0,2,1,1,2,1,0,2,2,1,0,2,0,2,3,2,2,2,4,3,0,2,0,1,0,0,1,1,3,0,2,1,2,4,1,2,2,3,1,3,0,1,0,4,1,1,1,1,1,0,3,2
3,0,1,2,1,0,4,1,0,2,5,2,1,1,0,0,1,1,0,2,2,2,2,0,1,2,3,3,2,1,4,1,0,4,1,1,1,1,2,2,2,0,0,1,2,4,2,1,0,4,0,0,0,1,1,1,1,2,2,0,3,1,0,1,1,2,0,4,1,2,0,5,3,2,0,1,1,1,2,1,4,1,1,1,0,1,0,2,4,1,1,0,2,1,0,2,1,1,2,0
0,0,1,1,1,0,0,1,3,3,2,0,3,1,1,3,3,6,2,0,1,0,3,1,2,1,4,1,2,1,1,2,1,1,2,2,2,1,8,2,0,1,0,4,1,0,2,0,1,4,2,1,2,1,0,3,0,1,2,1,0,0,0,1,1,4,2,0,1,1,1,1,1,1,1,0,1,1,3,1,2,1,0,2,2,1,1,2,4,1,2,0,0,3,0,1,0,1,2,2
2,0,3,1,2,2,2,0,2,5,2,5,0,0,2,1,1,0,0,3,5,2,2,3,2,1,1,1,1,0,1,2,2,0,1,1,1,1,2,2,4,0,2,2,1,2,1,1,0,2,2,1,3,2,3,1,0,0,1,1,3,3,1,1,2,0,2,1,2,3,1,1,0,0,1,1,2,2,0,0,1,2,0,3,1,2,3,1,2,2,3,5,2,1,3,1,2,0,1,1
1,2,2,1,1,2,0,3,1,1,3,1,0,2,2,1,2,5,1,3,1,3,1,1,0,1,2,2,2,1,0,1,0,1,2,3,2,1,2,1,2,1,2,3,1,3,2,1,0,2,1,1,1,6,3,1,4,4,2,0,2,5,1,1,1,1,1,4,1,0,2,2,1,1,1,2,1,4,1,2,0,0,1,1,1,1,1,2,1,0,2,1,2,1,0,4,0,1,2,3
1,0,1,1,2,0,2,4,2,2,0,3,2,0,1,1,2,3,2,0,1,2,1,4,0,0,1,0,1,4,0,1,0,2,1,2,3,0,1,3,0,1,1,2,2,0,1,3,3,2,2,4,1,1,1,1,2,2,5,1,2,3,4,2,5,3,3,3,4,3,4,1,3,1,1,2,3,1,3,2,3,2,2,2,0,0,0,0,3,3,1,0,1,1,1,0,0,2,2,0
3,0,3,0,4,1,3,4,2,1,0,1,0,3,0,0,1,2,0,1,2,1,3,2,1,1,2,3,1,3,2,0,0,0,2,1,3,2,4,1,1,1,0,1,2,5,0,0,1,1,1,2,3,3,1,1,2,1,3,1,0,0,2,4,4,3,0,0,1,2,1,0,4,2,2,3,3,1,3,4,2,2,2,0,2,1,3,1,0,2,1,3,1,1,3,1,0,1,0,0
12,0,3,1,1,1,2,0,1,0,2,5,1,1,3,2,3,2,1,1,2,4,2,1,2,1,0,0,1,2,3,1,0,2,2,2,2,0,1,3,2,0,3,2,1,1,0,1,2,3,4,1,1,1,1,2,4,4,0,0,3,1,1,3,0,2,2,1,5,3,2,1,2,2,0,2,3,1,1,1,2,1,0,2,1,3,2,0,2,1,1,2,2,2,2,1,3,0,1,2
9,2,2,4,4,1,1,1,5,4,2,0,1,2,1,1,0,1,3,1,0,1,0,1,3,6,2,2,2,1,3,1,3,0,2,2,2,2,0,0,3,0,3,3,2,3,3,1,2,2,3,1,1,0,4,2,1,0,1,2,1,1,2,0,2,1,2,0,2,3,1,2,0,4,0,1,2,3,2,2,1,1,2,5,0,0,0,2,1,2,2,1,2,1,2,1,0,2,2,2
0,0,0,1,3,4,0,1,3,0,3,2,1,1,1,0,1,3,0,0,2,0,0,2,2,3,1,1,2,2,3,1,1,2,1,1,1,2,2,3,2,1,4,0,0,0,1,2,0,2,0,0,1,2,1,1,0,2,1,2,1,1,1,0,0,1,0,1,2,0,1,2,1,1,1,1,3,0,1,0,4,1,1,2,3,0,3,2,1,3,0,4,0,3,4,1,1,1,2,1
0,0,2,2,0,1,2,2,1,2,2,1,1,0,0,4,3,3,1,1,3,1,2,2,1,0,1,3,2,1,0,1,2,4,1,2,1,0,3,1,4,3,2,1,1,2,3,2,2,2,2,1,0,1,1,1,2,2,2,3,2,2,2,1,2,0,1,2,2,3,0,3,0,1,3,2,2,5,1,2,0,2,4,1,2,0,2,2,4,0,2,2,3,0,0,2,2,2,2,4
0,0,2,2,2,3,1,1,3,1,3,1,2,1,0,0,2,2,1,4,1,1,1,2,3,2,0,1,2,0,1,1,2,1,1,1,0,0,1,2,0,1,1,2,5,2,0,0,1,1,2,1,1,0,2,1,1,0,1,1,1,0,1,2,1,1,1,1,2,1,3,1,0,2,0,1,0,1,2,0,2,2,4,2,0,0,0,0,2,2,1,2,0,1,2,1,2,1,3,2
1,1,4,1,3,2,2,1,0,1,1,1,3,1,2,0,1,2,0,1,1,2,1,1,1,1,1,0,1,2,0,0,1,2,3,3,2,1,3,1,2,0,5,4,3,1,0,0,1,0,1,2,5,2,0,3,3,1,3,0,1,3,2,4,1,1,1,1,0,2,2,1,0,2,2,1,2,4,1,2,1,0,2,1,1,0,0,1,3,1,2,1,1,0,0,1,2,3,2,2
7,0,2,2,2,1,1,2,2,0,0,1,1,0,2,1,0,1,1,3,2,4,3,2,1,1,1,3,0,1,0,0,2,3,2,5,1,2,4,1,5,0,0,3,2,0,0,3,2,4,0,0,3,2,1,3,2,2,1,3,1,2,2,1,0,1,4,5,2,2,2,1,1,0,1,2,2,0,0,0,1,2,2,2,2,7,2,1,0,1,0,1,1,2,0,2,2,3,1,2
1,0,2,3,2,0,1,1,1,1,4,4,4,1,3,1,0,3,0,2,2,4,0,1,1,2,1,3,0,2,2,2,4,1,1,1,1,2,0,1,1,2,1,2,0,0,4,2,4,1,2,0,2,0,0,3,2,1,2,2,1,1,3,0,1,3,6,0,4,0,2,1,2,2,2,1,2,1,0,1,3,0,0,1,1,1,4,0,0,1,0,2,2,1,4,0,5,2,0,0
6,0,2,0,1,3,0,3,2,0,0,2,2,0,1,3,1,1,0,0,3,2,0,1,2,3,3,1,0,2,0,1,1,1,1,3,1,0,4,3,1,3,2,2,2,0,1,1,0,2,2,2,0,1,3,1,1,3,1,1,1,0,2,1,2,1,1,0,2,2,4,0,3,0,5,1,2,2,1,1,3,1,1,1,3,1,1,0,3,0,1,0,0,1,0,0,1,1,0,1
4,1,1,3,2,1,0,4,2,1,3,3,0,4,5,0,0,1,3,1,1,1,2,1,1,0,1,2,2,1,0,4,4,1,3,1,2,0,1,2,3,0,2,2,1,2,0,1,5,1,0,4,0,3,0,2,1,0,2,2,2,6,0,0,0,0,2,2,1,1,2,2,1,0,2,4,2,2,2,0,0,1,0,5,1,0,2,3,0,0,1,1,2,0,1,2,0,2,1,1
5,0,0,0,5,1,1,1,1,2,0,0,1,1,0,1,1,2,1,2,1,1,1,2,2,0,0,1,1,1,2,0,2,3,0,3,4,1,2,0,1,1,2,4,2,1,2,1,2,1,1,3,1,0,0,2,1,0,3,1,1,1,1,3,0,4,2,0,0,0,0,1,0,5,2,3,1,0,3,1,3,1,4,0,2,2,0,1,1,2,0,3,3,2,2,0,0,2,3,2
8,1,2,1,1,2,2,1,0,2,2,4,2,2,2,2,1,0,3,1,0,2,3,0,0,1,1,2,4,2,1,3,2,2,0,2,3,1,1,1,3,1,1,2,0,1,0,1,2,0,0,1,1,2,2,2,1,0,5,2,0,1,3,1,2,1,0,2,1,3,2,2,1,2,1,2,3,1,1,2,1,3,1,4,3,2,2,0,3,1,0,0,1,1,3,3,1,2,3,2
4,0,3,1,3,0,1,1,1,3,1,1,2,0,0,4,1,3,2,2,1,2,0,0,1,2,2,2,0,0,2,1,2,0,2,0,1,0,1,1,2,2,0,0,0,0,1,1,0,0,0,4,3,2,4,3,1,3,6,0,0,2,2,3,1,1,1,1,1,1,1,0,2,1,0,1,0,0,3,2,0,3,1,1,1,3,1,0,1,2,1,1,1,2,0,1,3,1,1,1
31,0,1,4,1,4,1,1,1,3,1,1,0,1,3,3,2,4,2,1,0,1,3,0,0,2,1,4,6,1,0,2,3,7,1,2,0,0,1,0,1,1,0,2,3,2,1,2,0,1,0,1,1,2,0,1,2,0,1,2,2,2,1,0,2,0,3,2,1,3,2,0,2,2,2,5,2,0,0,0,0,1,2,1,3,2,1,2,4,2,1,1,0,1,0,1,0,0,2,1
0,0,0,0,1,1,4,0,1,1,0,2,0,2,2,1,2,0,1,1,0,2,2,2,1,0,4,1,1,1,1,3,2,2,3,1,1,0,3,2,3,0,2,2,1,1,0,0,0,0,3,0,1,1,3,2,0,2,0,3,0,0,2,0,0,3,1,3,1,2,2,0,2,2,2,0,2,3,0,2,0,3,0,0,2,3,4,1,1,4,0,1,1,0,1,3,4,3,1,2
1,2,2,1,2,1,2,2,1,2,1,1,1,1,1,2,2,1,1,3,1,3,2,3,0,1,4,3,0,2,1,1,1,1,2,1,2,2,0,1,2,0,0,1,1,1,2,0,2,3,0,1,2,1,3,2,1,2,4,4,0,1,2,2,3,2,1,0,1,2,1,3,2,2,1,1,1,3,2,1,2,0,0,0,2,0,2,1,4,0,1,0,2,0,4,3,1,4,1,2
4,0,2,5,3,3,2,1,1,1,2,0,1,0,2,2,2,0,0,2,0,1,2,4,3,0,0,1,1,3,1,1,1,1,1,1,0,2,1,3,0,2,2,0,2,3,1,1,0,0,4,3,3,1,0,1,3,2,0,2,3,0,1,1,1,4,4,0,2,0,0,2,3,1,1,1,0,1,0,2,2,1,1,1,0,2,2,1,1,1,1,4,1,1,0,0,0,4,1,3
0,9,2,1,3,3,0,2,1,1,2,3,4,2,1,0,0,1,0,1,1,1,0,4,2,2,1,0,2,0,0,2,1,2,0,0,0,1,1,0,1,1,0,2,0,2,3,3,3,5,1,1,2,0,3,1,1,3,1,5,4,0,3,1,3,1,3,1,0,1,2,0,2,0,1,1,0,0,1,2,1,0,2,4,3,2,2,2,3,1,1,1,0,0,2,4,1,2,2,1
3,0,1,2,1,2,3,3,2,2,2,2,1,3,3,2,1,2,1,0,1,2,0,2,0,2,2,0,2,1,1,3,2,2,1,1,2,0,2,1,2,1,2,4,2,1,0,6,2,2,1,1,0,1,0,2,1,1,1,2,4,1,0,3,3,3,0,0,1,1,5,3,3,1,1,2,0,0,2,2,0,0,2,0,2,1,5,2,2,0,4,1,1,0,3,1,1,2,0,2
3,0,1,1,0,3,0,3,2,0,3,0,1,2,3,1,2,1,3,1,2,0,0,1,3,0,3,1,1,1,2,2,1,1,2,0,3,1,1,1,1,1,0,3,0,3,2,3,2,0,5,3,1,0,6,2,1,1,4,1,2,1,1,2,2,1,1,0,2,1,2,1,1,2,0,1,2,1,1,1,1,3,3,2,1,0,1,1,0,0,1,1,2,2,1,1,1,0,2,1
0,3,1,1,1,1,2,1,6,2,2,0,1,2,0,1,3,1,2,2,0,1,1,0,3,0,0,1,2,1,1,0,0,3,0,1,2,0,4,2,0,0,0,2,1,0,2,2,1,2,3,3,1,2,1,2,1,1,2,5,2,2,0,2,1,0,1,0,1,4,2,1,3,2,2,1,2,0,1,2,2,1,0,0,1,1,5,1,1,1,0,2,1,3,0,2,0,4,0,0
2,0,0,3,4,2,1,1,2,1,1,1,4,3,0,2,2,1,4,3,3,3,2,1,2,1,1,1,2,3,1,0,2,2,1,3,4,1,2,3,0,2,4,2,2,1,1,1,0,1,2,2,1,1,0,1,2,1,1,3,4,2,3,0,3,3,2,2,0,0,1,2,1,2,2,1,3,2,1,1,0,1,2,0,4,1,0,2,2,0,2,2,1,1,1,1,2,2,1,2
3,0,0,0,2,0,0,2,1,0,0,0,1,1,1,1,2,4,1,1,1,1,1,1,2,1,1,0,1,1,1,0,0,0,1,1,0,3,0,1,0,1,4,2,1,3,0,5,3,2,2,2,0,1,1,2,1,4,1,3,1,3,2,2,2,1,0,4,1,2,1,1,3,3,2,3,4,0,2,2,1,3,1,0,2,1,1,4,2,5,4,1,0,0,3,2,1,1,1,0
2,7,1,0,3,2,3,1,0,1,1,2,1,0,6,3,0,4,3,0,1,2,2,2,5,0,3,2,1,0,2,2,2,1,2,3,2,2,0,4,2,3,0,2,4,2,4,1,0,1,4,4,1,0,0,3,2,0,1,2,1,3,3,2,1,2,1,2,2,0,3,1,0,1,1,2,2,0,2,4,0,2,1,4,2,0,3,4,1,3,1,0,0,4,2,6,3,1,1,2
7,2,1,1,1,1,0,2,1,2,1,5,0,6,3,1,5,2,1,4,2,3,1,2,2,3,0,1,2,1,1,0,0,2,1,1,1,0,3,0,3,4,1,2,4,0,1,0,2,3,1,0,4,0,1,3,1,2,2,0,1,1,2,0,1,3,2,2,0,2,1,1,1,0,4,1,3,0,0,0,1,1,2,1,0,3,0,3,1,2,2,1,4,1,2,1,4,0,1,0
7,0,0,3,3,0,5,2,2,1,1,1,0,1,2,0,2,1,2,1,2,2,0,0,2,3,2,2,0,0,1,4,2,0,0,1,2,2,3,2,1,3,2,4,1,1,2,4,2,2,1,0,0,5,1,2,1,1,0,3,1,0,2,0,1,1,1,0,5,0,3,2,0,0,0,2,0,2,1,2,0,1,4,0,1,3,3,1,2,2,1,1,2,2,0,2,1,1,2,1
5,0,0,1,1,1,0,3,3,1,3,1,0,2,1,4,1,0,2,1,1,2,1,0,0,3,6,2,3,0,1,1,2,0,3,1,0,1,2,1,0,4,1,3,2,0,2,0,2,3,1,0,3,0,0,0,2,1,3,4,1,1,0,0,1,4,1,1,1,1,1,2,0,1,0,3,3,0,1,0,2,3,0,3,0,2,4,2,1,0,2,2,1,3,0,2,0,2,2,3
5,8,0,3,3,3,3,1,3,2,2,1,1,0,1,2,2,2,2,2,0,4,2,0,2,1,1,3,2,2,0,2,1,2,2,0,0,1,0,2,2,0,2,2,3,1,3,2,3,0,3,0,1,1,4,2,1,1,1,1,0,0,0,3,2,1,1,3,1,2,1,3,1,3,4,0,3,1,1,0,3,1,3,1,3,4,2,3,4,0,0,1,1,2,0,5,1,2,3,0
7,3,3,0,4,3,3,1,1,0,1,1,2,3,0,0,1,2,2,3,1,2,3,3,1,3,2,0,1,2,1,2,2,3,0,3,2,2,2,1,0,2,2,0,3,4,0,1,2,4,0,1,2,1,0,2,1,2,0,2,1,4,1,1,3,0,3,1,0,0,0,1,2,2,2,2,2,0,0,1,1,2,2,0,2,2,1,2,2,1,1,1,2,0,1,1,0,1,0,1
17,0,0,3,1,0,1,3,4,1,0,2,0,0,3,0,2,4,0,0,0,2,1,1,3,1,1,4,1,0,2,3,2,1,4,0,1,0,1,2,1,1,0,1,4,1,0,2,3,1,2,1,3,0,4,1,2,1,2,1,1,1,2,3,0,0,0,2,2,2,0,2,1,1,3,0,1,0,1,2,1,0,3,1,0,2,3,4,6,1,2,2,0,0,2,2,1,3,2,2
4,0,2,0,2,1,0,1,4,0,0,0,2,2,3,2,5,2,1,2,2,2,2,2,0,1,1,0,2,2,0,0,2,1,0,0,4,3,5,2,2,1,2,0,2,2,2,3,2,2,2,1,0,1,1,2,2,3,0,2,1,2,0,2,1,0,2,2,0,2,2,0,1,3,1,3,1,2,0,1,1,3,2,0,1,2,1,0,0,3,1,1,0,0,2,3,3,1,1,2
18,2,2,1,1,1,0,2,2,1,0,2,0,1,1,1,1,3,2,3,1,1,1,1,2,1,2,0,2,3,2,1,1,5,1,2,0,2,2,1,3,1,1,0,2,1,2,0,1,0,1,2,4,2,0,1,1,0,2,2,0,3,0,1,0,2,1,0,1,1,3,2,2,0,1,0,1,0,1,4,0,3,0,2,2,0,2,1,2,1,2,2,2,0,0,3,1,1,1,1
2,0,2,5,1,0,2,0,2,2,0,1,2,0,5,1,1,4,2,2,2,1,0,1,0,2,4,1,3,1,3,0,3,1,2,1,1,1,1,1,2,2,1,3,0,0,2,1,0,1,4,3,0,2,1,0,1,3,3,1,2,1,2,1,0,0,1,0,2,2,0,2,2,0,2,0,4,1,2,1,2,2,2,6,1,2,1,1,0,0,1,4,1,0,1,0,3,1,0,4
1,0,5,1,0,1,2,2,0,2,1,1,3,1,2,0,3,3,3,4,2,1,0,1,2,0,1,0,5,3,3,1,1,2,1,2,1,2,4,2,4,1,2,1,0,2,2,3,2,2,2,0,2,1,0,0,3,0,1,2,2,1,2,3,2,1,0,0,1,1,1,1,0,1,0,2,0,0,0,2,0,0,3,0,1,2,2,2,2,1,0,2,2,1,1,3,0,2,3,1
4,2,1,1,3,3,0,1,2,3,3,2,3,0,1,0,2,2,2,1,1,2,3,2,2,2,6,0,1,0,0,3,1,1,1,1,2,4,3,0,3,0,0,0,0,1,2,1,1,2,2,1,0,2,3,2,2,1,2,2,0,0,0,0,3,1,2,2,2,0,0,3,0,1,2,0,4,3,3,2,1,1,1,1,1,1,3,1,3,1,2,2,3,2,1,1,0,4,1,1
2,1,0,4,1,2,0,1,4,2,1,1,2,1,1,0,1,5,1,1,0,0,2,2,2,2,3,0,2,0,0,2,3,3,0,4,2,0,0,0,1,1,2,3,0,1,5,0,1,1,0,2,1,2,2,1,0,7,1,1,3,1,2,2,0,3,3,3,1,1,4,0,1,1,1,3,0,2,2,1,2,2,1,1,1,2,1,0,1,2,0,3,0,0,1,1,1,0,2,2
0,6,3,1,6,4,3,0,2,1,0,2,1,1,1,1,3,1,2,2,0,2,3,1,0,2,4,3,1,0,0,2,0,1,3,1,0,1,1,2,1,0,2,0,1,0,2,1,3,2,0,1,4,1,2,0,0,1,2,1,2,1,2,2,1,1,1,1,2,0,3,2,2,2,0,1,2,0,2,1,1,0,0,1,2,2,3,1,2,2,4,2,4,0,0,0,1,0,1,0
2,0,2,3,0,0,0,0,0,1,3,1,1,2,3,1,1,0,2,2,0,2,0,1,2,4,1,1,0,1,3,1,2,1,1,3,3,0,2,4,2,1,4,2,2,1,2,2,0,1,2,1,1,0,2,2,2,0,0,5,1,2,3,1,0,2,2,3,1,2,0,1,1,1,2,0,0,2,2,1,0,1,2,1,4,3,3,1,1,2,2,2,3,3,3,0,2,1,0,1
4,1,1,0,2,0,1,2,0,1,4,1,2,2,5,1,2,1,3,3,0,0,1,1,1,1,1,0,2,1,0,0,1,2,2,2,0,0,1,2,1,1,2,1,2,3,3,2,2,2,1,4,1,2,0,2,1,2,2,2,3,2,2,6,1,2,0,0,1,1,1,3,3,1,1,3,2,1,0,1,1,4,1,4,3,1,2,4,4,3,1,0,0,0,0,2,2,0,1,0
12,1,1,0,0,1,2,5,2,2,0,1,1,1,2,3,0,3,2,2,2,2,1,0,3,4,0,4,2,3,2,2,1,0,1,0,2,0,3,1,2,2,0,1,1,1,0,3,3,3,2,1,0,0,3,3,3,2,1,2,0,1,2,3,2,2,0,2,0,1,2,2,0,1,0,0,2,3,1,3,1,0,1,2,2,2,1,5,1,1,0,2,1,3,0,2,2,0,1,2
1,0,1,1,1,1,2,3,0,3,2,1,1,2,1,1,3,1,2,0,2,1,2,1,3,2,0,2,5,0,1,2,4,0,0,2,2,1,0,2,2,0,3,0,2,2,2,0,2,2,0,2,0,2,0,3,3,2,5,4,3,2,0,3,1,5,1,1,3,3,2,1,2,0,0,2,0,1,2,2,3,1,1,3,4,2,2,3,3,2,1,1,2,3,1,1,4,1,2,0
2,0,3,0,1,0,1,1,0,2,0,1,0,2,2,4,1,1,1,2,0,1,2,2,2,0,2,4,4,1,3,2,1,1,2,1,2,3,1,1,3,3,2,3,4,0,1,1,4,1,1,2,2,3,1,3,1,2,1,2,2,2,2,0,3,2,2,1,1,2,2,0,3,2,0,1,2,2,1,1,4,2,3,3,2,1,0,3,3,2,2,2,0,2,3,1,1,1,1,0
1,0,1,4,4,0,1,0,1,1,1,2,2,1,2,0,1,2,2,1,2,0,1,2,3,2,2,3,1,0,2,1,2,0,1,0,2,1,3,0,2,0,4,1,1,1,1,3,2,0,1,0,1,0,0,3,4,2,0,1,1,4,2,0,1,3,1,0,2,2,3,2,1,3,1,2,0,1,2,3,4,1,1,1,1,1,2,0,5,1,3,3,0,2,1,2,0,2,2,2
3,3,2,0,4,1,3,2,2,1,0,0,2,2,2,2,1,1,2,1,2,1,0,1,1,1,2,3,0,3,1,0,0,0,2,1,1,1,1,1,0,0,7,2,4,0,2,0,1,3,0,1,5,2,2,3,1,2,2,3,3,0,2,1,1,3,3,0,2,0,1,0,2,0,1,2,1,3,1,0,2,1,0,0,2,0,0,0,2,1,2,2,1,1,4,2,2,0,4,6
3,0,2,0,2,1,0,3,5,1,1,1,1,2,2,2,1,0,1,2,1,0,0,0,1,4,0,1,2,1,2,1,1,1,0,0,3,1,2,0,1,1,2,2,1,2,1,2,0,4,1,1,5,2,2,1,2,1,4,2,1,0,2,0,2,1,3,2,2,1,2,1,1,3,4,5,2,0,1,1,2,0,1,0,1,1,0,2,2,2,3,3,1,3,1,1,2,1,2,1
8,0,3,1,3,1,0,0,2,2,2,1,1,0,4,3,0,1,2,2,2,3,1,0,4,3,3,1,3,1,0,0,0,0,5,0,5,3,1,2,2,2,1,1,2,0,2,1,1,0,1,2,3,1,1,0,0,1,3,3,1,0,2,1,2,0,4,2,2,3,1,1,0,1,0,3,1,4,1,0,2,0,1,1,2,3,1,1,1,0,1,4,2,3,1,3,1,1,0,1
3,0,2,3,1,2,0,1,3,0,3,2,0,2,1,3,1,1,3,0,1,1,2,1,0,3,1,0,3,3,2,0,3,1,3,2,3,4,1,1,1,0,2,3,1,2,2,0,0,0,1,3,1,1,2,1,2,0,0,1,2,0,0,1,0,4,4,1,2,2,3,2,2,2,3,0,3,4,1,3,0,2,0,0,2,0,1,1,2,0,2,2,1,2,2,1,3,0,0,1
1,0,2,0,3,1,5,0,2,0,3,1,2,3,2,2,0,1,4,2,3,1,0,0,1,1,2,4,2,0,1,4,2,1,3,3,0,0,3,0,0,1,2,1,2,1,3,0,1,1,1,0,1,0,0,2,3,3,2,0,0,1,1,0,1,1,1,0,3,3,1,1,1,0,2,0,0,2,1,0,2,3,2,3,2,1,3,0,2,0,3,2,1,1,5,3,0,2,1,0
10,0,0,3,3,1,0,2,2,2,0,1,1,1,1,3,0,0,3,2,0,2,3,1,2,1,1,0,0,1,1,2,4,1,0,2,2,2,1,2,2,2,2,4,1,1,1,3,0,1,0,1,3,1,2,0,4,1,1,1,1,3,0,0,1,0,4,1,0,1,1,3,1,1,1,3,2,0,0,2,3,1,1,2,1,0,0,3,2,4,1,3,4,1,1,1,5,2,1,1
5,0,0,3,3,2,3,2,4,0,5,0,1,1,4,1,1,1,1,4,2,1,0,4,0,2,2,2,2,3,3,0,1,0,1,4,1,2,3,2,2,2,0,1,2,0,2,1,0,3,4,1,3,0,3,0,1,1,1,1,0,2,2,0,1,0,0,0,0,2,0,1,3,1,1,4,1,0,0,1,1,0,2,0,0,0,0,2,3,0,2,1,1,2,3,3,1,1,1,3
0,1,2,3,1,2,4,1,2,1,0,3,2,2,1,0,1,2,1,1,1,1,0,0,2,3,3,2,1,2,3,4,2,1,1,4,1,2,1,0,2,0,0,2,3,0,1,1,1,0,0,1,1,1,2,1,2,4,1,2,2,0,1,3,3,1,2,0,0,2,1,1,1,1,0,0,2,2,2,3,2,1,2,2,0,0,1,4,0,1,1,2,1,1,4,3,2,1,1,2
4,1,2,1,1,1,0,2,0,1,1,1,2,5,2,1,0,0,2,2,3,0,3,2,0,1,1,0,0,0,0,1,1,0,2,2,2,1,1,1,0,1,3,6,1,3,0,0,1,1,0,2,1,0,1,3,0,3,0,3,3,0,2,3,0,3,2,1,2,1,1,0,2,2,1,2,2,3,2,4,2,0,1,0,1,0,2,1,3,0,2,2,0,2,0,3,2,3,3,1
4,4,1,1,2,1,0,3,0,2,1,1,3,1,1,0,1,2,0,2,1,2,2,2,2,1,1,3,2,2,2,3,0,0,3,1,1,3,2,1,2,2,3,1,1,0,3,2,1,0,0,2,0,4,2,1,2,1,2,2,4,0,3,0,2,1,3,1,2,4,2,2,2,1,0,3,3,1,0,3,3,3,0,1,1,1,1,3,1,2,1,0,1,0,2,2,3,2,0,2
10,0,0,1,0,0,3,0,1,3,2,3,1,1,4,2,2,2,1,4,1,1,2,1,2,0,1,1,1,0,1,1,1,2,0,1,1,1,1,2,2,3,3,0,2,0,3,1,1,2,2,2,1,1,2,0,1,1,1,2,2,1,1,2,1,2,1,1,2,1,1,1,0,2,1,1,0,1,1,3,2,1,2,1,1,2,2,3,4,2,1,1,1,2,1,2,0,1,1,2
1,0,3,0,0,1,1,5,1,1,0,1,0,1,2,1,0,2,3,3,1,1,2,1,1,2,2,4,1,0,2,2,0,2,2,0,1,1,0,1,0,0,2,2,2,0,0,0,0,0,2,0,0,1,2,1,0,2,1,1,1,3,0,0,0,2,2,1,1,3,1,2,3,0,1,3,2,1,1,1,0,4,0,3,0,1,1,1,0,1,1,1,1,0,0,2,0,0,1,3
2,0,4,1,0,0,0,0,2,1,1,1,2,0,1,0,0,2,1,2,1,2,1,1,0,0,4,0,2,2,2,3,1,2,1,2,1,2,2,2,2,2,1,0,0,3,1,2,0,1,2,0,2,1,3,2,1,2,1,0,2,0,1,1,2,1,2,1,4,1,3,1,1,1,2,3,3,2,0,3,0,2,2,3,1,0,1,2,0,3,0,0,1,0,2,3,0,2,3,1
2,1,2,1,3,1,2,3,1,0,2,0,3,2,1,0,1,1,3,4,2,3,1,4,3,1,1,1,2,1,2,1,1,0,1,3,2,1,0,0,3,1,0,2,0,4,2,2,2,4,1,2,4,2,1,1,3,2,1,3,1,0,3,0,1,3,0,1,0,1,1,1,2,2,1,2,1,0,1,0,2,1,1,1,1,2,1,1,3,1,0,1,0,1,2,2,1,3,6,3
6,0,5,5,0,2,0,2,4,3,2,3,2,2,2,2,1,2,2,1,3,4,1,1,1,0,2,1,0,4,1,1,1,1,4,2,3,2,1,3,1,5,4,1,2,1,1,1,0,0,2,1,1,1,2,3,3,2,3,4,1,4,1,2,0,2,2,1,0,2,1,0,1,2,1,2,0,1,1,3,1,1,0,1,1,1,2,1,2,2,0,1,0,5,0,0,1,1,1,0
1,0,2,1,0,1,0,1,1,1,0,2,1,0,0,0,2,0,2,4,2,0,1,1,4,1,2,2,1,0,1,3,4,0,5,4,1,0,5,0,3,2,0,0,1,0,3,0,1,2,0,1,0,2,2,4,4,3,1,3,1,1,2,0,4,1,2,5,1,3,1,1,2,2,2,1,1,3,0,2,0,0,2,4,1,1,1,1,0,1,1,2,2,1,3,0,0,1,1,1
5,1,2,1,3,2,4,3,1,1,1,1,2,0,4,1,2,2,1,0,1,3,3,0,2,2,2,1,2,0,1,1,1,0,5,0,0,4,1,1,2,2,4,2,0,0,0,1,1,2,0,2,2,4,2,2,1,1,0,1,1,0,1,0,3,1,2,3,2,1,3,5,2,2,3,2,1,0,0,0,2,4,2,3,1,4,2,0,1,2,3,1,0,1,3,7,2,1,1,2
4,0,0,1,0,1,2,0,2,2,2,2,0,3,0,2,1,1,1,2,4,0,0,2,1,1,2,1,2,2,2,2,3,1,0,1,1,0,1,5,1,0,3,2,4,2,2,3,1,2,2,3,2,2,3,2,3,0,0,1,1,2,4,1,0,2,5,2,0,2,3,3,4,5,3,1,0,2,1,0,2,4,2,4,3,2,1,1,0,1,1,0,0,2,1,3,2,2,1,2
7,6,1,1,0,1,2,3,2,2,1,2,2,1,4,4,0,2,0,2,4,4,1,1,2,1,1,2,0,3,4,0,0,1,2,4,3,1,0,1,1,0,1,3,1,0,7,3,0,1,1,3,0,1,3,3,2,0,2,0,0,1,3,1,1,2,1,1,2,3,1,0,3,1,0,1,4,1,3,1,0,2,1,0,1,2,1,3,3,1,1,1,0,1,0,0,1,2,0,4
8,4,4,2,0,1,0,3,2,2,0,0,0,2,0,1,1,1,0,1,0,4,3,0,0,3,2,2,4,0,0,1,1,2,0,2,2,4,2,1,1,1,0,3,2,1,3,1,0,1,2,1,2,0,0,3,3,2,4,2,2,2,1,3,1,5,4,1,2,2,1,2,3,2,0,1,1,1,0,2,0,2,0,1,2,1,1,0,2,2,3,3,2,1,3,2,3,1,0,3
5,0,3,2,1,1,2,2,3,2,4,1,1,3,1,2,2,1,0,0,1,2,2,3,0,1,0,3,2,0,1,2,1,1,1,1,0,0,0,0,2,0,1,4,0,0,2,2,3,0,1,2,0,3,0,1,1,0,0,2,1,4,4,1,1,3,3,2,3,4,3,1,0,1,0,1,0,1,0,1,1,1,1,0,2,2,4,0,0,0,0,1,0,4,1,3,0,2,2,2
7,0,2,2,2,1,2,1,1,1,1,1,2,1,1,3,1,2,5,1,0,0,1,2,0,1,0,0,0,2,2,0,1,0,1,1,5,1,0,3,4,1,0,1,0,0,0,2,2,1,2,0,0,2,0,2,3,2,2,2,1,2,1,2,1,2,3,1,2,2,2,1,1,0,1,3,3,4,1,2,1,1,2,4,1,1,2,0,2,1,1,1,0,0,0,3,2,3,2,1
2,0,0,4,2,3,3,1,2,2,1,1,2,1,1,2,1,2,3,0,2,2,4,2,3,1,2,1,2,2,0,1,2,1,0,2,3,1,1,1,2,3,0,1,0,1,1,4,4,0,1,1,2,0,1,1,0,1,0,2,2,0,2,1,2,0,0,0,2,3,1,1,3,1,2,2,0,2,0,1,3,0,0,0,0,0,1,4,2,3,0,3,0,2,4,1,1,3,5,0
3,1,2,1,2,3,0,1,1,1,2,0,0,2,2,1,2,1,2,1,2,2,0,2,1,3,2,1,1,1,3,1,3,2,1,3,0,5,1,1,4,2,0,2,0,1,2,4,1,2,3,0,1,0,4,1,1,2,3,1,4,4,1,2,2,1,0,1,3,0,6,2,0,1,0,1,1,3,1,2,1,0,3,1,0,4,2,1,0,2,2,1,1,3,1,1,2,3,1,1
1,3,1,1,3,2,0,3,1,2,1,1,2,0,2,0,1,2,2,1,1,2,2,1,3,0,1,1,2,1,0,0,1,2,1,2,1,2,1,0,1,1,0,2,0,3,0,0,1,3,1,0,0,0,3,2,1,2,0,3,1,1,3,3,1,2,0,0,3,1,0,1,2,2,2,1,0,0,2,0,1,1,3,1,4,2,3,0,2,2,1,1,0,1,3,1,1,0,1,1
2,0,2,3,0,3,2,2,2,0,1,4,1,1,2,3,2,2,1,1,2,1,3,3,2,2,3,3,3,3,2,4,3,1,1,0,3,1,2,0,0,2,1,2,1,1,2,2,2,1,0,2,0,0,2,2,0,1,1,3,0,1,3,1,1,0,1,3,1,0,1,0,1,2,6,2,2,2,1,1,4,4,0,3,3,1,2,2,4,2,2,2,1,2,1,3,1,1,4,2
0,6,1,3,1,1,1,0,0,0,0,1,1,1,0,1,2,3,5,1,2,3,1,2,7,1,0,3,1,1,0,4,0,3,3,1,4,1,1,1,1,2,2,0,3,1,1,3,3,3,1,0,0,1,1,0,2,3,3,0,1,2,1,1,3,1,1,2,2,2,1,3,1,3,1,1,2,4,2,2,3,1,2,3,4,4,0,1,2,2,1,0,2,3,2,2,1,5,1,1
0,0,0,1,1,1,1,2,0,2,2,1,0,2,2,2,0,0,1,1,1,0,3,0,2,1,1,2,2,0,3,1,4,2,1,1,3,2,3,1,1,1,1,5,2,1,0,2,0,1,1,0,0,2,1,2,0,3,3,1,0,1,1,1,1,2,1,1,1,2,1,0,3,4,1,4,0,1,0,3,4,1,2,2,0,1,2,2,4,2,1,1,1,2,1,0,1,2,2,0
1,0,2,1,1,1,0,1,2,1,4,2,3,1,1,1,2,1,0,5,4,4,1,2,2,1,1,1,2,1,0,3,1,0,0,1,1,2,2,2,2,0,1,1,1,2,1,3,1,1,2,4,2,2,1,2,1,7,5,2,1,1,6,2,1,2,2,3,2,2,1,1,1,1,1,2,2,1,0,3,0,1,1,0,2,4,1,0,1,0,1,0,0,1,1,1,3,2,3,0
6,0,1,2,1,3,0,2,3,3,2,0,0,1,1,0,1,2,2,0,2,2,1,2,4,0,4,2,2,0,0,0,0,2,1,2,1,0,2,2,0,2,1,0,3,1,2,3,4,0,2,3,2,2,2,0,2,1,1,2,3,0,1,2,1,0,2,0,2,2,4,2,2,1,4,1,0,1,2,0,3,1,0,0,1,0,0,4,3,4,0,3,0,1,1,4,0,4,0,2
2,0,3,3,2,2,5,0,3,2,0,0,0,2,1,1,2,3,2,2,3,2,3,3,1,1,1,1,2,0,1,1,1,2,1,0,4,3,1,0,2,0,3,1,0,0,1,0,0,3,2,2,3,1,1,2,3,1,1,1,1,1,1,0,1,0,1,3,1,0,4,0,2,1,1,1,1,2,2,1,1,1,3,0,1,0,3,2,1,0,1,1,2,2,2,2,1,2,2,1
1,0,0,1,1,1,2,1,4,3,2,0,2,2,5,0,3,2,2,1,2,1,1,1,2,1,0,3,1,4,2,2,1,2,1,2,1,1,1,1,1,2,1,0,0,1,1,1,2,1,1,4,1,0,1,3,0,1,1,2,0,2,3,1,0,2,2,2,2,1,1,3,2,2,1,0,1,0,3,1,3,1,0,0,3,3,1,1,0,4,0,1,2,1,1,0,2,3,2,1
1,4,1,1,0,2,1,3,1,4,0,1,3,2,0,1,2,3,1,1,1,2,3,3,1,2,1,2,2,0,2,2,2,0,0,0,2,4,0,3,1,1,1,2,2,3,1,1,1,0,0,0,2,0,1,1,1,2,3,2,0,3,2,3,1,0,0,1,3,0,0,1,4,0,2,1,0,3,2,3,3,0,2,1,2,0,3,1,3,1,0,1,2,2,5,2,1,0,2,4
2,0,1,0,2,0,2,1,1,1,3,1,1,3,2,3,1,1,2,3,1,1,1,1,1,2,1,0,3,2,1,2,0,1,0,1,1,4,1,3,3,0,0,4,2,2,1,2,5,1,2,1,0,3,2,0,0,5,0,1,1,2,0,3,1,7,2,0,4,0,2,1,2,3,1,2,1,1,0,1,0,1,0,5,1,1,2,0,0,4,1,4,0,4,1,0,0,0,1,1
6,0,1,4,3,6,4,1,3,1,2,0,1,0,0,7,1,3,2,1,0,0,1,4,2,1,2,2,0,2,4,1,0,1,3,1,1,2,0,1,3,1,1,3,1,1,1,1,2,0,1,1,1,1,4,2,0,1,0,3,1,0,1,1,1,0,1,1,2,3,1,3,4,1,0,4,2,2,1,1,0,2,2,6,1,1,1,0,1,3,1,1,2,0,2,1,0,0,0,1
1,12,1,1,0,4,1,3,2,1,1,0,0,1,2,2,1,2,3,0,3,1,1,4,3,3,2,2,0,3,3,0,1,3,0,3,3,0,1,3,2,0,1,1,1,3,0,1,0,1,1,2,2,0,1,4,0,0,0,1,0,3,3,1,2,2,1,2,2,0,1,1,0,3,2,2,4,6,2,3,1,2,0,2,1,2,4,1,1,0,2,0,1,1,3,0,4,0,1,1
0,7,2,4,2,0,2,2,2,0,3,1,1,1,2,0,0,2,0,4,1,0,2,2,4,2,3,0,1,1,2,4,4,0,1,2,2,1,4,0,1,3,1,3,0,2,1,1,0,1,1,2,0,1,1,0,1,2,1,0,1,0,2,1,3,0,1,2,2,3,0,3,1,2,2,0,1,1,0,0,2,2,3,0,1,3,1,1,1,1,2,2,2,4,3,2,2,1,1,4
10,0,1,2,2,2,2,0,0,4,4,2,2,2,2,0,0,1,4,4,2,0,3,2,1,2,2,0,4,2,1,2,1,4,1,1,2,3,1,1,0,0,0,1,0,2,1,3,1,2,1,0,4,1,3,2,3,2,1,0,3,0,3,1,0,0,2,3,0,3,0,0,4,0,0,4,3,1,1,2,5,0,2,0,1,3,0,2,2,2,1,1,4,2,0,1,1,2,0,3
1,0,1,3,0,2,1,0,2,0,1,1,0,1,1,1,1,2,0,1,2,2,1,1,1,2,2,0,1,3,0,3,1,1,2,3,1,1,0,1,2,4,1,2,1,1,3,1,2,0,1,1,5,0,4,3,2,1,3,0,0,2,1,1,2,2,1,1,2,0,1,1,1,1,2,2,0,2,1,2,3,0,2,1,0,3,3,1,0,3,2,0,0,2,1,2,1,4,2,1
0,5,0,1,2,5,3,0,2,0,2,2,1,4,1,3,1,2,3,3,2,0,0,1,0,3,0,1,2,0,0,1,2,1,3,3,1,1,1,3,4,1,2,1,1,3,3,0,1,0,0,1,3,0,0,1,2,3,1,2,3,0,3,0,1,1,0,2,0,2,2,1,2,3,2,1,2,1,1,3,1,0,1,1,0,1,2,5,3,3,2,5,0,2,4,2,2,0,3,1
2,1,5,1,1,0,0,4,1,2,0,1,1,1,0,0,0,1,1,2,2,0,0,3,4,3,1,0,0,1,3,2,3,0,0,2,1,0,2,1,1,2,0,2,2,2,1,1,5,1,1,2,1,0,1,2,5,2,2,1,2,4,2,3,1,1,2,1,1,2,1,0,1,2,0,3,1,2,1,1,2,4,1,1,2,3,2,3,2,1,1,3,3,2,2,1,2,1,1,1
3,1,1,1,1,2,3,3,0,2,2,2,2,3,0,3,2,1,2,3,0,2,1,2,1,2,1,4,1,2,3,0,0,1,0,1,1,0,2,0,2,3,1,3,1,1,1,0,3,0,3,1,1,0,2,1,1,1,1,1,1,1,3,1,1,1,1,2,2,3,1,2,4,2,1,1,1,2,1,1,4,0,4,3,3,2,1,2,1,1,1,0,2,3,5,3,0,1,0,3
2,5,1,3,2,3,1,1,1,1,2,1,1,3,3,3,1,1,2,1,0,2,5,0,2,0,2,4,0,1,2,2,3,2,2,0,0,1,3,0,5,2,2,1,0,2,0,0,4,2,0,2,3,1,3,3,1,2,0,4,1,1,3,2,1,3,2,2,1,0,0,2,2,1,2,1,2,0,2,2,0,1,3,2,2,3,0,1,2,4,2,1,0,0,2,2,1,4,1,4
0,7,1,0,5,1,2,1,1,1,5,1,2,1,3,1,2,1,1,0,0,1,1,1,2,2,2,2,2,1,3,0,1,2,3,0,2,0,2,3,0,1,2,3,1,2,0,3,1,2,0,1,4,0,2,0,2,1,1,1,5,1,1,1,2,2,1,2,0,1,2,0,2,2,3,2,2,1,2,1,2,4,2,0,0,1,0,1,0,0,0,1,4,1,3,4,2,2,1,0
1,0,2,3,1,2,1,4,2,1,1,2,2,3,0,0,1,1,3,1,2,2,1,3,1,1,1,2,1,2,1,1,0,0,2,0,0,0,2,2,0,0,1,3,0,1,3,1,4,1,0,1,0,0,3,1,1,2,3,0,0,1,4,0,2,1,1,1,0,1,1,0,3,3,2,2,2,0,1,1,1,5,1,1,2,1,1,1,0,1,1,1,2,1,2,1,0,0,4,2
1,2,2,1,1,2,0,4,0,2,2,3,1,2,3,2,0,2,2,1,3,0,3,1,0,5,1,1,1,1,1,1,3,1,1,0,4,0,2,0,3,2,3,1,1,0,2,3,1,2,3,3,3,2,0,1,1,3,0,1,0,2,4,1,2,4,4,0,2,3,3,3,3,0,3,0,0,0,2,1,1,0,4,3,0,0,1,1,1,1,1,1,2,1,1,1,2,1,3,3
2,1,2,0,2,1,0,1,0,3,2,2,2,4,2,2,1,1,2,0,1,3,0,1,1,3,1,0,2,1,2,2,0,2,1,1,2,1,2,0,0,1,1,1,1,1,0,1,1,2,2,1,2,0,1,4,1,2,4,1,2,3,2,2,3,1,2,1,0,1,0,0,2,0,0,1,1,2,2,3,1,0,0,3,0,0,1,2,1,4,2,0,3,0,2,1,1,1,3,1
5,0,3,2,0,1,3,1,2,0,1,1,1,1,2,4,2,1,5,2,1,2,1,3,2,2,1,2,1,1,2,1,0,0,3,3,4,4,0,5,1,1,0,0,1,2,1,0,2,1,1,2,2,1,5,0,1,1,3,1,1,1,1,1,2,2,0,2,1,0,1,0,2,1,2,1,0,1,1,2,3,0,1,1,1,1,3,2,2,1,0,2,1,2,2,3,1,0,1,7
0,12,2,2,0,0,3,2,0,6,2,2,2,2,1,1,1,5,2,3,2,2,3,1,0,3,1,2,0,2,0,0,0,1,0,3,0,1,1,0,3,1,2,2,0,3,0,0,0,1,2,1,1,1,1,0,0,0,0,0,1,2,5,0,1,0,1,2,1,1,1,1,3,1,0,0,1,0,1,2,2,2,2,1,3,1,1,2,0,0,3,1,4,3,0,0,1,2,1,1
6,0,0,3,0,3,2,4,0,1,3,0,2,0,0,2,2,1,1,0,1,0,3,2,2,1,3,1,0,0,0,0,0,1,2,0,4,2,2,2,2,1,4,0,0,3,0,3,4,1,0,0,1,1,1,1,3,2,2,3,1,7,0,0,1,1,1,0,1,0,2,1,2,3,1,1,3,1,1,2,2,1,2,1,2,2,1,3,0,2,1,2,5,2,1,3,4,0,0,1
0,0,0,4,3,2,2,3,2,0,0,1,2,1,1,0,1,0,1,1,2,1,1,1,0,3,0,1,2,0,2,0,1,2,2,2,2,2,2,2,1,1,1,2,1,3,2,0,1,0,1,2,0,2,0,2,1,1,1,0,3,1,2,3,1,3,4,2,3,0,1,2,0,2,1,1,1,0,0,0,3,0,1,0,2,0,3,2,1,3,1,3,4,1,3,0,1,3,0,1
0,0,1,1,0,0,2,1,1,1,1,1,1,0,1,2,2,2,3,1,2,3,3,1,1,3,3,2,0,1,1,0,3,1,2,2,3,1,1,3,3,1,0,0,0,3,1,1,3,2,1,2,1,2,2,2,4,3,0,3,2,1,0,0,1,2,2,0,1,0,4,1,3,0,2,2,2,1,2,0,1,1,3,0,4,1,2,0,2,3,3,1,0,3,2,2,1,0,2,0
3,6,2,6,0,1,4,3,2,4,1,1,1,4,1,3,0,3,0,1,4,0,1,1,1,2,1,2,3,3,0,2,0,3,0,3,0,1,1,0,3,1,1,1,1,1,0,1,0,2,2,1,1,1,4,2,2,3,3,3,2,2,3,3,1,2,1,1,1,1,1,0,3,3,1,3,2,4,3,0,3,6,2,2,2,3,1,3,2,2,1,3,3,0,0,2,2,0,1,1
3,1,1,1,2,1,3,3,2,2,1,1,1,2,2,4,0,3,2,0,1,0,1,3,0,6,1,5,2,1,3,0,0,0,3,0,2,0,4,1,2,2,1,3,3,1,2,1,2,1,2,1,2,2,4,1,1,5,1,2,1,2,2,2,1,1,0,2,0,2,0,4,3,2,1,1,3,3,0,2,1,0,4,1,3,0,3,1,2,3,0,2,3,0,1,2,1,2,1,1
1,1,1,1,0,1,1,0,3,4,2,0,1,0,1,1,3,1,0,2,1,1,0,1,2,2,1,3,2,2,0,1,2,0,0,2,2,2,1,4,3,3,3,2,1,0,3,2,0,1,2,1,3,0,3,1,2,1,4,3,1,2,2,2,0,0,5,5,1,1,2,0,1,3,0,1,1,2,0,1,3,1,2,5,3,0,3,5,0,1,2,4,2,3,0,2,1,2,2,3
0,0,1,1,1,0,2,3,3,4,3,2,1,0,0,1,1,0,0,3,2,3,1,0,2,3,2,0,1,2,2,2,2,1,1,1,1,0,3,0,3,2,0,3,1,1,1,1,1,0,1,4,1,1,0,0,3,1,3,0,1,3,1,3,1,1,0,3,3,2,2,1,1,1,0,2,1,1,2,1,1,0,1,0,0,2,2,0,2,3,1,1,2,2,1,1,1,3,0,1
1,0,5,1,1,1,3,0,0,0,1,0,1,0,0,3,2,2,0,0,3,2,0,0,3,4,0,1,0,0,2,0,1,2,1,3,1,1,2,0,5,2,0,2,0,1,0,0,3,1,1,0,2,0,2,3,3,1,3,1,6,0,0,1,2,1,1,0,0,0,1,3,0,1,2,0,2,1,2,1,5,1,1,2,1,2,2,4,0,0,1,3,1,2,1,0,0,0,0,6
5,0,3,1,4,2,0,1,2,1,0,2,1,3,0,1,2,2,2,5,6,4,3,0,2,3,2,4,2,1,1,1,1,3,3,2,2,1,1,2,1,2,1,0,0,0,2,1,5,3,1,2,0,2,1,5,3,1,0,1,1,1,4,1,1,3,2,3,2,3,2,0,2,2,1,2,2,2,1,2,1,4,3,0,1,2,0,0,0,3,1,3,2,2,1,0,0,2,0,4
16,0,0,1,1,2,1,0,2,0,0,3,1,1,0,2,3,1,0,0,0,1,2,2,2,2,2,6,2,0,2,0,3,3,3,1,3,0,3,2,1,2,0,2,1,1,4,1,2,0,2,1,1,1,3,5,3,4,4,0,1,1,1,3,6,4,2,1,2,2,0,0,2,1,0,1,0,1,2,1,2,2,2,3,0,2,0,2,0,1,0,0,5,1,0,2,2,3,2,3
0,0,0,1,0,3,1,3,1,1,2,3,1,2,1,0,0,0,1,0,2,0,1,4,1,1,0,0,3,2,1,2,3,1,1,1,1,1,1,1,0,2,3,2,1,3,1,3,1,0,1,0,3,1,2,2,2,1,1,3,1,0,1,4,2,0,1,1,2,1,1,1,0,2,2,4,1,2,3,2,2,2,0,1,1,1,3,1,0,3,2,2,1,0,5,2,2,4,2,2
1,3,5,1,2,5,0,3,1,0,2,1,2,2,3,1,2,3,0,1,1,0,3,1,1,0,0,4,3,0,2,3,1,3,0,1,3,2,2,3,1,2,1,2,1,3,1,2,1,1,1,1,0,2,3,1,1,2,1,1,0,0,1,4,3,2,2,2,3,4,4,1,3,3,2,2,4,2,3,1,2,2,1,1,2,2,3,2,1,2,2,2,1,1,2,1,4,1,0,0
1,0,0,0,1,1,0,2,1,2,1,3,3,3,0,1,0,0,0,0,0,4,4,1,3,0,2,2,4,1,2,3,1,2,2,0,0,1,0,1,2,2,3,0,0,4,0,3,3,2,2,2,2,0,1,1,2,1,1,2,0,1,1,0,1,1,1,1,1,2,2,0,1,0,4,1,0,0,2,1,1,0,5,2,2,0,2,0,1,2,2,3,2,2,1,3,3,2,2,2
3,0,2,2,0,1,2,1,0,0,0,3,3,2,0,2,2,4,3,2,1,2,2,1,5,2,1,2,1,1,0,1,3,2,2,2,2,2,0,3,0,5,1,2,3,2,0,0,1,1,2,2,2,1,3,3,0,0,2,2,0,2,2,1,1,2,2,2,2,3,3,1,0,0,2,3,2,2,2,1,1,1,1,2,0,3,1,2,4,2,2,2,0,4,0,1,3,1,0,3
5,0,2,1,2,2,1,3,1,2,0,2,3,3,0,2,0,1,0,2,1,3,2,2,2,1,1,3,2,0,2,1,1,1,2,2,2,3,2,0,0,2,2,3,4,2,0,2,0,3,3,1,1,1,0,2,1,2,1,0,2,0,1,2,2,0,3,3,1,0,2,1,0,1,3,4,0,2,0,1,0,0,2,0,3,3,3,2,1,3,3,1,3,3,3,1,4,1,1,5
1,0,3,3,4,2,3,1,1,2,1,2,2,0,2,2,4,2,1,4,0,1,0,1,1,1,0,0,2,2,2,1,2,2,5,1,1,0,2,0,1,1,2,0,1,1,2,1,3,1,2,1,1,2,1,1,2,4,1,1,2,1,2,1,1,0,3,0,1,0,1,2,2,3,2,1,2,0,1,2,1,3,2,2,0,1,0,2,1,1,2,2,0,1,0,2,1,0,1,3
7,0,5,1,0,1,4,0,1,0,0,1,1,2,1,6,3,1,0,3,1,1,2,4,2,1,0,2,1,2,0,1,2,1,0,2,1,3,2,2,0,4,1,2,0,1,2,0,2,1,2,1,1,1,0,2,2,3,1,1,2,0,2,2,1,0,1,2,2,2,0,2,3,1,4,1,2,1,2,2,2,5,0,2,2,0,3,1,2,1,2,1,0,1,2,2,1,1,0,2
5,0,2,0,2,1,0,1,0,1,1,1,3,1,5,1,1,1,2,3,2,2,2,1,4,1,1,1,2,2,3,5,2,2,1,0,1,1,4,1,2,3,2,5,0,0,2,2,1,2,3,1,1,1,2,2,2,3,1,1,3,1,1,0,1,2,1,0,2,2,0,4,2,3,3,1,2,1,3,2,1,4,0,3,2,0,3,1,0,2,0,1,1,0,2,2,5,1,2,3
1,0,1,2,3,3,2,1,0,2,1,2,1,3,1,3,1,3,1,2,0,1,0,3,1,2,1,1,2,2,0,1,1,1,1,3,3,0,3,1,1,1,1,0,1,2,2,3,3,2,1,2,1,2,1,2,5,3,0,1,5,2,1,2,1,0,1,0,0,0,1,1,2,1,3,6,3,0,1,4,1,1,2,0,1,2,0,0,2,1,1,1,3,1,1,3,1,0,1,0
5,0,0,1,2,2,1,1,1,3,4,3,2,0,2,0,2,3,1,2,0,2,0,3,2,0,1,1,1,2,4,2,1,1,0,1,1,1,2,2,1,0,0,1,3,1,2,1,0,1,1,1,2,1,3,1,0,1,0,2,1,1,2,4,0,2,1,2,0,0,1,2,2,1,0,1,2,0,1,0,1,1,1,0,0,1,1,2,1,0,1,0,2,1,3,1,1,0,0,3
2,7,3,0,1,1,1,2,1,0,2,4,1,1,0,0,1,0,0,1,2,4,1,0,5,1,3,2,0,0,2,1,0,0,2,0,1,0,0,3,0,3,2,2,2,1,3,0,1,2,4,3,1,3,1,3,3,0,1,1,1,1,2,1,1,2,0,2,7,1,3,1,1,2,2,2,1,1,1,2,3,1,1,3,1,4,0,1,0,3,2,2,1,2,2,1,3,0,2,1
3,3,2,2,0,2,3,1,0,4,1,2,0,2,1,0,3,2,0,0,3,3,0,4,2,3,1,3,0,0,3,2,2,3,2,1,6,5,2,2,0,3,0,0,0,1,1,0,1,2,2,2,0,2,1,3,0,4,5,1,2,2,2,1,1,1,3,0,1,1,1,1,1,2,1,1,2,3,0,0,2,0,3,2,3,2,1,1,5,1,1,1,1,2,1,0,0,2,3,1
0,12,0,1,3,0,3,2,1,2,4,3,4,0,1,0,2,2,1,1,1,2,2,0,2,1,1,0,3,3,1,0,2,1,1,1,2,2,0,1,0,1,0,0,3,0,0,0,1,0,2,0,0,2,3,2,0,2,1,0,2,3,2,1,2,3,2,1,2,3,5,0,0,1,2,1,1,3,3,3,2,0,2,1,2,0,2,3,3,0,3,0,0,0,1,3,1,1,2,2
2,0,3,1,3,3,0,3,1,1,1,3,4,2,1,1,2,3,1,2,1,3,1,1,1,1,2,3,1,3,1,0,4,3,1,4,1,4,1,3,0,1,3,3,2,1,1,2,2,1,0,2,1,1,0,3,1,0,1,2,1,0,2,2,2,1,1,2,0,2,2,1,3,0,1,0,0,1,1,1,2,1,0,2,2,1,0,1,2,1,4,1,0,2,1,2,3,0,1,0
4,0,1,1,1,3,0,2,0,1,1,1,0,3,0,4,2,2,0,0,1,2,3,1,0,2,2,1,1,4,0,5,2,0,3,1,1,1,1,3,1,0,3,0,1,1,2,1,1,0,1,2,0,0,2,1,1,4,0,1,1,3,3,0,1,4,0,4,2,3,1,2,1,0,0,1,1,1,1,2,2,2,1,0,2,1,0,1,1,2,1,4,1,2,2,1,0,1,2,2
1,3,0,1,5,3,2,0,1,2,1,1,1,3,4,3,2,1,1,2,2,0,1,0,2,0,2,2,2,5,2,1,4,0,3,1,1,1,3,1,2,0,0,1,4,4,2,1,3,1,1,5,1,2,0,2,4,0,0,3,1,3,1,2,3,1,0,4,4,3,2,2,4,3,2,2,1,0,3,1,2,0,0,4,0,1,1,2,1,1,0,3,1,3,0,2,2,3,0,3
4,4,1,1,0,1,0,2,1,4,1,0,2,3,2,2,3,1,4,1,0,4,4,2,1,1,2,1,1,1,2,0,1,2,1,1,2,1,2,1,0,1,2,3,2,4,2,1,1,2,0,2,2,2,4,3,3,2,2,2,1,1,2,1,1,2,3,1,0,2,1,0,0,5,0,0,3,3,2,4,4,1,1,1,2,2,1,4,1,0,1,2,1,3,2,2,2,2,2,1
3,0,0,5,0,2,4,0,0,4,2,3,1,0,3,0,2,0,0,2,1,1,0,0,0,1,0,2,0,2,2,4,2,3,3,0,1,1,3,0,0,2,2,1,0,2,0,1,0,2,4,2,1,2,3,1,0,0,3,1,0,2,1,2,1,0,1,1,2,3,2,1,0,1,3,1,1,3,1,4,4,0,2,0,1,1,3,0,0,1,2,0,2,2,0,2,1,2,2,1
3,12,3,0,2,1,1,0,3,1,0,2,4,0,1,0,1,4,1,0,1,1,3,0,2,2,0,2,2,2,1,0,0,3,3,1,1,0,1,0,2,0,3,0,3,0,3,1,0,3,4,0,3,2,1,1,1,1,2,2,0,3,2,3,1,1,3,3,1,2,2,3,3,1,0,0,1,2,1,2,2,0,0,1,1,1,0,3,0,4,0,3,2,3,1,2,0,2,1,2
48,0,6,0,0,4,0,1,0,2,0,0,2,2,0,1,1,1,1,1,1,1,4,2,2,0,1,2,0,1,1,2,0,0,2,0,1,2,2,1,2,1,0,2,1,2,3,1,1,3,1,2,0,1,2,2,3,1,1,2,2,6,0,1,0,3,0,1,3,0,1,1,0,2,5,0,1,2,0,1,2,1,1,2,4,3,0,0,2,4,2,2,2,0,1,1,2,5,0,0
0,0,1,6,1,2,2,2,0,2,1,1,2,2,1,2,2,1,1,0,0,0,0,5,1,2,0,2,1,5,2,0,3,0,2,1,1,2,1,4,1,1,0,2,2,1,1,0,0,1,1,1,2,0,2,2,1,1,1,1,0,1,2,0,2,3,1,1,5,3,1,0,0,0,2,1,0,0,5,2,0,1,3,2,1,0,1,0,1,2,2,3,0,2,1,2,1,2,1,1
0,3,1,2,0,2,0,1,1,3,1,1,2,0,3,3,1,4,4,1,1,1,2,2,2,2,2,0,0,1,0,4,1,0,3,0,1,0,0,1,2,1,2,1,1,1,2,1,3,1,1,1,3,2,0,0,2,3,1,1,0,1,1,3,3,2,1,0,2,1,2,0,2,1,1,2,3,2,1,3,0,1,1,1,1,2,2,3,1,3,1,3,1,2,2,2,0,4,1,0
4,1,2,2,2,2,5,4,1,0,2,0,1,1,0,1,5,1,2,1,2,0,0,1,3,2,0,2,2,1,2,3,0,0,1,1,1,1,1,2,2,2,1,0,2,0,1,4,2,0,1,4,1,4,1,1,2,0,3,1,0,1,1,2,1,2,5,3,1,1,1,4,0,2,1,1,4,0,0,2,1,1,0,2,2,1,1,2,1,1,1,0,0,0,0,1,1,0,2,3
0,0,1,1,0,3,0,0,0,3,1,3,1,1,3,0,2,3,1,2,1,0,1,3,2,0,2,2,1,3,0,0,4,2,1,1,4,0,1,3,2,0,0,1,2,0,3,3,2,2,2,1,2,5,0,0,2,3,0,1,1,1,0,5,1,2,1,0,3,1,2,2,1,2,0,1,1,3,6,1,3,1,0,2,2,5,1,2,1,1,1,3,2,0,2,1,1,0,1,1
0,2,1,1,1,2,1,2,2,3,1,0,2,3,0,0,3,0,3,1,2,1,0,2,1,1,1,1,3,0,1,1,1,2,3,2,3,1,3,0,1,1,0,1,0,1,0,0,1,3,1,2,1,6,1,2,2,4,1,2,1,1,2,0,1,3,1,2,0,1,2,1,0,0,2,3,2,3,4,3,0,2,2,1,2,1,1,2,0,1,1,4,1,0,0,0,2,3,1,0
0,0,1,2,1,2,0,2,0,0,1,4,0,2,2,0,1,1,2,0,0,1,1,2,0,1,1,1,1,2,1,0,0,4,1,3,0,3,0,4,0,2,3,1,2,2,1,1,0,1,1,2,1,2,2,4,1,1,0,4,2,0,2,3,4,1,2,0,2,2,3,1,0,2,0,1,2,1,2,0,3,2,2,0,1,1,2,0,1,1,4,3,0,1,2,2,2,0,3,2
0,2,2,0,1,2,3,0,2,0,0,1,4,2,3,2,5,2,2,4,0,1,0,1,0,3,2,3,0,1,4,2,1,3,2,0,2,1,0,3,1,2,2,0,0,2,0,1,3,0,0,1,1,2,2,0,4,2,1,6,2,0,2,1,1,1,1,2,0,1,2,2,0,1,1,1,0,3,0,2,2,0,2,3,3,2,5,4,1,2,1,3,0,2,2,2,2,1,2,3
2,0,4,1,4,0,1,3,2,0,2,1,1,3,1,0,0,1,0,4,1,3,5,2,1,4,3,3,5,1,0,1,0,3,1,4,2,7,1,0,1,0,1,2,2,2,1,0,3,3,1,1,3,1,2,1,1,2,1,3,0,2,0,0,0,1,1,1,1,2,1,1,3,2,1,2,2,4,2,1,0,1,0,1,2,0,1,1,1,3,1,0,0,1,3,1,0,0,0,4
12,0,2,0,1,2,0,2,2,3,3,1,1,3,3,0,2,1,1,5,3,2,0,2,0,2,0,3,2,2,0,1,1,2,1,2,2,2,0,0,3,1,4,0,1,1,1,0,3,2,1,1,2,0,0,2,1,2,1,1,2,2,3,0,3,3,2,2,0,3,0,1,2,3,4,1,4,4,0,1,2,2,0,5,2,0,1,4,2,2,1,1,0,3,0,1,3,1,4,0
2,0,0,0,3,0,4,1,3,3,0,2,1,1,2,3,3,2,2,2,2,0,3,3,1,1,1,2,0,0,4,3,1,5,3,1,0,0,1,1,2,2,1,2,3,3,0,1,1,2,2,2,1,1,1,0,1,2,1,2,2,0,2,1,0,2,0,2,0,1,1,4,3,4,2,1,4,1,2,0,1,3,0,1,1,2,3,2,3,0,1,1,4,3,0,1,2,0,2,3
17,0,2,1,1,0,1,1,2,1,1,2,4,0,2,3,3,2,1,3,0,1,1,3,2,1,3,1,0,1,1,0,0,3,2,2,2,1,2,2,3,4,1,2,0,2,4,3,1,0,2,0,1,3,0,0,3,3,4,0,0,0,3,0,0,2,1,0,1,4,2,1,2,0,3,2,1,3,2,1,2,1,1,2,0,0,0,0,4,0,2,1,0,3,2,1,1,1,1,1
15,0,2,3,1,2,1,0,0,2,1,0,0,2,4,0,1,1,1,3,2,0,1,1,3,1,2,1,1,1,0,0,1,0,1,1,2,1,2,2,3,3,3,0,3,1,1,2,3,3,0,2,3,1,0,1,5,0,0,0,1,0,2,2,1,2,1,2,0,1,2,1,2,2,3,3,3,4,1,1,0,1,3,3,1,1,2,1,3,0,0,0,3,2,0,3,1,0,0,1
0,2,0,0,1,0,2,1,2,1,1,2,2,0,2,0,3,0,2,0,3,0,4,0,1,2,0,3,3,0,2,2,1,2,3,0,1,3,1,2,0,1,1,2,3,0,2,0,2,1,1,1,3,3,1,0,2,0,2,3,2,3,0,3,4,0,0,1,1,2,0,0,1,1,1,1,0,2,0,2,1,2,1,1,2,1,3,1,3,0,1,1,0,1,0,1,2,2,0,2
1,0,2,2,1,1,1,3,0,1,0,3,4,4,1,3,0,3,0,1,1,0,1,0,3,2,1,1,0,5,3,1,1,2,0,2,3,1,2,2,4,2,0,0,1,3,1,0,3,2,0,1,2,2,1,2,1,3,1,2,1,2,2,2,1,3,2,2,1,3,0,1,8,1,2,1,0,1,1,1,5,0,2,2,1,4,2,3,1,1,4,4,0,2,1,3,2,1,0,0
0,2,3,2,2,5,3,5,1,2,1,1,1,1,2,5,3,0,0,4,2,2,2,1,2,2,1,2,3,3,0,3,1,2,3,0,0,2,1,2,1,1,1,3,1,1,2,5,2,0,1,6,2,2,1,0,1,0,1,1,0,1,1,2,1,2,1,4,2,0,2,2,1,2,0,5,2,1,2,2,0,2,0,2,0,0,2,2,0,3,0,0,2,0,4,3,1,1,3,2
3,2,1,2,3,5,1,2,3,0,2,2,0,0,2,0,0,0,1,2,1,0,0,3,2,2,3,1,3,3,0,1,2,0,1,1,0,1,0,1,0,1,3,1,1,2,0,1,0,0,0,3,0,0,1,1,1,0,1,1,1,1,3,0,1,4,1,1,0,3,1,0,1,2,1,0,1,0,0,2,2,1,0,2,1,4,1,1,1,2,1,2,4,5,2,1,0,0,2,1
3,2,1,2,3,1,2,2,2,3,2,3,0,1,0,0,2,1,3,1,4,1,5,0,2,1,0,1,1,0,3,2,1,1,2,3,4,1,5,2,0,2,0,6,2,1,0,2,2,3,1,0,3,0,1,2,3,3,0,1,1,0,1,0,1,2,2,2,2,0,5,2,1,2,2,1,1,2,2,4,1,1,0,1,1,1,0,3,4,2,0,3,4,3,1,2,6,2,0,3
1,0,2,4,1,1,0,1,0,0,0,2,0,0,0,3,1,3,0,1,0,1,1,1,1,1,4,1,2,2,3,2,3,1,3,1,3,0,2,0,1,1,0,1,0,1,0,0,2,0,1,1,1,0,1,1,1,2,3,1,2,0,2,1,0,3,2,2,0,1,2,1,1,2,0,0,2,1,2,2,0,2,2,3,1,2,0,2,0,2,1,2,0,2,1,0,4,1,1,0
3,0,0,2,0,0,1,1,1,2,0,1,0,1,2,3,2,1,2,1,0,0,3,2,2,2,2,2,1,1,1,0,0,4,0,1,0,2,3,1,3,0,1,2,2,1,2,1,0,2,1,4,3,1,2,2,2,2,1,0,2,0,0,2,3,3,3,1,1,0,3,2,3,1,3,1,0,1,2,3,3,1,4,2,0,2,2,1,0,2,1,1,4,3,2,0,0,2,2,0
4,1,2,1,3,5,0,3,1,2,2,0,1,0,0,0,2,0,3,3,2,6,2,1,1,0,0,3,4,1,3,2,2,1,3,4,1,2,0,0,0,1,2,1,2,1,2,0,1,1,0,1,1,3,0,0,1,2,0,4,2,0,1,1,0,3,0,3,1,3,0,1,1,2,0,2,0,1,0,2,0,0,1,2,3,0,1,0,4,1,3,2,4,3,3,3,3,0,3,0
3,1,1,2,2,1,2,3,0,0,1,3,2,1,2,2,0,1,2,1,1,0,1,1,2,0,4,3,0,1,0,1,1,1,2,0,2,4,1,1,1,4,1,1,2,1,3,1,3,1,2,1,1,0,3,3,0,2,3,1,1,1,0,2,2,0,1,1,0,2,3,2,1,0,0,3,1,0,1,1,4,0,1,2,2,1,1,1,0,1,1,1,3,2,2,3,0,0,1,2
1,0,2,2,1,0,0,0,3,1,0,4,1,0,3,2,2,2,1,0,3,2,2,2,1,1,1,3,1,3,2,0,3,2,5,1,1,0,2,1,3,1,1,3,1,1,2,0,2,1,2,4,2,0,2,3,0,2,3,1,0,2,2,2,1,2,2,1,3,1,0,2,1,2,4,2,1,1,2,3,1,2,2,1,0,2,2,3,2,3,0,1,1,1,2,2,1,1,2,1
2,0,3,4,1,0,1,1,1,2,0,2,1,1,0,2,1,3,0,2,0,0,0,0,1,3,1,2,3,0,2,3,0,2,1,1,1,1,2,2,1,1,2,3,3,3,1,0,1,2,3,1,1,2,4,2,3,0,0,1,1,1,0,0,3,0,1,0,1,1,3,0,0,2,3,3,3,1,1,1,1,1,2,2,1,1,1,4,2,2,1,0,3,2,2,4,0,0,2,4
1,0,0,1,2,1,2,2,2,3,2,0,3,2,2,1,0,1,0,0,2,1,2,1,1,2,2,0,3,1,3,1,2,0,1,2,1,0,2,2,3,1,1,0,2,3,2,1,0,1,1,2,2,3,1,1,2,2,1,2,3,5,2,3,1,3,3,1,1,0,0,1,1,1,3,1,0,2,1,6,5,1,2,1,0,2,1,1,3,0,0,4,3,2,0,1,1,0,1,1
3,3,1,1,2,2,0,3,3,1,1,2,1,1,0,2,4,0,3,2,3,1,0,1,0,3,2,2,1,1,2,1,2,0,1,0,2,1,2,2,2,2,2,0,0,1,1,1,1,2,2,1,1,1,2,2,0,1,0,1,1,3,1,1,2,2,2,0,1,1,1,4,1,1,4,3,1,0,0,2,0,0,2,0,0,0,2,1,0,1,3,0,1,2,0,1,2,1,3,1
5,0,2,1,1,0,3,3,3,1,1,1,0,2,1,3,0,1,0,0,1,1,1,0,0,1,1,2,1,2,3,1,0,2,4,3,1,0,2,1,3,5,6,1,1,0,4,2,2,3,2,2,2,0,2,3,1,1,0,0,2,1,2,0,1,2,2,1,2,0,1,2,1,1,3,1,2,2,0,0,2,4,0,4,1,0,0,1,2,1,0,3,2,1,0,0,0,2,1,2
0,0,2,1,1,1,5,1,4,0,0,2,1,1,0,1,1,2,0,0,0,1,3,2,2,0,1,0,0,1,3,3,2,0,4,4,4,2,1,2,0,2,6,0,0,3,4,1,1,3,4,1,1,4,1,0,0,4,1,2,0,5,3,2,3,1,2,2,1,3,0,1,1,0,0,5,5,0,4,1,3,0,0,1,2,1,4,1,0,1,1,0,1,3,3,2,1,0,1,2
3,3,3,1,3,1,1,1,2,2,1,0,0,1,3,1,3,1,2,1,1,1,2,4,1,1,2,0,1,1,0,1,2,2,1,1,1,1,0,3,0,2,1,1,3,2,0,1,0,3,3,4,1,2,0,4,1,3,1,2,4,4,0,2,0,2,1,0,0,0,0,0,1,1,2,4,0,1,2,2,1,3,2,2,1,3,2,2,2,3,1,2,1,1,2,3,2,1,3,1
7,0,1,0,2,5,1,2,0,0,0,1,1,3,1,0,1,3,0,2,1,1,1,1,3,0,0,0,1,2,2,1,0,1,2,0,2,0,1,1,2,2,0,2,3,1,1,1,0,0,1,3,1,3,1,0,0,0,2,1,0,1,0,0,4,1,4,4,2,0,1,2,0,0,1,1,2,1,1,0,2,1,1,2,0,2,0,2,4,1,1,1,2,0,0,2,1,4,1,0
4,8,1,0,2,2,2,1,1,1,2,0,2,3,0,0,1,2,1,1,1,1,5,2,2,0,1,0,2,2,0,3,1,2,0,0,2,1,1,1,3,0,1,1,0,1,0,1,0,2,2,0,1,1,2,1,3,0,0,2,3,1,1,2,1,1,1,2,2,3,2,0,0,2,1,0,1,3,2,1,2,2,2,1,3,2,0,2,4,3,0,0,2,3,0,1,0,2,1,0
10,0,2,1,2,1,2,1,0,3,2,1,1,0,1,0,0,2,4,1,2,5,2,0,2,0,2,2,2,1,1,1,1,3,0,3,1,0,2,1,2,1,0,0,2,2,0,3,1,0,0,0,1,2,3,5,1,1,0,1,3,2,0,1,0,0,2,1,2,4,1,3,3,2,1,0,2,1,2,2,5,1,2,1,2,2,1,3,2,1,3,6,0,0,1,3,2,0,0,2
20,2,2,1,1,2,2,3,1,1,1,1,0,0,0,2,2,1,1,1,1,4,1,1,3,2,3,2,0,1,1,1,2,3,1,2,3,1,2,2,0,2,0,2,0,3,1,1,2,1,0,4,1,1,0,2,0,2,2,2,3,2,3,0,0,3,1,3,1,3,2,0,2,1,2,1,0,0,0,1,1,1,2,1,2,2,0,1,3,2,1,2,0,1,1,1,3,1,1,0
7,3,0,0,0,2,1,2,2,0,3,0,1,3,0,1,2,1,2,0,1,2,1,1,2,1,1,2,0,1,1,0,2,2,1,2,1,1,4,4,4,1,5,2,3,0,2,2,1,4,2,2,1,1,3,1,4,1,2,3,1,3,3,0,0,1,1,3,1,3,1,4,4,1,0,3,1,1,5,2,2,0,2,1,1,1,2,2,2,0,2,1,2,4,1,2,0,0,2,0
5,13,0,0,1,6,3,2,0,3,1,1,2,1,1,2,0,2,1,1,0,1,0,2,1,0,0,1,1,4,3,2,0,3,2,1,1,3,0,2,0,1,1,0,1,2,1,1,2,1,3,3,0,2,2,2,3,3,0,3,0,0,0,3,2,2,0,2,5,0,2,2,1,1,0,1,0,1,1,1,2,1,1,6,1,1,3,1,1,1,2,2,0,3,3,2,1,2,3,3
10,0,2,4,1,0,1,1,0,2,3,0,1,0,2,0,2,0,5,2,2,1,1,1,0,2,2,1,2,1,0,2,0,2,0,3,0,3,3,1,1,1,2,0,2,3,1,1,1,1,1,1,2,1,1,2,2,2,0,0,0,1,2,3,2,1,3,2,0,1,2,0,2,2,1,1,2,2,0,2,2,1,0,0,2,0,0,1,1,1,2,3,2,0,1,1,1,3,2,0
4,0,4,1,2,3,3,0,2,0,2,2,0,1,3,1,0,1,1,1,0,1,0,1,2,2,3,3,1,3,1,3,2,1,1,0,2,1,0,1,2,0,2,2,1,2,0,0,2,0,0,1,3,2,1,2,0,0,1,2,0,3,2,2,0,0,3,0,1,3,1,2,1,0,2,0,3,1,1,3,3,1,3,2,0,1,1,1,3,2,1,0,2,2,1,0,0,1,2,2
0,0,2,2,6,1,2,1,3,0,1,2,1,2,2,1,1,0,0,4,0,0,2,2,0,3,3,5,3,2,1,1,0,4,1,1,0,1,3,3,2,0,3,1,0,0,0,4,0,2,2,2,1,1,5,2,0,0,1,5,2,2,2,2,1,2,1,3,1,1,1,0,1,3,2,4,2,3,1,3,4,1,1,1,1,0,4,0,1,1,1,0,1,2,4,1,4,1,0,2
7,0,3,0,1,2,1,5,0,2,2,1,2,0,0,0,3,2,0,0,3,3,2,2,0,0,1,0,1,2,1,2,1,3,2,3,1,0,2,0,2,0,1,3,4,1,3,2,1,2,3,1,0,2,0,3,0,0,1,2,1,1,1,0,1,1,2,1,0,0,4,4,1,3,2,1,1,0,2,3,1,0,1,2,2,0,2,1,1,2,3,0,1,0,2,0,1,1,4,0
6,0,2,2,4,1,0,3,1,2,2,2,2,1,2,2,1,0,1,6,3,1,1,1,2,1,0,1,3,0,2,1,2,1,1,2,1,0,0,1,3,2,1,1,1,2,1,0,3,1,2,0,1,0,0,1,2,0,1,1,1,0,0,0,1,2,2,2,2,2,1,2,2,2,1,0,1,2,1,1,5,4,1,0,1,1,0,0,1,0,1,0,2,1,1,3,4,2,3,0
7,0,1,3,2,0,0,1,2,3,2,1,2,0,2,1,1,1,0,1,2,3,1,0,1,3,2,2,1,4,2,2,3,0,2,1,3,0,1,1,0,1,4,0,0,5,1,4,2,2,0,0,2,0,1,2,0,1,2,1,1,1,1,0,1,0,1,2,2,0,2,1,1,2,1,1,2,2,1,2,1,2,1,4,2,3,0,2,4,1,1,2,1,2,0,1,3,3,2,2
1,0,3,0,4,5,1,1,0,1,2,2,0,0,1,1,2,2,1,3,1,1,0,1,0,1,0,1,1,0,2,2,2,2,0,1,0,2,1,0,3,0,0,2,2,3,0,4,1,3,2,3,4,1,1,0,1,0,3,0,1,5,1,2,2,2,0,2,4,2,1,1,1,0,0,1,0,1,3,0,2,1,2,2,7,2,1,2,2,1,4,0,4,1,2,3,2,1,2,1
2,0,5,2,1,2,0,2,0,0,3,0,1,2,2,1,2,0,0,1,2,0,1,4,3,2,1,1,1,1,0,1,2,2,2,1,0,1,3,3,1,2,4,3,2,1,0,1,2,0,0,2,0,1,2,2,3,1,1,1,2,1,1,1,2,1,1,1,0,1,0,2,4,1,0,3,0,1,0,2,1,2,3,2,0,1,4,1,1,0,1,4,3,0,2,2,3,0,0,1
1,0,2,2,3,4,2,0,1,0,1,3,2,0,0,1,0,0,0,2,0,1,0,1,0,4,4,0,1,1,0,2,1,2,1,1,1,0,0,0,0,3,2,2,2,1,1,2,3,1,2,1,1,2,1,1,2,0,1,1,3,3,1,3,2,1,2,5,1,1,1,0,2,0,3,0,2,2,1,1,1,1,1,2,1,1,1,2,0,3,1,3,1,1,3,1,2,3,0,3
2,2,3,3,0,1,6,2,2,2,1,0,1,1,0,3,4,3,1,1,2,2,3,2,1,0,1,4,2,2,1,1,1,1,1,1,2,0,1,1,1,0,2,1,2,2,1,1,0,0,2,0,0,2,2,3,2,2,3,1,1,1,1,0,5,2,0,1,2,0,1,1,3,1,2,1,0,1,0,0,3,3,1,1,5,1,3,1,2,4,2,1,5,2,2,0,3,0,1,1
2,0,2,0,4,0,2,0,1,0,2,1,2,2,1,2,2,0,0,1,1,2,1,0,0,2,4,3,3,0,1,2,1,2,1,3,1,2,1,0,1,5,2,2,2,2,2,3,0,0,2,0,0,1,1,1,0,2,2,2,3,0,2,1,0,2,2,0,4,2,3,3,0,0,0,0,1,1,0,1,0,0,0,0,0,0,4,1,4,1,1,0,1,1,2,1,1,1,3,0
1,0,3,2,2,4,1,0,1,0,1,1,5,2,2,4,1,0,2,1,0,4,0,2,1,1,1,1,0,3,2,2,3,3,3,1,1,1,4,0,6,5,0,3,0,0,1,2,0,1,0,0,0,1,3,2,1,0,4,1,2,0,2,3,1,1,0,2,1,2,0,0,1,2,1,0,2,4,3,1,2,1,1,1,4,0,1,2,2,1,0,0,1,1,1,0,3,1,3,2
3,0,2,0,2,2,1,2,2,0,3,3,2,2,2,4,1,1,1,2,1,2,3,3,3,2,1,2,0,0,0,1,2,0,3,1,3,1,0,4,3,0,3,3,1,0,2,1,1,2,0,0,2,0,3,2,2,6,1,2,6,1,0,2,2,3,0,1,4,1,0,0,2,1,5,1,1,4,0,1,2,0,1,1,3,1,1,1,2,0,1,2,2,0,4,1,2,1,2,1
5,0,0,1,0,2,0,1,4,4,3,5,0,3,1,2,0,3,1,1,2,2,4,3,3,2,0,2,1,0,2,1,1,0,3,0,2,2,0,4,0,0,1,2,1,2,1,0,2,2,1,2,0,1,1,1,1,1,1,1,2,0,0,1,2,1,0,1,5,2,3,0,1,1,1,2,3,2,2,0,0,0,0,3,1,1,1,0,2,0,2,2,1,2,2,1,2,1,0,3
0,2,3,0,1,2,0,0,1,0,1,1,1,2,1,1,0,1,1,1,3,1,1,0,1,1,1,2,1,3,3,1,0,1,2,3,2,2,0,2,1,3,3,2,0,1,1,1,2,3,0,1,4,2,0,1,5,1,2,2,0,1,4,3,6,0,0,1,0,3,1,2,2,1,0,3,3,2,1,1,2,3,2,2,2,1,3,1,2,0,0,1,1,3,0,1,0,2,0,1
0,0,2,0,2,3,4,1,2,1,3,2,1,2,2,1,1,2,0,3,1,3,0,4,4,2,2,2,1,1,2,0,2,1,0,2,0,2,0,0,1,1,1,5,2,0,0,3,3,0,3,1,1,0,2,4,4,2,2,4,1,4,1,1,0,1,3,2,1,1,1,1,2,0,0,1,1,1,3,1,1,2,1,1,2,0,0,1,1,2,1,4,1,1,2,1,1,1,1,1
0,2,2,1,1,2,1,1,2,2,2,3,1,4,1,3,2,0,1,0,2,0,2,2,2,1,0,0,1,2,1,5,0,1,0,0,1,2,1,0,0,1,2,5,2,2,2,0,1,0,0,2,2,0,1,0,2,0,1,1,5,1,2,1,2,1,2,3,1,1,2,0,3,0,1,1,2,1,1,2,3,1,2,0,1,1,2,1,1,1,0,0,1,1,1,1,2,2,1,2
3,0,3,0,2,1,3,3,1,0,0,2,0,3,2,0,0,0,0,0,0,2,1,0,1,1,2,2,4,1,4,2,1,1,2,3,2,1,0,1,0,2,0,1,2,1,2,3,1,0,2,0,0,1,2,0,0,3,0,4,2,2,0,0,2,1,3,1,0,0,1,2,1,1,2,2,2,3,2,1,2,4,2,1,0,1,1,1,1,1,1,1,1,3,1,2,0,1,1,1
0,0,2,2,2,1,1,1,2,2,3,1,3,3,1,4,2,3,1,2,2,2,3,3,2,0,3,1,5,4,2,0,2,3,0,0,0,0,1,0,6,2,1,2,3,1,3,0,0,0,3,1,1,0,1,2,3,2,2,1,1,1,0,2,5,3,2,1,1,1,2,3,3,1,1,1,1,0,2,2,5,5,2,2,3,2,2,0,1,3,0,4,2,1,0,0,0,1,1,0
2,0,3,1,0,0,3,1,3,0,2,1,1,1,0,0,2,0,1,0,3,1,0,3,3,3,3,3,0,0,0,3,3,0,1,0,3,2,2,0,1,0,1,2,1,1,0,1,3,3,2,1,2,2,2,3,2,0,3,1,1,2,3,1,0,1,0,1,0,3,0,1,0,1,2,1,0,2,3,0,2,3,1,1,1,0,0,2,0,0,2,0,3,4,0,1,5,1,0,2
0,0,2,3,0,2,2,3,3,0,1,2,1,1,3,0,2,6,0,2,1,1,1,1,1,0,0,1,1,3,0,3,2,0,2,2,0,1,0,1,2,2,1,2,3,0,1,0,1,0,1,0,3,0,2,0,5,3,2,0,5,2,1,3,2,1,2,0,1,0,0,1,3,2,3,1,1,1,0,1,1,1,0,0,1,2,2,1,1,1,1,5,0,0,3,2,1,0,2,3
1,3,2,3,1,0,2,1,2,4,0,0,2,0,3,0,3,0,3,1,1,0,0,1,0,2,2,1,1,0,2,2,2,0,3,3,1,2,1,0,1,1,4,1,2,1,2,0,2,2,1,2,4,0,0,4,4,2,2,1,1,0,0,1,3,1,1,0,4,0,0,2,2,0,2,0,5,3,1,4,1,1,1,0,2,1,2,3,2,2,0,1,0,1,2,4,2,1,3,2
3,0,2,3,1,2,2,3,3,1,3,3,2,3,2,2,2,2,4,0,4,1,2,2,2,1,2,0,1,1,2,4,2,1,1,2,0,3,3,1,1,3,1,2,3,3,1,3,1,0,1,1,2,6,0,2,2,0,0,3,2,1,0,0,1,0,1,1,2,0,2,6,2,0,2,3,2,2,4,5,2,1,1,4,1,1,2,3,1,2,0,3,0,3,3,1,2,0,2,6
1,0,0,1,1,1,1,3,0,3,1,2,1,3,2,1,3,1,2,1,3,2,3,0,0,1,1,1,1,2,0,2,0,1,2,0,2,2,1,0,1,3,1,0,1,0,1,2,2,0,0,0,1,0,1,0,2,1,2,2,2,4,0,0,2,1,1,2,1,4,2,3,2,2,1,0,0,1,3,0,1,1,4,2,2,0,2,1,1,3,0,2,6,0,1,1,1,3,1,2
1,2,3,1,0,4,0,0,2,4,3,3,0,0,0,3,0,0,2,1,0,1,1,2,3,1,2,2,3,4,1,2,1,1,1,3,0,2,0,0,1,5,2,1,3,3,1,3,0,7,2,1,1,0,1,0,2,1,2,0,1,4,0,1,1,2,2,0,1,2,0,1,3,0,1,0,1,0,2,0,0,1,4,2,2,4,2,2,0,2,4,2,2,3,1,1,3,0,3,5
2,0,3,1,2,1,5,2,4,3,0,2,2,2,1,2,2,3,2,1,3,2,0,0,1,3,1,3,1,2,0,2,1,2,3,0,2,2,4,0,1,1,1,3,2,0,2,3,1,1,3,1,2,2,2,2,1,4,1,1,0,1,2,1,0,1,1,3,1,1,0,2,0,4,1,1,0,1,2,2,0,1,3,2,2,2,2,1,2,2,0,1,1,4,3,0,2,1,2,1
1,0,1,0,0,2,0,1,2,1,0,1,4,4,0,1,2,4,3,0,0,2,0,1,1,2,2,1,1,1,1,1,3,2,0,0,1,0,3,2,0,1,2,0,4,0,0,1,0,5,3,1,0,2,1,3,0,2,1,2,0,2,1,1,0,1,1,0,0,1,3,2,2,0,1,2,1,2,1,2,3,0,3,2,2,0,1,2,2,4,3,0,1,1,2,2,0,2,0,1
0,0,1,1,0,1,0,0,0,1,1,1,0,2,0,1,3,0,2,1,2,0,0,1,4,3,2,1,0,3,2,2,2,1,0,1,0,2,4,1,1,0,0,0,1,2,1,4,2,2,1,0,1,6,1,0,0,3,2,2,1,1,2,0,0,1,3,1,3,1,1,4,1,0,0,2,2,0,1,1,1,2,3,3,0,4,0,1,0,1,4,4,2,1,3,0,3,2,2,1
1,1,5,0,1,1,1,2,1,3,1,3,2,3,1,1,0,0,3,0,2,2,3,1,2,2,4,2,1,3,2,2,0,3,0,2,0,3,1,2,2,1,0,0,0,2,3,1,1,1,2,3,3,4,1,1,2,1,2,0,0,0,0,0,0,1,1,2,0,0,0,1,0,1,2,2,2,1,1,3,3,1,1,5,3,1,2,3,3,1,4,1,1,2,1,1,2,1,0,0
8,0,2,1,1,1,1,2,1,2,3,0,0,0,0,2,3,4,1,1,0,2,2,1,3,1,1,1,1,2,1,2,1,2,1,2,2,1,2,4,0,1,0,0,1,1,0,0,0,1,3,0,0,1,3,0,0,1,5,1,4,1,1,1,1,1,1,1,3,1,0,4,1,1,0,0,3,0,1,1,1,4,2,1,1,0,4,0,3,2,0,0,2,0,1,1,2,0,4,2
5,0,2,1,0,1,2,3,3,2,0,1,2,2,1,4,0,3,3,3,1,1,2,2,3,1,3,3,0,1,3,1,1,1,3,2,5,2,1,1,1,0,1,0,5,1,1,1,2,3,1,0,0,3,1,2,1,4,1,0,3,1,3,1,0,0,1,2,2,0,0,2,1,1,0,0,1,0,4,0,4,1,2,2,3,1,1,5,3,1,1,1,1,2,0,1,2,0,2,0
3,0,1,2,3,2,1,2,3,1,2,3,2,1,2,0,0,0,1,3,2,2,0,1,1,3,1,2,2,2,1,1,2,2,2,1,1,1,1,2,0,5,1,2,2,1,2,0,1,2,4,1,4,2,1,1,4,2,1,3,1,1,1,0,2,1,1,4,4,3,5,1,0,0,2,3,4,2,0,3,2,2,3,1,3,1,0,2,2,4,1,2,0,2,1,3,1,1,3,0
1,3,3,1,0,3,0,2,2,1,3,1,1,1,0,2,2,0,2,0,2,1,1,3,3,0,3,0,5,2,4,1,0,0,0,0,0,0,0,2,1,0,3,2,3,2,4,1,0,1,0,2,1,0,2,0,1,0,1,1,0,3,1,0,0,1,0,1,1,1,1,1,0,2,1,1,0,0,2,3,2,2,1,0,1,2,2,2,0,3,0,3,1,0,3,1,1,3,2,3
2,0,1,1,2,3,0,3,2,0,1,2,1,1,1,3,0,1,1,0,0,5,0,2,0,1,2,2,7,1,6,0,1,1,0,0,1,0,0,2,1,2,3,0,1,0,2,2,0,2,1,2,1,2,0,2,2,2,1,2,2,1,1,1,1,1,3,2,3,0,0,0,1,1,2,1,1,1,3,0,3,3,2,2,1,1,3,2,2,2,2,0,1,2,1,3,3,3,0,0
0,1,4,0,3,1,2,2,1,0,0,2,3,4,0,2,0,1,1,3,1,3,1,2,1,2,1,3,2,3,1,0,1,0,0,2,4,0,0,3,2,2,1,3,0,1,0,1,1,1,3,1,1,0,0,2,1,0,2,1,1,0,1,1,3,2,0,0,1,1,1,0,1,1,0,0,4,0,1,0,1,3,0,0,1,1,2,2,0,3,2,1,1,2,0,1,1,1,3,2
5,0,0,1,3,1,2,3,1,2,2,1,4,1,2,0,0,2,0,1,1,0,4,1,0,2,0,1,3,2,3,2,2,1,0,0,1,1,3,1,2,1,0,0,1,0,3,1,3,1,2,0,1,1,2,0,1,2,4,1,3,0,1,2,0,0,1,1,1,2,1,2,0,1,1,3,1,2,1,0,0,4,1,2,1,1,2,1,3,1,2,1,1,5,4,1,2,1,2,0
0,0,2,1,0,2,2,2,0,2,1,2,2,3,0,4,0,2,1,1,3,0,2,1,0,2,0,0,2,0,4,3,2,1,2,0,2,3,3,0,0,0,1,0,1,1,3,3,1,2,1,1,3,1,2,1,3,2,1,2,1,0,4,2,1,0,1,1,2,2,1,3,0,1,3,4,2,2,1,2,0,5,2,1,1,1,3,2,4,2,3,0,1,0,2,0,5,1,1,4
4,0,1,0,0,1,3,0,2,3,2,1,2,3,0,0,3,0,1,2,2,2,1,1,2,1,1,1,0,3,1,2,1,4,2,0,1,1,1,6,1,2,0,0,2,1,0,2,1,0,1,0,1,1,3,2,1,3,3,1,0,0,3,1,1,0,0,0,0,1,2,1,1,2,2,0,1,3,1,3,1,2,1,0,1,1,1,1,3,0,0,1,1,1,0,0,2,0,2,2
1,0,1,2,3,0,3,4,3,0,0,0,2,4,1,1,1,0,2,2,1,0,1,2,1,0,1,2,2,3,1,1,1,4,3,0,1,0,0,1,1,2,4,2,2,2,0,3,3,3,0,1,5,2,1,1,0,1,1,1,1,2,1,0,2,0,0,2,2,4,2,0,2,3,0,1,4,1,1,4,3,0,2,0,1,3,2,2,1,0,1,3,1,0,1,0,1,1,0,2
2,0,2,0,1,0,1,1,2,2,0,2,2,1,3,0,2,0,1,2,1,1,3,2,2,1,0,2,4,0,0,2,2,1,1,1,0,1,1,3,0,1,1,0,0,0,0,0,1,2,3,0,2,1,1,1,0,3,1,1,2,1,3,0,1,4,1,1,0,1,1,2,2,4,1,1,3,3,0,0,1,1,2,0,1,2,0,1,2,1,1,1,0,0,0,1,1,1,1,1
5,0,0,1,2,3,0,2,1,1,1,4,3,1,2,1,3,1,2,1,1,2,2,2,0,2,4,2,3,1,3,2,2,1,2,1,3,1,5,1,3,1,2,3,0,2,1,0,2,2,0,1,2,1,2,2,1,1,1,0,1,0,1,1,0,2,0,2,1,3,1,2,2,0,0,2,2,1,1,2,0,1,4,2,3,2,1,0,1,0,3,1,2,3,2,0,1,0,1,1
1,0,2,1,1,1,3,2,1,4,1,2,2,2,1,2,2,1,2,1,2,4,4,2,3,0,5,1,1,2,4,2,3,4,2,1,1,0,3,2,1,2,2,1,3,2,0,3,0,2,0,1,2,0,1,1,0,2,1,1,1,2,0,2,4,1,1,1,1,5,4,1,3,3,1,1,1,2,1,2,3,1,0,2,0,0,2,1,0,3,3,2,1,0,1,3,3,2,1,1
6,0,1,2,1,1,3,0,2,1,0,3,0,3,4,1,2,1,2,3,2,1,1,1,1,4,1,2,1,0,2,1,1,4,2,5,2,0,4,0,3,2,3,2,2,2,4,1,1,4,2,2,1,0,0,1,4,0,1,3,0,0,0,0,0,1,2,4,3,1,1,4,0,0,1,4,1,1,3,0,2,0,2,1,0,5,0,1,3,2,0,3,2,2,1,2,1,0,0,1
2,3,1,3,0,4,0,0,1,4,3,2,1,0,2,1,1,1,0,2,5,3,1,2,3,2,0,1,3,0,1,3,1,1,0,2,1,2,1,3,1,2,2,2,0,3,4,3,0,1,1,1,3,2,1,2,0,3,3,0,0,2,1,3,2,3,1,0,0,1,2,2,2,4,3,1,0,4,1,0,1,2,1,1,0,2,3,2,3,0,1,0,1,2,2,1,4,0,1,1
4,23,2,1,1,1,2,1,0,0,0,2,1,2,2,4,0,2,3,1,0,2,1,2,0,1,2,0,1,2,0,1,0,1,1,0,4,2,2,2,2,0,2,2,4,1,1,0,2,0,4,1,4,2,3,2,3,1,1,2,0,2,0,3,1,1,1,1,2,2,0,2,2,2,1,1,2,1,1,0,2,1,0,2,0,0,1,3,0,2,1,3,2,2,0,2,1,0,4,1
9,0,1,2,2,4,3,0,2,4,3,3,1,1,2,4,0,1,6,0,0,0,1,1,0,1,2,2,0,1,0,1,1,1,2,3,2,3,1,2,3,4,3,3,2,2,2,2,1,0,1,0,3,4,2,1,1,0,1,2,1,4,3,5,0,2,0,2,0,3,4,1,0,2,4,1,3,2,2,2,0,0,4,1,2,2,1,1,0,1,0,3,2,3,1,4,3,3,0,1
0,4,2,2,0,2,1,4,1,0,1,1,1,3,2,2,1,1,2,1,1,1,1,0,0,1,4,0,1,3,1,2,3,3,2,1,3,1,2,1,1,2,1,1,2,2,1,3,1,5,1,2,1,2,3,1,0,1,1,2,1,0,1,0,0,3,2,0,0,5,4,0,0,1,0,4,0,0,2,1,2,1,1,2,0,1,2,5,0,2,0,3,2,0,2,0,1,2,0,2
5,0,2,3,0,2,3,1,3,0,2,3,0,2,3,3,3,1,2,3,2,0,0,2,1,1,1,0,1,2,0,1,0,2,1,1,2,3,2,1,3,2,2,1,4,2,5,0,3,2,2,3,4,2,1,1,2,2,2,0,3,2,1,0,1,1,3,1,0,0,3,1,0,1,3,2,1,0,1,2,0,3,0,3,1,3,1,1,3,2,1,4,3,4,1,2,0,0,2,2
2,0,2,1,0,1,2,0,1,2,1,1,0,2,1,4,1,5,1,0,2,2,0,3,1,0,1,1,3,1,0,2,0,4,0,2,1,1,5,4,2,1,2,3,0,2,1,2,2,4,1,3,1,0,0,1,1,0,1,0,0,1,2,2,1,5,0,1,1,2,1,3,2,0,1,1,2,1,2,2,1,3,2,0,0,0,0,1,0,1,2,1,1,2,1,1,1,0,1,0
3,0,0,1,0,2,0,2,3,4,2,3,0,1,2,3,1,1,1,0,0,1,0,0,1,2,3,0,1,0,3,3,2,0,2,1,1,2,1,1,3,0,2,1,2,3,3,3,2,3,0,1,1,1,0,2,0,1,1,2,0,1,1,2,0,2,2,0,1,3,3,1,1,3,0,4,1,1,1,1,0,1,0,0,1,2,1,1,2,1,3,1,0,1,4,1,0,2,1,1
0,4,3,1,1,2,1,1,1,1,1,2,1,3,3,0,0,0,2,0,2,2,0,1,1,0,3,0,1,1,0,1,2,3,1,1,1,2,2,5,2,0,4,1,3,2,0,2,1,0,0,2,1,2,1,3,2,0,1,1,0,1,1,2,2,1,1,3,1,1,5,3,2,1,1,3,3,1,2,1,0,1,1,0,1,2,4,0,0,1,1,0,2,0,2,2,2,2,2,1
1,0,0,2,2,0,0,3,1,0,3,1,2,4,1,1,6,2,2,1,2,0,1,1,0,2,1,2,0,1,2,1,1,2,1,1,2,3,2,1,3,2,0,1,3,1,0,2,3,2,2,3,1,1,2,0,1,0,1,3,2,2,2,4,0,3,1,3,2,4,1,2,1,0,0,0,3,2,1,0,1,3,0,0,2,2,5,0,2,1,2,1,1,2,2,5,2,0,1,1
1,2,3,3,2,2,2,3,2,2,1,1,1,3,0,0,1,2,2,2,0,0,5,2,0,2,0,2,3,4,5,1,2,3,1,1,2,4,3,1,0,1,2,0,3,1,1,2,1,3,3,0,0,0,3,1,2,2,2,0,2,0,3,1,3,3,5,2,2,2,0,1,0,3,3,0,0,2,2,3,3,2,3,1,1,3,0,1,1,2,1,1,2,1,1,1,2,0,2,2
9,0,2,1,2,2,1,3,0,2,1,2,3,2,1,1,3,2,1,1,5,2,5,0,2,1,0,2,1,1,1,1,3,4,3,0,3,1,3,1,0,2,5,0,2,2,0,2,1,0,1,1,2,1,4,2,0,0,2,3,5,1,0,2,2,2,0,0,2,2,2,3,2,2,4,1,2,1,1,2,1,3,2,1,0,0,2,1,0,1,1,0,0,1,3,0,1,2,0,0
10,0,3,1,0,2,3,0,0,1,3,1,0,1,2,0,4,3,0,0,1,0,1,1,1,0,3,0,1,1,3,2,1,2,1,2,2,1,2,1,1,0,2,2,2,1,2,0,2,2,1,1,1,0,4,0,0,1,2,2,1,2,1,2,2,2,2,2,2,0,3,3,1,0,0,5,0,0,0,2,2,1,0,0,1,2,4,0,1,2,2,0,1,1,1,0,0,2,0,1
4,4,2,3,1,3,0,1,1,2,4,0,1,4,3,0,2,1,0,0,1,0,1,0,0,2,1,2,1,2,1,3,2,1,1,0,0,1,0,3,1,0,0,3,1,2,0,2,0,1,0,1,2,2,1,0,1,0,0,0,2,1,1,3,1,2,1,2,4,2,3,1,0,2,2,2,0,1,1,2,2,1,3,1,2,0,2,0,2,1,3,1,0,0,1,2,0,1,2,1
2,9,0,0,3,0,4,2,0,0,1,1,2,5,2,1,0,2,2,3,1,1,0,1,4,1,4,1,0,2,1,1,2,3,3,3,2,2,2,2,1,1,2,2,6,3,2,0,1,0,0,2,1,1,3,3,0,2,3,0,2,2,5,3,0,0,1,2,0,1,2,2,0,0,3,2,0,1,3,2,0,4,1,3,1,0,1,2,4,1,2,1,2,0,2,2,1,5,3,3
20,0,2,2,3,1,2,0,1,2,0,1,2,6,2,0,4,2,2,3,1,3,1,2,1,2,2,3,0,1,4,4,4,2,4,2,2,2,3,0,2,3,0,3,1,2,2,1,1,3,1,3,2,1,1,1,2,1,3,4,2,3,2,1,1,0,1,0,1,2,3,1,1,2,2,4,2,0,1,2,2,1,3,0,0,1,1,3,2,2,2,2,0,2,1,2,3,2,2,1
5,0,2,2,0,2,0,2,0,1,3,1,0,1,1,1,1,5,1,3,1,4,3,1,1,0,3,0,1,2,2,1,0,1,0,0,5,1,5,3,1,3,2,1,1,2,1,4,0,3,1,3,3,2,2,2,1,0,4,1,1,3,5,2,0,1,2,1,1,2,2,1,1,1,1,1,1,3,1,4,3,1,1,1,0,0,3,2,1,1,0,2,2,3,2,0,0,3,2,2
3,0,1,2,1,1,2,0,1,2,0,0,1,2,2,3,0,1,0,1,1,2,2,2,0,3,1,2,0,3,3,3,2,0,2,0,2,0,0,0,1,3,0,1,1,2,4,1,2,1,0,0,2,5,2,1,0,2,1,0,0,1,4,5,2,1,2,1,3,3,1,3,0,1,0,3,0,1,1,0,6,3,2,1,0,1,3,2,1,1,0,1,5,1,1,3,1,2,0,0
1,2,1,0,1,3,2,2,0,3,2,0,1,2,0,0,4,1,2,1,1,2,0,1,0,2,0,0,1,3,4,1,1,2,0,1,1,1,2,1,2,1,2,1,0,4,0,2,2,1,2,2,3,4,0,0,2,2,2,0,0,3,0,1,3,3,0,1,1,1,3,3,0,0,4,2,4,2,3,3,1,1,3,0,2,3,1,2,1,1,4,1,0,3,1,2,0,1,0,1
6,2,1,1,1,1,1,1,2,1,0,1,2,1,1,1,1,2,0,1,2,0,3,2,4,3,1,0,0,1,0,4,3,1,0,0,0,4,4,0,2,1,1,1,3,1,2,1,0,3,4,3,0,2,2,1,0,2,0,2,2,3,1,0,4,3,0,1,1,1,1,2,2,1,3,2,2,3,0,1,3,3,2,1,1,1,1,0,0,2,2,2,2,1,3,3,4,3,1,2
13,0,2,2,2,4,0,1,0,2,0,0,2,0,2,3,3,2,2,3,0,1,0,1,2,2,1,0,2,1,1,0,1,2,3,2,2,0,0,3,1,3,2,1,2,0,3,3,1,5,1,3,3,1,0,0,1,3,0,0,1,0,2,1,2,0,2,3,1,2,2,1,3,3,1,1,0,1,2,3,2,3,2,1,3,5,1,2,2,2,1,1,1,2,3,0,0,1,2,4
4,5,3,2,1,2,1,0,2,0,1,2,0,3,3,0,1,2,0,1,1,3,1,3,1,3,1,0,2,0,2,3,1,1,2,1,1,2,2,2,1,2,4,1,4,0,3,2,2,0,2,0,0,2,2,3,1,2,0,3,1,2,3,4,0,1,0,5,1,3,1,0,0,1,5,0,2,0,0,2,3,1,1,0,2,1,3,1,2,2,4,2,2,1,4,2,1,3,3,3
2,0,1,5,0,0,3,0,1,3,0,1,1,3,2,2,0,2,1,3,3,1,5,3,0,2,2,1,2,1,0,3,5,4,0,1,1,2,0,3,2,2,1,0,2,2,0,2,3,2,0,3,4,2,3,4,0,2,2,1,5,3,3,3,4,1,0,5,1,1,1,3,0,3,0,0,1,0,1,4,1,2,2,3,1,1,3,0,0,1,0,1,2,2,2,1,1,1,1,2
1,0,1,1,3,1,1,1,3,3,1,1,1,0,1,0,5,0,3,2,2,1,2,2,0,0,3,1,1,3,2,4,4,2,2,2,1,3,1,1,0,0,2,0,4,0,3,2,5,2,1,2,1,1,1,2,3,3,1,0,3,0,1,3,1,2,2,4,0,2,0,2,1,1,2,1,2,4,1,3,0,0,0,2,4,0,1,2,2,2,3,1,0,1,1,1,2,2,0,1
1,0,2,0,2,1,0,4,0,1,0,0,1,1,2,1,1,1,0,3,0,2,1,3,2,1,5,2,1,2,3,1,1,0,2,0,1,1,3,2,2,0,1,1,0,3,1,0,1,1,1,2,0,0,2,1,3,1,4,3,2,1,3,1,5,1,0,2,1,0,1,3,1,2,1,2,1,3,1,0,3,0,4,0,0,5,6,3,0,3,1,4,2,1,3,3,0,1,1,0
9,1,2,1,2,1,2,3,2,1,0,3,0,0,2,2,1,1,0,1,3,4,0,5,2,0,1,0,1,1,0,2,2,2,1,0,2,2,0,1,1,1,3,2,3,3,1,1,0,1,0,0,1,3,2,2,0,2,2,1,0,1,1,1,2,3,2,0,0,1,1,2,1,1,2,5,0,3,0,4,1,2,1,0,2,1,2,5,3,1,0,0,3,3,1,2,3,1,0,0
14,0,0,1,1,3,2,1,0,0,1,3,0,2,1,0,0,3,3,1,1,0,3,1,1,1,6,0,1,0,1,1,0,1,2,1,2,2,0,4,1,4,2,2,0,0,2,0,1,1,3,0,3,1,3,0,3,1,2,3,2,0,0,1,3,1,2,1,3,4,2,4,0,1,1,4,3,2,0,2,1,1,1,1,2,3,1,2,3,0,1,2,4,0,2,1,2,0,3,3
0,0,2,4,2,5,2,3,1,1,1,2,2,3,1,1,2,2,2,0,0,1,1,1,2,3,2,3,3,3,3,5,1,1,4,3,0,1,0,0,2,1,1,0,3,1,0,2,5,1,2,2,1,1,2,2,2,2,1,2,2,1,4,2,0,2,2,1,1,2,1,1,6,2,1,1,1,0,0,2,3,0,0,3,1,1,2,2,2,2,2,1,1,2,1,3,1,0,1,1
0,0,1,2,0,1,0,2,1,2,1,0,1,2,2,1,4,0,2,3,3,2,2,4,2,0,2,2,1,1,2,3,3,0,1,3,2,1,3,1,2,1,1,3,1,3,3,0,0,5,1,0,1,3,0,2,4,0,1,0,1,1,1,3,1,2,0,3,0,1,0,2,3,4,0,2,1,2,0,0,0,2,0,0,3,4,2,2,3,2,0,1,2,1,1,2,0,0,0,3
0,10,2,1,1,3,0,0,4,0,3,3,4,1,2,2,2,3,1,3,2,1,1,2,0,0,1,1,0,1,2,2,0,5,2,1,1,3,0,1,4,0,0,4,0,0,1,3,1,0,2,3,1,1,0,3,1,1,0,1,0,0,0,1,2,3,1,1,1,0,0,3,1,3,4,2,2,1,0,1,0,3,1,0,0,1,1,3,2,0,2,2,0,2,1,3,1,0,2,3
7,1,3,2,0,0,0,0,2,4,1,1,2,1,1,1,3,2,3,2,1,3,0,1,1,0,3,1,0,2,2,1,1,0,1,2,3,0,1,3,2,1,3,0,2,0,0,1,1,0,1,1,3,3,1,0,3,2,1,1,0,0,2,3,0,3,1,2,2,0,2,1,1,2,0,0,4,3,3,1,2,1,1,2,2,2,3,3,1,1,2,0,3,0,0,2,4,2,1,5
2,7,1,2,1,3,3,5,2,2,3,3,6,2,0,1,2,3,2,1,1,1,1,1,1,3,4,0,4,1,1,1,2,1,1,3,1,4,0,0,2,1,1,4,1,4,4,1,4,1,3,0,0,1,4,2,1,1,1,1,1,1,2,0,4,0,2,0,0,1,2,1,1,2,0,2,2,2,0,5,1,0,1,2,1,1,0,2,0,2,1,0,2,1,2,2,2,0,4,1
5,7,3,0,0,2,2,0,3,3,1,1,2,3,4,1,5,3,1,2,1,1,0,1,1,0,2,3,0,1,2,0,0,2,2,0,2,3,2,2,4,4,0,3,1,4,2,1,1,1,0,1,0,1,2,1,1,0,1,0,2,2,2,3,2,0,1,1,0,3,0,0,1,2,1,3,3,2,0,2,1,1,4,4,5,0,3,2,0,1,2,4,0,0,1,2,1,2,0,0
5,0,2,0,2,0,0,0,0,5,2,3,0,3,1,1,2,5,1,0,0,1,1,1,1,0,1,0,2,2,2,2,0,3,2,1,1,0,3,0,2,3,0,0,1,1,0,2,3,0,0,4,1,1,2,2,1,3,2,2,2,0,3,1,2,2,2,0,2,2,0,1,1,1,1,0,1,0,1,0,1,2,0,1,1,4,1,1,1,0,6,0,0,0,0,0,1,3,4,1
10,0,1,0,2,2,2,0,1,1,4,3,0,3,1,2,3,0,2,2,0,2,4,1,0,1,0,1,1,2,1,3,0,2,3,1,3,1,1,1,4,1,2,1,1,2,2,1,1,0,0,1,0,2,3,3,0,1,1,2,0,2,1,3,3,0,3,2,1,1,2,2,3,1,1,3,3,1,2,1,1,3,0,1,1,1,0,0,2,0,2,1,1,0,3,1,1,1,1,2
11,0,1,0,1,2,2,1,2,3,1,1,0,4,3,3,1,4,1,1,1,1,1,3,1,3,1,2,1,1,2,2,1,1,1,2,0,1,3,2,1,1,0,1,0,2,0,1,2,0,1,4,0,1,1,0,1,0,1,0,0,0,1,0,1,2,1,2,3,1,1,2,1,0,1,2,4,2,2,1,0,0,2,1,1,4,1,2,3,0,0,2,1,4,2,0,1,2,2,1
3,0,1,2,2,3,0,2,1,1,1,3,3,2,1,0,2,2,0,2,0,2,2,0,1,1,1,0,2,1,1,2,0,2,2,0,2,1,0,2,0,2,0,2,3,0,3,3,1,3,2,0,2,1,4,3,3,1,0,2,2,1,2,2,0,1,3,0,2,0,4,1,1,0,1,2,3,0,1,1,1,2,0,0,2,1,2,2,2,1,3,3,4,0,0,0,2,0,1,3
1,0,1,0,2,0,2,5,2,1,0,0,0,1,1,2,0,0,1,4,2,0,2,1,2,1,3,2,1,2,1,3,0,1,0,0,0,1,0,3,2,3,2,1,4,1,2,2,2,2,1,2,1,3,1,3,1,0,0,2,1,2,3,2,2,3,2,1,4,2,1,0,2,2,0,1,1,1,1,0,1,2,4,0,1,3,7,2,2,1,1,1,0,0,3,1,2,1,1,0
6,0,2,2,1,3,0,1,2,2,3,2,1,1,3,1,3,0,1,2,1,2,1,2,1,3,0,5,2,5,0,1,2,1,1,4,1,1,1,1,1,0,1,2,1,1,2,0,0,1,2,2,3,3,0,2,2,0,1,1,2,1,2,2,1,2,3,0,1,3,0,0,2,1,2,1,1,1,1,3,1,2,1,0,2,0,2,4,0,0,0,1,2,0,1,2,1,1,4,0
0,0,2,1,0,2,2,4,0,2,0,0,1,3,0,0,1,0,3,1,0,2,0,2,2,3,3,4,2,0,4,0,3,0,2,3,2,1,1,3,2,1,1,0,0,2,0,2,2,0,3,4,1,6,4,2,0,1,0,0,3,1,2,4,1,1,2,0,2,2,0,2,1,1,3,2,1,0,1,1,2,0,0,0,0,4,2,0,4,1,1,1,2,2,0,0,0,0,0,0
2,0,2,2,1,0,2,1,0,0,0,5,0,0,0,0,1,1,4,3,2,1,2,0,2,3,1,2,2,2,3,0,3,1,1,2,2,0,0,0,3,1,1,2,1,2,2,1,2,1,1,2,2,3,0,0,0,1,2,0,1,2,0,1,0,0,3,2,1,4,2,2,1,0,4,2,1,0,1,0,1,4,2,1,0,0,1,1,3,3,1,2,2,1,2,0,1,3,1,3
1,1,1,0,0,0,1,1,1,1,4,1,1,3,2,2,1,3,2,2,1,0,5,0,4,5,2,1,3,5,0,0,1,0,2,0,0,1,4,1,1,1,2,1,0,1,5,2,1,1,1,2,1,2,2,3,1,2,5,0,2,1,0,2,1,2,1,2,2,2,3,0,3,1,1,0,1,1,1,1,3,3,3,1,3,3,4,2,2,1,0,0,1,2,5,2,1,3,1,3
2,0,2,1,2,0,1,1,0,0,1,1,0,0,2,3,0,0,2,7,2,2,1,3,4,5,1,0,2,0,3,3,1,2,1,1,2,0,4,1,3,2,0,4,1,1,3,1,0,0,5,1,3,2,2,4,2,3,0,0,5,3,0,3,4,2,3,2,2,1,2,2,1,0,1,0,0,1,2,1,1,0,0,0,2,5,3,1,1,2,1,0,2,3,1,5,1,4,0,3
0,0,1,4,2,0,1,3,1,2,2,0,1,1,0,2,2,2,1,4,0,0,1,2,1,2,1,1,3,0,2,3,0,1,3,3,0,2,1,2,5,2,1,4,2,2,4,3,1,1,3,1,2,2,1,2,0,1,1,0,0,1,2,2,1,1,2,1,2,3,2,0,0,3,3,1,0,0,2,2,2,2,1,1,0,1,5,1,3,3,1,1,3,2,2,5,3,4,1,2
4,2,0,0,1,1,1,2,0,1,2,0,4,2,2,1,1,1,1,1,2,4,2,2,2,2,3,3,0,3,3,0,2,0,0,6,2,1,1,2,1,1,3,1,2,3,1,1,2,1,2,0,3,0,2,0,1,3,1,1,1,0,2,3,4,2,2,0,1,2,1,0,1,1,3,5,4,1,3,3,1,2,1,3,0,0,1,4,0,0,1,1,2,0,3,3,1,2,1,0
6,0,2,1,2,1,2,0,2,3,0,1,0,0,3,5,2,0,1,2,1,2,3,1,0,1,2,1,1,1,1,1,1,1,1,3,1,1,1,0,1,0,0,1,1,1,0,0,1,0,2,2,2,2,2,0,3,0,1,3,1,1,1,0,1,2,0,3,0,2,1,2,1,1,2,1,1,1,1,1,5,0,0,2,0,0,0,1,2,4,1,1,0,0,3,4,1,2,2,4
3,0,1,1,0,0,1,1,1,2,0,2,0,1,2,2,1,0,0,1,2,1,1,2,2,0,0,2,1,1,2,1,2,3,3,0,1,1,1,0,2,1,1,0,4,0,1,1,4,1,2,1,1,2,0,1,2,1,2,0,0,1,1,2,1,2,4,2,4,2,3,1,2,3,2,2,3,1,2,2,0,1,3,2,2,1,2,4,0,3,2,1,3,1,5,0,1,2,1,2
2,0,1,4,2,1,3,4,1,4,3,2,1,3,2,1,2,1,0,5,2,1,2,2,1,0,3,2,0,0,2,4,1,1,0,1,0,1,2,4,2,1,4,2,1,0,4,2,0,2,3,1,2,0,1,2,1,2,0,3,0,1,2,1,1,1,0,1,1,0,3,0,3,2,0,0,1,2,2,2,0,2,1,4,4,1,2,0,1,2,0,3,3,0,3,3,0,1,2,2
0,2,1,1,1,1,0,3,2,0,1,2,3,1,1,0,1,0,0,1,1,4,0,2,1,0,1,3,1,2,0,1,1,0,1,2,2,1,2,3,2,1,1,2,2,0,0,1,1,0,1,3,1,2,2,2,2,0,2,3,1,2,1,1,2,1,0,2,1,1,3,3,1,4,1,3,2,0,3,0,0,3,2,1,2,3,1,0,3,4,4,2,1,2,1,1,1,0,2,2
9,4,1,2,2,2,0,2,2,1,3,2,0,1,2,1,2,1,1,2,0,3,1,3,0,1,1,1,3,4,0,0,2,0,4,1,3,3,0,3,2,1,2,2,1,1,0,1,4,0,1,3,2,1,2,0,1,0,2,2,3,0,1,3,6,1,0,2,1,2,3,3,1,2,1,2,1,1,3,2,2,3,1,1,2,1,2,1,1,0,1,2,3,3,2,1,1,1,1,0
2,9,1,1,1,0,3,1,2,2,0,1,4,2,3,1,3,3,2,0,1,1,2,0,1,0,1,2,2,0,1,0,1,2,1,1,0,2,1,2,3,2,1,2,2,4,1,2,0,0,6,1,2,1,4,1,2,1,1,2,0,1,1,3,2,1,2,3,0,2,0,0,1,0,2,2,5,2,0,0,0,0,1,1,2,0,1,2,1,3,4,1,0,2,1,1,1,3,1,1
22,0,4,5,0,2,0,0,2,2,1,1,4,1,2,3,1,0,0,1,2,3,2,1,1,0,4,2,0,3,2,1,1,1,2,1,2,0,4,1,4,1,0,1,0,3,3,2,2,2,2,2,0,1,3,1,1,0,1,1,3,0,1,2,1,3,2,2,2,2,2,1,1,1,0,2,0,1,2,1,1,1,1,1,3,1,1,3,3,2,0,0,1,2,1,2,1,1,1,1
4,0,0,0,5,2,0,1,1,1,2,1,0,0,1,2,0,1,2,0,2,0,1,1,3,4,3,0,1,3,3,2,1,1,1,1,1,3,0,0,2,1,2,1,1,3,3,2,2,1,1,1,2,1,1,1,1,0,0,1,2,1,0,2,2,4,1,0,1,1,0,1,2,1,2,1,2,0,1,1,0,0,5,1,1,4,3,1,0,1,3,0,3,0,1,1,1,2,2,2
4,0,1,1,2,3,1,0,1,0,0,2,0,1,2,3,2,1,1,3,3,2,0,2,0,3,0,1,3,1,1,0,2,1,3,3,1,1,3,4,0,2,0,1,1,0,3,2,3,2,1,1,1,2,1,1,1,3,0,0,2,4,2,0,0,3,1,1,4,1,1,0,1,2,2,3,1,4,1,3,1,3,1,1,2,1,0,1,2,0,0,1,3,1,3,2,2,2,1,4
6,2,1,2,3,0,3,0,1,2,2,1,1,1,3,1,2,1,4,0,0,3,1,3,3,0,0,1,2,2,1,1,0,1,3,0,1,1,2,3,1,2,1,3,0,2,1,0,1,2,3,0,2,0,2,2,1,4,2,2,1,2,2,0,1,3,3,1,0,2,2,2,3,2,2,1,3,0,0,3,0,4,1,1,0,3,2,1,1,1,0,0,2,1,1,3,2,4,0,4
17,5,0,1,0,2,1,1,1,4,1,5,3,2,2,3,2,3,0,2,1,2,0,2,1,3,2,4,2,1,1,2,1,2,1,0,1,2,3,0,2,0,1,1,2,0,0,3,0,3,3,2,2,1,2,1,0,2,3,1,3,0,0,1,2,2,0,1,1,0,0,2,0,0,2,3,3,2,1,0,1,2,4,1,3,2,0,4,3,2,5,3,1,2,2,0,4,0,0,2
7,0,1,2,0,1,0,1,2,1,1,3,1,2,2,0,0,2,0,1,1,0,2,1,0,4,0,1,2,1,2,2,2,2,0,2,1,1,0,2,3,0,4,0,1,1,0,1,2,1,0,1,1,1,3,1,0,2,1,1,3,2,1,1,1,0,1,2,1,0,3,2,0,1,4,3,6,0,2,0,3,3,0,0,2,2,2,1,0,0,5,2,0,2,0,3,2,1,0,5
1,7,2,2,0,4,1,0,4,2,2,1,2,4,3,1,1,0,1,4,2,2,1,2,2,0,1,3,2,6,2,2,1,2,1,0,1,1,1,1,2,1,2,3,4,1,4,1,1,1,0,0,1,1,4,1,3,2,1,2,0,7,1,2,4,0,4,1,1,1,0,2,1,1,3,0,1,1,1,4,0,3,2,2,1,1,2,0,1,0,4,0,0,2,1,1,4,1,1,1
4,0,0,3,4,2,0,2,1,0,1,3,0,2,1,3,4,2,0,1,2,1,2,4,1,1,3,2,1,1,0,1,1,2,1,2,1,3,2,3,3,0,1,2,3,1,0,2,0,1,4,3,3,2,2,2,0,5,2,1,0,1,5,0,4,1,1,3,1,0,0,3,0,2,0,0,1,2,0,4,3,2,1,2,1,2,0,2,2,2,1,1,2,3,1,1,3,1,3,3
0,5,2,1,2,1,2,3,1,2,3,2,1,1,2,0,0,1,1,2,2,2,0,2,4,0,1,2,4,2,2,4,1,2,1,2,1,1,1,4,0,3,1,1,3,0,3,0,2,0,1,4,2,2,2,0,2,3,5,3,2,1,2,2,2,0,0,1,0,2,1,1,0,0,0,4,0,0,1,4,3,1,4,4,3,0,1,4,1,0,4,2,2,2,0,1,2,0,0,1
3,0,3,0,1,0,0,3,0,0,4,0,4,2,2,5,3,2,2,1,0,2,4,0,2,3,1,5,0,3,0,3,2,1,2,3,0,4,4,2,1,1,0,0,3,2,2,0,3,2,1,4,4,0,2,1,1,2,2,1,1,3,2,2,2,0,3,1,4,1,2,1,1,1,0,0,2,1,0,2,1,1,1,2,0,2,1,4,0,1,5,1,0,2,1,2,1,3,1,3
3,1,1,1,1,4,3,0,1,2,0,2,2,3,1,2,1,2,1,0,0,0,3,2,1,2,3,1,2,1,0,1,2,2,3,1,3,2,0,2,0,1,2,0,2,0,3,2,4,1,2,1,1,1,2,2,1,1,0,2,0,2,2,1,1,0,2,2,1,2,0,2,1,2,2,0,1,1,1,3,0,1,2,3,4,3,4,3,2,2,0,2,0,3,0,0,3,2,4,0
2,0,0,1,2,2,4,2,2,0,0,1,0,1,1,2,0,2,4,0,4,0,1,1,0,1,3,0,0,3,0,0,0,0,2,1,2,2,0,0,0,3,1,4,1,0,2,1,2,1,1,1,1,4,1,1,3,2,1,1,1,2,0,0,3,2,3,0,0,0,1,3,1,2,1,3,1,1,0,2,3,2,3,1,3,0,2,3,1,2,3,3,5,0,0,2,2,1,2,2
0,2,4,1,2,0,2,0,2,1,0,1,3,0,1,2,1,2,2,1,4,0,2,1,0,2,0,1,3,1,1,3,1,0,0,2,2,2,2,0,2,1,2,3,1,2,0,2,0,1,2,2,1,2,1,1,1,1,4,3,0,0,3,3,0,2,1,1,1,1,0,6,0,1,0,2,0,0,1,3,2,4,1,2,0,2,1,0,3,2,1,0,1,3,2,1,0,2,2,1
8,0,2,2,3,2,2,2,0,1,3,3,3,0,0,3,1,2,2,0,0,0,1,0,2,0,5,2,1,2,2,3,2,0,1,1,1,4,2,3,1,6,1,0,4,1,4,3,3,1,2,1,0,0,2,0,2,1,1,0,1,2,3,2,6,1,2,2,3,2,0,3,0,1,0,2,0,2,3,2,1,0,1,0,1,1,3,0,0,0,2,1,1,1,4,1,4,0,1,1
6,0,1,0,1,0,3,1,4,1,2,2,1,1,0,0,1,1,2,3,5,1,1,2,2,1,0,2,1,1,1,2,1,3,0,2,2,2,4,2,2,0,2,2,1,0,0,4,0,3,0,2,0,1,1,0,1,0,0,2,1,1,0,2,1,0,2,2,1,2,2,1,1,1,1,1,3,1,1,1,1,1,1,0,2,3,3,2,1,2,0,3,3,3,1,3,1,2,1,3
9,0,0,4,2,1,0,0,2,2,2,1,3,1,4,4,5,2,4,1,2,3,1,2,3,2,1,3,1,1,2,0,0,3,0,3,3,2,0,1,1,1,0,0,2,2,3,0,2,3,3,0,2,1,3,0,2,3,0,4,3,1,3,1,1,3,2,4,0,0,2,1,2,2,0,2,0,2,0,3,2,2,0,1,1,0,2,2,1,1,2,4,2,2,4,0,1,0,0,4
1,0,2,1,0,1,5,0,3,1,2,4,3,0,3,4,0,5,1,4,1,1,2,2,0,2,3,0,1,0,0,2,1,3,1,3,1,1,3,1,1,1,0,1,0,0,4,1,3,3,4,0,1,3,2,3,1,2,0,0,1,1,1,0,1,3,1,1,5,4,1,1,1,3,0,1,1,1,2,1,0,0,1,2,1,0,2,0,0,0,1,1,1,4,1,1,1,2,1,1
0,1,1,2,2,3,1,1,3,2,1,4,1,2,1,3,0,2,4,1,3,0,3,2,1,3,2,2,1,1,0,2,2,0,1,1,3,1,1,0,1,1,0,2,1,0,1,1,2,1,0,1,1,2,0,0,2,2,1,0,2,2,2,1,3,3,2,2,1,2,1,1,2,1,1,0,0,2,4,0,0,2,2,0,3,1,0,1,1,5,2,2,1,5,2,4,0,2,2,2
0,0,2,0,1,2,4,4,1,0,2,2,2,1,3,1,2,0,1,0,1,2,2,2,2,1,3,3,2,2,3,1,0,1,2,4,1,3,1,3,2,2,0,1,3,2,3,1,3,0,2,3,1,1,3,0,2,2,3,5,1,0,4,4,3,1,3,2,2,0,1,2,1,4,1,2,4,0,1,1,1,5,1,2,1,4,0,1,2,2,0,4,1,1,0,0,0,1,0,5
1,0,1,3,2,6,0,0,1,2,1,2,1,1,0,2,2,1,3,1,0,4,2,0,1,3,2,1,0,1,1,3,2,1,1,5,4,2,4,1,1,2,0,1,2,1,0,1,1,0,1,2,0,0,0,4,2,1,3,2,2,0,0,3,2,2,2,2,3,0,3,1,3,1,1,1,1,5,0,0,3,1,2,2,2,1,0,2,2,2,0,1,1,0,0,3,0,2,1,2
2,4,0,0,2,1,2,0,1,0,1,2,2,1,3,0,1,2,0,0,1,2,2,0,2,0,1,5,2,1,0,2,2,4,2,0,2,2,3,1,2,2,4,4,2,1,1,3,1,2,2,5,2,3,1,1,0,7,1,2,2,1,0,2,1,1,3,1,1,2,3,3,2,1,0,1,2,2,2,1,2,1,1,1,0,1,1,1,2,0,1,0,1,0,2,0,0,1,0,2
4,0,1,0,2,0,1,1,2,1,4,0,2,0,3,2,1,2,2,3,3,2,1,0,3,1,2,0,0,0,3,3,2,3,3,1,2,2,0,2,0,2,1,1,1,4,1,1,0,3,4,1,0,0,1,3,2,1,2,2,1,0,5,1,2,4,1,1,1,4,1,0,4,3,0,0,2,1,0,2,3,1,1,6,2,4,2,2,1,3,1,3,0,0,4,4,0,2,2,3
3,0,0,3,0,1,2,3,3,2,2,1,3,0,1,2,1,1,4,3,0,2,2,0,3,6,0,2,2,6,1,3,1,3,0,0,0,1,0,1,3,1,1,1,3,1,1,1,0,4,3,3,3,2,2,0,1,0,2,0,1,2,3,0,1,1,3,3,0,2,2,0,1,3,1,0,0,2,2,2,2,3,0,3,2,0,3,0,2,2,0,0,2,4,0,4,0,3,2,3
2,8,0,5,3,0,1,2,3,2,0,0,2,0,1,1,1,3,1,0,3,4,4,1,0,2,3,0,5,4,2,2,4,2,2,0,0,1,2,2,1,3,2,5,0,0,0,2,0,1,0,3,2,1,2,1,0,2,4,2,3,1,0,2,0,2,3,0,2,0,1,3,1,1,2,2,1,0,3,2,2,2,1,1,2,2,6,3,0,0,1,2,0,1,0,1,1,1,5,0
2,4,3,2,2,5,2,1,1,1,0,3,3,0,0,2,2,1,0,1,0,0,0,3,2,0,1,0,2,3,0,2,2,2,2,0,3,1,2,1,1,1,0,1,2,0,1,0,2,2,0,1,2,1,4,1,0,1,1,1,1,1,3,1,1,2,1,2,0,1,2,1,1,0,0,2,5,2,4,0,0,3,0,3,0,0,0,2,0,3,1,0,2,1,1,0,2,2,2,1
1,0,0,2,3,0,0,2,1,3,0,1,1,1,1,0,0,2,0,1,0,1,1,0,3,2,1,0,2,2,3,0,0,2,1,0,1,2,0,1,1,0,0,2,1,0,2,0,1,1,2,1,1,0,2,1,3,0,1,1,4,0,0,0,2,0,3,4,2,0,2,2,4,1,1,3,2,2,2,1,3,1,0,1,3,4,0,2,2,1,2,4,2,1,0,0,2,2,2,1
8,0,1,0,3,2,1,6,1,2,1,1,1,4,3,2,2,4,3,1,5,2,1,1,2,2,5,0,0,0,2,3,2,0,3,2,1,1,0,2,2,4,1,3,3,2,1,2,3,3,1,0,1,0,1,2,2,1,1,1,1,1,1,3,3,2,1,0,3,1,1,2,1,1,0,2,2,4,1,2,0,0,1,1,1,1,0,2,1,2,1,2,4,1,1,0,1,1,0,1
9,0,5,2,0,4,1,2,1,2,1,2,1,2,3,3,0,1,1,3,1,1,1,4,3,1,2,2,2,2,2,1,3,1,2,2,1,0,0,1,1,3,3,1,2,0,1,1,0,1,1,2,0,1,1,1,0,1,0,4,0,2,1,0,2,3,2,1,1,0,2,0,2,4,1,1,1,2,0,3,0,1,0,2,0,2,0,4,2,2,2,3,4,1,2,1,1,1,0,5
0,0,1,1,3,3,1,2,1,0,2,2,2,2,0,0,3,0,0,2,2,4,0,0,1,1,2,2,2,2,1,0,0,1,3,0,3,2,1,0,3,1,0,0,0,3,2,4,1,1,1,1,2,1,2,4,2,3,1,0,3,4,1,3,2,2,0,0,2,2,2,2,2,1,0,2,3,2,2,1,0,0,3,2,0,2,3,2,3,2,0,1,2,0,1,3,1,2,3,2
5,0,1,3,3,1,1,3,1,2,3,3,3,3,1,1,1,1,1,4,2,1,2,1,2,2,1,3,1,1,2,2,3,0,1,1,1,4,0,2,2,1,1,1,3,1,2,1,1,1,1,0,0,0,1,2,2,1,1,2,3,1,3,0,1,3,2,2,0,0,3,0,1,2,3,0,1,1,1,3,0,2,1,0,0,2,4,1,4,0,0,1,3,0,0,0,0,1,4,4
0,0,1,0,3,5,1,1,1,2,2,1,2,0,3,2,1,1,0,1,3,3,1,1,1,0,2,1,0,1,1,1,3,2,1,2,0,2,1,0,2,1,1,0,1,1,1,1,3,3,1,4,1,3,7,1,3,1,4,2,0,2,1,2,2,2,1,2,2,1,1,2,1,2,2,1,2,2,3,2,0,2,1,3,2,1,0,1,2,3,0,0,1,1,3,2,0,2,0,4
0,3,2,5,3,1,1,2,0,0,0,2,3,0,1,0,2,1,1,0,2,1,3,2,1,3,3,0,1,3,0,2,4,4,1,2,1,1,1,5,0,1,0,2,1,2,2,1,0,1,4,2,0,2,0,3,2,0,2,2,0,0,2,1,1,1,1,2,0,1,1,0,0,1,2,1,1,2,0,4,1,2,4,2,1,2,2,1,3,2,6,1,2,0,2,3,1,1,1,2
2,0,2,2,0,1,0,2,3,3,2,1,2,1,0,1,3,0,0,1,2,3,1,1,1,1,1,0,0,2,1,0,0,1,2,4,2,0,0,1,0,2,0,0,2,4,1,3,0,0,1,1,2,1,1,1,1,1,1,1,4,1,1,2,2,1,1,1,0,1,3,3,1,2,1,3,2,3,1,1,1,3,2,4,4,2,2,3,1,0,0,2,2,1,1,0,0,1,0,3
3,0,1,4,2,2,0,0,2,1,4,1,0,3,1,0,3,1,0,2,1,1,1,0,2,3,2,3,1,3,0,3,0,1,2,3,2,1,2,3,1,0,3,2,1,1,0,2,2,1,3,1,1,3,0,1,1,2,0,0,0,4,3,1,3,2,2,1,2,0,2,2,0,0,1,1,0,2,1,1,0,2,3,0,0,2,0,1,0,3,1,2,2,0,1,1,4,2,1,1
0,0,1,3,1,0,1,0,0,4,2,1,2,1,1,1,0,1,0,3,0,1,1,0,3,2,1,2,4,1,0,1,1,1,0,0,2,2,2,1,1,2,4,0,0,4,3,2,1,1,0,1,2,2,1,2,0,1,0,1,5,0,0,2,2,3,0,3,3,3,0,1,0,0,3,0,1,1,3,2,0,4,1,1,3,1,1,0,0,0,1,1,1,2,2,1,2,0,1,1
1,0,0,1,1,0,3,3,1,2,0,0,2,2,1,0,1,3,1,0,1,0,3,1,4,0,0,3,3,0,1,1,3,1,2,2,1,1,0,1,2,1,1,0,2,2,0,1,0,3,2,1,4,4,2,2,1,4,0,2,1,1,1,2,2,2,1,1,2,1,0,3,1,4,2,2,1,4,1,2,1,3,2,3,2,0,4,1,1,0,1,2,1,1,4,0,2,1,2,2
3,3,1,0,1,2,1,0,3,1,1,1,1,1,0,0,1,2,2,3,1,1,4,1,3,0,0,3,0,1,1,0,1,1,2,3,2,2,3,4,2,4,0,1,1,1,1,4,2,3,2,2,3,1,1,0,4,3,2,0,2,0,2,0,2,0,1,1,2,0,2,2,2,2,1,1,1,2,1,1,2,0,1,4,1,0,0,1,2,0,2,0,3,0,1,0,1,1,0,0
0,0,2,1,2,1,0,0,0,3,1,2,1,1,3,2,1,1,2,1,0,1,1,1,0,2,2,2,3,2,1,6,0,3,4,2,2,2,0,2,1,2,1,2,1,2,1,0,0,0,0,3,2,0,1,1,3,1,1,2,1,1,2,0,1,1,1,1,2,2,2,1,3,1,1,4,2,1,1,2,2,0,0,1,3,1,3,0,4,2,1,0,2,5,3,3,1,2,2,1
3,1,4,2,0,1,2,0,1,1,0,1,1,2,1,0,0,1,2,2,1,3,0,3,1,2,3,1,4,0,2,1,1,3,2,0,2,0,3,2,2,2,2,1,1,1,2,2,1,0,1,2,3,0,2,2,4,1,1,2,0,4,1,2,2,2,0,4,1,3,3,0,3,1,0,0,2,2,3,2,2,5,0,0,1,1,1,2,1,2,1,1,2,2,2,1,1,0,2,3
3,0,4,2,2,1,2,1,5,1,3,0,3,1,1,2,1,2,2,0,1,0,2,0,1,1,3,0,1,3,0,1,0,4,1,1,0,2,2,2,2,0,2,5,4,2,0,0,0,4,1,2,1,2,1,1,2,0,1,5,1,0,2,0,3,0,1,2,4,2,2,1,1,1,1,2,0,3,3,0,2,3,0,2,1,2,2,2,4,2,1,2,1,1,1,2,3,2,2,4
10,0,3,1,1,0,2,1,0,1,4,3,2,1,1,3,3,2,2,2,2,0,0,0,3,2,2,1,0,2,0,1,0,4,1,0,1,5,1,4,1,2,1,0,1,4,2,2,1,0,2,0,4,5,0,1,0,4,0,0,1,2,0,2,3,3,1,3,1,2,0,1,1,1,2,2,1,3,0,0,2,0,1,1,1,2,1,1,1,1,2,2,0,2,1,3,0,0,3,0
13,0,1,3,1,0,2,1,1,0,0,1,2,1,2,2,3,2,2,2,1,0,1,1,2,1,1,1,1,0,1,1,3,1,2,3,2,1,1,3,0,2,1,2,1,3,4,1,0,1,1,2,1,0,2,3,0,2,2,0,1,2,3,2,1,0,0,1,3,2,0,0,2,0,0,0,3,1,1,1,3,0,0,1,2,1,1,1,1,1,1,2,2,1,1,1,3,1,0,0
7,0,4,2,0,1,0,0,2,3,3,1,0,1,4,2,2,0,1,1,2,2,1,0,2,4,2,1,1,1,2,2,1,3,2,2,3,4,1,0,2,2,0,1,2,0,1,1,1,0,2,2,0,2,3,0,2,0,3,2,0,1,1,1,2,3,0,0,2,0,2,3,1,1,4,1,1,3,1,0,0,2,0,0,0,1,0,3,2,0,0,2,1,2,1,1,1,1,1,1
7,0,2,1,3,1,3,2,6,0,0,1,1,2,2,0,4,5,3,1,3,2,3,1,0,3,3,2,2,4,2,1,0,0,1,0,1,4,2,2,2,1,3,1,1,3,1,4,0,2,1,2,3,2,3,0,1,1,1,3,3,1,0,1,2,2,2,2,3,0,1,0,1,3,1,2,0,1,1,1,0,1,3,1,3,1,1,1,1,3,2,2,1,2,2,2,1,2,1,2
0,0,2,1,0,1,1,1,0,1,0,0,3,1,2,1,1,2,2,1,0,4,4,0,0,0,1,3,1,2,1,0,1,1,1,2,0,1,2,1,1,0,1,3,2,6,4,0,3,2,0,1,1,3,2,3,4,0,4,4,0,3,1,0,1,1,5,0,2,4,3,2,1,1,1,2,1,2,3,0,1,0,3,1,0,5,0,3,1,3,1,2,2,1,0,1,0,1,1,1
2,0,0,2,3,2,1,0,1,2,2,1,2,4,2,3,2,2,2,0,0,0,0,2,2,2,1,2,6,2,3,5,1,0,1,2,2,3,1,1,4,0,1,0,4,2,0,2,1,2,1,1,0,0,2,0,1,4,1,1,1,0,1,2,3,1,0,2,2,2,1,1,2,1,2,0,2,2,2,2,2,2,1,1,1,1,1,3,2,2,3,2,3,0,2,0,1,0,1,3
2,6,3,1,1,0,1,1,3,1,0,2,0,0,1,0,1,3,3,0,2,4,2,3,1,1,0,2,1,2,2,2,1,1,1,0,2,0,1,2,1,2,1,1,0,2,1,2,0,1,4,3,2,2,1,3,1,4,1,0,1,1,1,1,0,3,1,2,1,0,2,1,2,4,0,2,1,1,2,2,1,0,1,2,1,1,1,1,4,1,1,1,1,3,1,1,2,4,2,2
5,0,1,2,0,0,1,0,5,1,3,0,3,0,2,2,5,1,2,2,3,2,1,2,3,0,0,1,1,1,2,0,2,6,3,1,2,2,2,2,2,0,1,2,1,1,4,0,0,1,3,2,3,1,5,2,0,0,3,2,0,1,1,0,2,2,1,1,1,2,1,5,1,1,5,0,1,2,0,1,2,2,0,3,1,2,1,3,2,0,2,0,2,2,2,2,1,1,2,1
2,0,3,0,3,1,5,1,1,3,1,2,1,0,1,2,2,1,1,2,1,2,1,4,2,0,0,1,2,1,0,0,4,1,0,1,1,0,1,2,3,2,2,2,0,1,0,3,3,1,2,2,4,1,5,0,1,1,1,0,3,0,2,2,0,2,3,1,0,3,2,1,1,2,2,4,1,2,0,3,1,4,0,2,2,0,0,3,0,4,4,1,1,2,3,1,2,4,3,0
17,1,0,4,4,1,4,0,0,2,0,1,1,0,3,3,1,3,0,1,1,4,4,2,2,1,3,2,1,1,1,1,0,2,2,2,1,2,2,1,2,0,1,1,2,3,2,2,2,0,2,1,0,2,1,1,1,0,0,3,3,2,1,2,1,1,0,1,2,3,3,1,4,2,0,1,2,1,2,1,2,0,1,0,2,1,4,0,3,2,2,1,4,1,0,2,1,2,0,1
11,0,1,1,4,0,3,0,4,1,1,1,2,2,3,0,1,1,3,2,1,2,1,0,1,1,2,3,3,0,2,3,1,2,2,1,1,0,1,3,0,4,1,5,3,1,1,1,1,2,1,1,2,2,1,0,2,2,2,0,3,2,2,2,1,4,0,2,1,0,0,1,1,3,3,1,0,0,3,1,0,2,0,2,0,1,0,3,0,2,2,1,0,0,2,5,3,2,1,2
2,1,2,2,0,0,0,0,1,0,1,0,2,2,0,0,1,0,0,0,0,1,0,0,2,1,0,1,0,0,2,5,0,1,1,1,1,3,0,3,1,2,4,0,3,4,3,1,3,3,3,2,2,2,3,3,0,2,3,0,1,3,2,0,1,0,0,1,2,0,2,2,2,0,0,1,1,3,0,4,1,3,1,2,1,1,1,2,3,1,3,2,1,2,0,1,1,1,1,2
3,5,2,1,1,1,1,3,0,7,2,1,1,2,1,1,1,0,0,1,1,2,2,0,3,1,2,2,0,1,3,1,0,2,2,3,0,1,3,3,3,0,1,3,1,3,1,3,2,0,2,1,0,1,1,3,2,0,0,3,1,4,1,3,0,2,0,0,0,2,1,3,1,0,0,2,0,2,2,2,2,0,0,1,0,0,3,3,4,2,2,4,1,1,2,3,1,0,2,2
2,1,0,1,0,1,2,2,3,5,1,0,3,2,2,1,2,3,3,1,0,3,1,0,1,2,3,0,2,0,2,4,1,1,1,2,1,3,1,2,0,4,1,1,2,1,3,1,0,0,0,1,2,0,0,1,1,2,0,2,1,1,1,3,1,2,0,1,4,3,3,1,1,0,2,2,1,2,2,1,0,0,0,0,3,2,3,1,0,3,2,1,1,2,1,2,2,2,3,3
3,2,1,1,2,2,3,2,2,0,0,2,2,2,0,0,2,1,0,1,1,1,1,2,3,1,0,2,0,1,0,1,3,4,1,0,1,2,0,1,0,1,2,1,0,1,1,5,4,1,3,3,0,2,1,4,1,1,0,1,1,2,4,3,2,1,1,2,1,0,0,2,1,0,0,1,1,0,1,4,1,1,0,3,0,2,0,3,1,2,1,0,1,1,1,1,3,0,1,3
8,0,2,2,4,1,0,1,0,2,3,3,1,1,0,3,3,0,2,2,0,0,0,2,3,0,0,0,6,0,0,2,0,1,2,1,0,0,1,2,0,1,2,3,1,2,2,2,0,0,2,3,2,0,1,2,1,1,1,7,2,1,1,1,1,1,1,0,2,2,1,1,1,2,1,0,1,1,2,2,5,0,1,1,1,1,1,1,1,1,0,1,0,2,1,2,0,1,2,1
2,0,0,4,4,0,1,1,1,1,0,3,3,0,1,2,1,1,1,0,2,1,2,1,2,1,2,3,0,1,0,3,0,3,1,3,1,1,2,1,1,2,2,0,2,1,3,1,1,1,2,4,2,0,2,1,3,0,2,4,2,2,0,0,1,2,2,0,1,1,0,0,2,1,1,0,5,0,0,3,2,1,1,1,1,2,1,1,1,1,0,0,2,2,1,1,1,0,1,1
1,0,2,3,1,1,1,3,2,1,0,4,0,2,2,1,0,3,0,2,1,3,0,0,5,1,0,0,0,2,1,4,2,2,1,1,3,0,1,2,2,1,0,1,4,2,1,3,1,2,0,4,4,2,1,2,3,5,2,1,0,3,2,1,1,0,0,1,2,5,0,1,0,2,0,4,1,1,3,2,4,3,1,2,3,1,0,2,1,1,2,0,1,2,1,0,1,2,0,1
0,1,5,0,0,0,1,4,3,2,0,2,2,3,2,2,2,2,1,2,2,1,2,1,0,1,2,0,4,1,4,1,0,0,3,0,2,2,2,2,3,3,1,0,2,4,4,1,0,3,1,1,1,1,1,2,1,1,1,3,4,0,0,3,1,0,2,2,4,2,1,3,2,1,2,1,1,1,4,1,1,1,1,2,2,3,1,3,1,5,3,1,1,1,3,2,1,1,0,1
8,0,0,2,1,0,3,2,1,1,0,0,1,2,1,3,0,3,1,2,1,0,2,1,1,1,1,4,0,3,2,0,2,2,0,1,0,1,1,0,0,1,3,1,3,2,1,1,4,1,4,2,0,3,2,0,0,0,3,1,1,1,2,1,1,3,0,1,2,0,1,3,0,0,4,2,1,2,1,2,2,1,1,6,0,3,3,2,2,2,1,1,2,3,1,1,2,0,1,1
9,0,0,1,1,1,2,1,2,0,1,4,0,0,1,2,1,1,2,0,0,2,3,0,0,2,2,1,2,1,2,0,2,1,1,1,1,2,2,0,2,1,2,1,1,3,0,1,1,1,1,0,2,1,0,3,0,0,2,2,0,0,2,0,0,1,2,1,3,2,2,0,0,1,2,0,1,0,1,0,2,2,1,0,0,0,1,1,2,1,1,2,1,5,2,0,2,2,0,0
5,0,2,1,3,2,1,2,2,0,0,0,3,2,3,1,2,3,2,1,5,1,1,3,1,1,5,1,1,4,2,1,2,2,1,2,2,1,2,1,2,0,3,2,1,2,1,2,3,0,1,3,0,2,2,2,2,3,1,2,0,1,3,0,0,1,1,1,1,0,1,1,2,1,1,1,1,2,2,1,2,0,2,2,0,2,3,1,1,2,3,0,2,1,3,1,0,4,1,2
2,0,1,1,0,2,2,2,2,2,0,1,2,3,1,0,1,1,0,1,1,0,0,2,1,2,2,0,3,2,2,1,2,1,0,0,1,1,3,0,1,3,2,2,0,1,2,0,2,1,2,3,4,1,2,2,2,2,1,1,1,1,1,0,1,4,0,1,3,1,3,2,1,5,3,2,0,2,1,2,3,2,1,0,5,0,3,3,2,0,1,0,1,1,5,0,0,0,1,0
1,0,2,5,1,0,2,0,2,2,2,0,2,0,4,2,0,2,2,2,3,0,0,3,1,6,1,3,1,0,0,1,1,2,1,0,1,2,2,2,3,1,2,1,0,3,1,6,1,0,0,3,4,4,0,1,0,4,0,3,0,1,1,1,3,1,3,0,2,1,0,0,2,1,3,0,1,0,2,1,1,0,1,1,2,1,0,1,3,3,1,1,2,2,1,1,4,0,1,2
1,0,2,0,2,2,0,2,3,3,2,0,3,3,5,1,1,0,2,1,2,3,3,1,0,0,1,3,1,2,1,1,2,1,2,1,3,1,2,3,1,1,2,0,0,3,4,2,0,3,1,1,0,0,1,4,2,1,3,2,1,1,1,3,0,1,4,3,2,2,1,1,2,1,0,4,0,1,3,2,3,2,1,1,0,4,1,3,2,2,0,0,0,1,2,0,0,0,0,1
4,0,0,3,1,2,0,1,1,1,0,2,0,2,0,2,0,1,0,0,2,1,1,1,1,1,0,3,4,2,2,3,1,0,1,3,1,1,0,2,0,1,1,1,1,0,1,5,4,0,0,0,2,0,3,2,2,1,2,2,1,2,4,3,0,1,2,1,1,0,1,0,2,1,1,2,1,1,0,2,1,0,1,2,0,2,1,1,1,3,4,3,0,0,2,0,1,1,0,0
0,2,0,0,0,4,1,2,0,1,3,1,0,3,1,0,2,2,3,1,2,2,1,2,3,2,1,3,3,0,0,3,4,2,1,1,2,0,1,1,2,2,2,1,0,1,0,3,3,2,3,1,1,0,0,3,4,4,1,2,1,1,1,3,1,4,4,0,2,2,2,1,4,0,3,0,4,1,0,3,1,1,2,3,4,1,3,4,2,0,3,1,1,2,2,1,2,2,0,1
0,5,1,4,2,3,2,0,2,0,0,2,1,3,1,1,3,2,1,0,3,1,4,2,1,1,1,0,1,1,2,2,3,0,2,3,0,0,0,2,2,1,1,2,1,1,3,0,2,2,1,3,1,1,1,4,1,3,1,0,3,0,0,2,7,3,0,1,1,2,0,0,1,2,1,3,1,0,1,1,3,1,4,2,0,1,3,1,3,2,1,3,1,0,1,4,2,1,0,1
8,0,1,3,2,1,2,2,0,3,1,1,3,1,1,0,1,3,0,1,0,0,2,1,0,3,1,2,1,1,4,2,0,2,1,0,4,3,1,0,0,0,2,1,0,2,1,4,2,1,2,0,1,0,2,0,2,2,3,0,0,1,0,2,1,2,2,2,0,2,2,0,3,2,3,0,2,1,1,0,0,1,0,0,5,5,5,6,3,1,0,1,0,3,2,1,1,1,0,2
2,0,0,1,2,1,2,2,2,2,1,3,1,2,3,4,1,2,1,1,3,3,2,2,1,2,1,0,1,2,3,1,1,1,1,0,1,1,1,3,3,1,4,0,2,3,2,1,0,1,0,1,3,2,3,1,0,3,3,3,0,1,1,0,0,1,2,3,0,1,2,0,0,5,1,1,1,2,1,0,3,0,2,2,0,2,1,1,1,3,3,1,1,2,2,0,2,1,1,2
0,2,1,3,1,2,2,2,1,1,0,0,1,2,3,3,3,1,0,2,4,3,3,1,1,1,0,1,4,1,2,3,0,2,2,4,4,2,2,0,3,0,1,2,0,3,2,1,1,1,3,3,1,2,3,1,0,1,0,0,1,0,1,3,1,0,2,2,0,3,1,0,0,1,1,1,1,2,4,5,1,1,2,1,1,2,3,2,1,1,2,4,2,1,2,1,1,1,1,0
2,1,2,2,1,1,1,1,3,0,4,4,0,1,1,0,3,1,1,1,3,0,0,2,0,1,1,1,1,2,0,3,1,2,2,0,2,5,1,4,3,1,0,2,1,1,3,2,5,2,1,2,1,1,2,0,5,1,1,0,4,1,1,2,4,1,0,2,0,1,1,1,1,3,1,1,2,2,0,1,1,2,1,1,0,1,1,0,1,1,1,1,1,2,2,0,5,2,2,2
0,0,2,2,3,2,1,1,0,2,1,0,1,2,1,1,2,2,1,0,4,2,2,3,0,2,1,1,2,4,1,0,1,2,1,1,3,0,2,0,3,2,3,1,1,2,1,3,0,1,1,0,2,1,6,2,1,1,1,0,2,2,0,0,3,1,0,1,3,0,3,2,0,1,2,0,1,0,1,2,3,2,3,1,1,0,4,2,1,3,2,3,3,2,3,1,0,0,2,0
0,0,1,2,1,1,2,1,2,1,0,0,4,3,0,3,1,4,2,1,2,0,1,0,2,2,2,4,7,1,0,2,1,2,1,1,2,1,2,2,0,0,1,0,1,1,1,3,0,0,0,1,3,0,2,1,1,2,1,2,0,2,2,0,1,3,0,2,1,2,2,1,2,2,4,1,0,3,3,2,0,3,1,4,4,3,2,0,1,2,2,3,1,3,1,1,2,1,7,1
3,0,1,2,0,2,1,3,2,1,1,2,1,0,3,2,1,0,1,0,1,3,3,0,3,1,4,4,1,3,0,1,4,1,3,1,1,0,0,4,1,1,1,2,0,4,1,0,1,1,3,2,3,4,3,4,2,2,1,5,1,2,1,2,0,0,0,4,2,1,0,2,2,1,4,0,3,3,2,0,1,3,2,0,4,0,1,5,1,2,3,0,0,1,2,3,2,2,2,0
0,0,5,0,1,2,2,2,1,1,1,2,3,1,2,3,0,1,1,1,1,2,0,2,1,1,1,2,2,0,2,1,2,0,1,2,3,2,2,1,0,1,0,1,2,1,2,2,4,2,0,2,3,0,0,0,3,1,2,0,2,1,1,4,0,0,3,1,1,3,0,1,3,3,0,2,0,1,1,0,0,3,4,0,0,1,0,1,2,1,1,0,1,1,2,1,1,1,1,4
3,0,2,1,0,2,3,1,2,1,1,2,1,1,3,1,1,3,2,2,0,1,1,1,1,0,1,2,1,1,1,2,0,2,0,0,1,0,1,2,2,2,2,0,4,1,0,3,0,3,1,2,2,0,0,0,1,3,2,3,0,1,3,1,2,1,1,2,1,2,1,2,0,2,1,1,0,3,1,1,1,2,1,1,3,1,0,2,2,2,2,2,1,0,0,1,2,3,0,1
1,1,1,1,1,3,0,2,2,1,3,3,0,3,2,3,5,1,0,2,2,3,1,1,0,3,0,2,2,2,1,3,1,3,2,1,1,3,0,0,2,2,1,0,2,2,1,1,4,0,0,1,1,0,1,1,0,1,1,1,0,2,2,1,1,0,1,0,4,1,2,0,1,1,2,1,0,0,1,1,2,0,0,1,1,0,2,3,0,2,0,0,0,3,3,3,4,1,2,0
5,0,0,1,0,1,2,0,1,0,3,1,1,0,1,3,2,3,1,1,2,0,1,1,3,1,3,0,2,2,1,0,2,2,1,1,2,2,4,3,1,3,0,3,1,1,0,2,2,4,1,1,0,6,1,2,2,1,1,2,1,2,0,2,2,1,0,0,5,3,2,0,2,0,4,1,4,1,0,4,1,3,3,2,3,0,1,0,3,0,0,5,1,2,2,1,4,4,1,3
2,0,3,1,0,3,2,1,3,2,1,1,3,1,0,2,5,2,3,0,2,2,1,5,2,0,1,1,1,0,1,4,1,0,1,2,1,3,3,1,0,0,2,1,2,2,1,1,5,4,0,0,1,2,0,1,1,2,4,0,1,2,1,1,3,1,4,3,3,2,2,2,2,0,2,2,1,3,0,1,0,1,1,0,1,3,2,2,2,3,0,0,1,1,2,0,0,3,2,1
2,1,3,4,1,1,5,1,1,4,0,0,0,5,0,1,3,1,0,0,2,2,1,1,2,0,3,3,1,4,1,1,0,3,1,3,1,1,2,1,1,0,1,5,1,1,3,1,2,2,4,3,1,2,2,2,0,2,1,2,2,1,2,0,2,1,2,1,1,1,0,2,2,1,1,2,1,2,0,1,0,2,1,2,3,2,0,2,0,1,1,0,0,1,0,1,1,5,1,2
3,2,2,1,1,1,1,0,1,2,3,0,3,1,2,0,2,2,2,1,1,3,5,0,0,2,2,3,0,1,1,0,0,0,3,4,1,2,2,2,1,1,1,1,1,0,1,0,2,1,3,3,2,2,0,0,3,1,0,3,1,2,1,5,2,0,0,0,2,2,1,2,1,1,1,1,0,1,2,3,0,2,4,2,0,1,1,3,1,1,4,2,0,0,0,5,3,2,0,2
2,0,0,3,1,1,1,0,1,3,4,3,2,3,2,0,1,0,2,3,1,0,1,0,2,1,2,2,2,0,0,1,1,2,0,2,4,2,0,0,0,1,0,1,2,1,3,2,1,0,3,1,4,0,0,1,1,0,2,2,1,5,0,2,1,4,3,0,0,2,0,1,1,2,1,3,1,1,2,2,0,1,3,1,2,3,2,3,2,1,2,2,0,1,2,3,3,0,3,0
0,4,0,1,1,5,1,2,1,1,4,3,0,5,0,2,5,3,1,2,2,0,2,1,1,1,0,2,5,0,1,2,2,0,3,2,1,4,3,5,1,0,1,3,1,3,0,3,3,1,0,2,1,2,3,2,3,0,4,0,0,2,2,2,1,1,2,2,2,1,1,3,1,1,0,2,1,0,3,1,2,1,0,0,1,2,3,1,3,3,4,1,4,1,1,0,0,2,1,0
